date,159915.SZ,510300.SH,510500.SH,510880.SH,511260.SH,511880.SH,512000.SH,512010.SH,512480.SH,512660.SH,516160.SH,518880.SH,588000.SH
2019-01-02,1.178,3.017,4.409,2.539,106.08,100.116,0.681,1.278,,0.619,,2.837,
2019-01-03,1.164,3.017,4.398,2.532,106.257,100.179,0.696,1.243,,0.634,,2.868,
2019-01-04,1.195,3.094,4.518,2.566,106.119,100.261,0.747,1.281,,0.646,,2.853,
2019-01-07,1.214,3.107,4.596,2.591,106.007,100.319,0.745,1.287,,0.671,,2.841,
2019-01-08,1.211,3.107,4.586,2.596,106.092,100.27,0.745,1.291,,0.661,,2.828,
2019-01-09,1.21,3.13,4.583,2.608,106.172,100.205,0.748,1.309,,0.657,,2.817,
2019-01-10,1.207,3.133,4.591,2.6,106.191,100.204,0.736,1.298,,0.653,,2.823,
2019-01-11,1.209,3.156,4.615,2.611,106.184,100.222,0.744,1.298,,0.665,,2.805,
2019-01-14,1.195,3.129,4.591,2.613,106.144,100.232,0.741,1.27,,0.658,,2.807,
2019-01-15,1.216,3.188,4.655,2.631,106.1,100.235,0.76,1.31,,0.664,,2.801,
2019-01-16,1.214,3.129,4.647,2.535,106.352,100.245,0.753,1.33,,0.659,,2.803,
2019-01-17,1.198,3.112,4.61,2.528,106.539,100.246,0.744,1.323,,0.651,,2.81,
2019-01-18,1.216,3.166,4.659,2.56,106.44,100.255,0.754,1.366,,0.656,,2.811,
2019-01-21,1.222,3.183,4.676,2.571,106.3,100.265,0.749,1.365,,0.66,,2.8,
2019-01-22,1.201,3.143,4.608,2.546,106.319,100.278,0.738,1.341,,0.65,,2.799,
2019-01-23,1.197,3.135,4.613,2.549,106.221,100.295,0.736,1.34,,0.651,,2.802,
2019-01-24,1.211,3.159,4.645,2.558,106.263,100.298,0.749,1.35,,0.659,,2.8,
2019-01-25,1.214,3.183,4.622,2.566,106.113,100.317,0.748,1.35,,0.655,,2.797,
2019-01-28,1.208,3.179,4.606,2.567,106.109,100.32,0.743,1.323,,0.652,,2.823,
2019-01-29,1.192,3.193,4.545,2.578,106.181,100.346,0.737,1.334,,0.64,,2.833,
2019-01-30,1.183,3.172,4.512,2.569,106.269,100.34,0.728,1.323,,0.641,,2.842,
2019-01-31,1.178,3.202,4.483,2.585,106.351,100.359,0.737,1.328,,0.636,,2.837,
2019-02-01,1.221,3.255,4.618,2.607,106.456,100.456,0.756,1.378,,0.65,,2.852,
2019-02-11,1.264,3.3,4.718,2.622,106.641,100.446,0.769,1.404,,0.663,,2.84,
2019-02-12,1.278,3.324,4.743,2.641,106.72,100.451,0.774,1.443,,0.669,,2.851,
2019-02-13,1.301,3.393,4.83,2.672,106.779,100.458,0.801,1.464,,0.683,,2.847,
2019-02-14,1.304,3.397,4.85,2.677,106.651,100.469,0.799,1.466,,0.684,,2.843,
2019-02-15,1.302,3.341,4.816,2.638,106.779,100.482,0.782,1.444,,0.678,,2.861,
2019-02-18,1.357,3.438,5.006,2.698,106.676,100.487,0.827,1.5,,0.706,,2.876,
2019-02-19,1.346,3.429,4.984,2.694,106.587,100.507,0.834,1.495,,0.716,,2.878,
2019-02-20,1.348,3.438,4.974,2.697,106.475,100.515,0.836,1.467,,0.711,,2.898,
2019-02-21,1.355,3.434,4.979,2.679,106.401,100.521,0.843,1.455,,0.703,,2.88,
2019-02-22,1.406,3.526,5.136,2.707,106.234,100.524,0.927,1.475,,0.719,,2.86,
2019-02-25,1.492,3.775,5.479,2.825,106.114,100.51,1.02,1.534,,0.765,,2.858,
2019-02-26,1.479,3.69,5.406,2.808,105.8,100.522,0.998,1.543,,0.75,,2.856,
2019-02-27,1.458,3.67,5.363,2.806,106.0,100.568,0.989,1.531,,0.762,,2.853,
2019-02-28,1.47,3.663,5.368,2.807,106.01,100.622,0.956,1.564,,0.759,,2.833,
2019-03-01,1.5,3.738,5.432,2.835,105.96,100.671,0.987,1.577,,0.763,,2.826,
2019-03-04,1.556,3.777,5.506,2.869,105.947,100.617,0.995,1.6,,0.774,,2.784,
2019-03-05,1.615,3.809,5.666,2.884,105.84,100.607,0.995,1.598,,0.791,,2.77,
2019-03-06,1.635,3.835,5.777,2.919,105.833,100.62,1.051,1.603,,0.797,,2.784,
2019-03-07,1.621,3.793,5.824,2.91,106.176,100.639,1.104,1.575,,0.789,,2.773,
2019-03-08,1.584,3.661,5.632,2.793,106.236,100.649,0.995,1.547,,0.767,,2.799,
2019-03-11,1.658,3.71,5.838,2.83,106.232,100.655,1.01,1.6,,0.795,,2.808,
2019-03-12,1.696,3.735,5.933,2.858,106.317,100.657,1.02,1.606,,0.825,,2.808,
2019-03-13,1.618,3.713,5.793,2.837,106.373,100.699,1.002,1.599,,0.805,,2.82,
2019-03-14,1.583,3.686,5.658,2.805,106.357,100.699,0.968,1.588,,0.783,,2.815,
2019-03-15,1.589,3.735,5.72,2.832,106.394,100.703,0.981,1.607,,0.782,,2.811,
2019-03-18,1.634,3.85,5.903,2.907,106.347,100.701,1.005,1.68,,0.797,,2.807,
2019-03-19,1.633,3.822,5.892,2.904,106.401,100.708,0.994,1.656,,0.808,,2.823,
2019-03-20,1.613,3.822,5.893,2.902,106.489,100.717,1.008,1.65,,0.796,,2.819,
2019-03-21,1.627,3.824,5.958,2.917,106.486,100.733,1.022,1.651,,0.801,,2.839,
2019-03-22,1.621,3.829,6.022,2.919,106.66,100.754,1.011,1.67,,0.805,,2.833,
2019-03-25,1.598,3.734,5.935,2.876,106.889,100.781,0.973,1.632,,0.841,,2.849,
2019-03-26,1.556,3.695,5.757,2.83,107.128,100.79,0.943,1.603,,0.8,,2.85,
2019-03-27,1.568,3.727,5.828,2.875,107.09,100.785,0.948,1.657,,0.79,,2.848,
2019-03-28,1.556,3.717,5.746,2.862,106.99,100.765,0.94,1.661,,0.787,,2.842,
2019-03-29,1.624,3.869,5.942,2.919,106.88,100.782,1.02,1.71,,0.819,,2.788,
2019-04-01,1.694,3.969,6.177,2.996,106.782,100.791,1.035,1.75,,0.86,,2.788,
2019-04-02,1.682,3.962,6.172,2.994,106.429,100.819,1.031,1.732,,0.86,,2.792,
2019-04-03,1.7,4.015,6.244,3.026,106.02,100.849,1.084,1.736,,0.867,,2.797,
2019-04-04,1.701,4.062,6.301,3.061,105.725,100.907,1.085,1.736,,0.869,,2.798,
2019-04-08,1.665,4.036,6.23,3.076,105.5,100.922,1.059,1.718,,0.852,,2.81,
2019-04-09,1.667,4.06,6.257,3.069,105.533,100.911,1.059,1.749,,0.849,,2.811,
2019-04-10,1.654,4.066,6.242,3.062,105.351,100.882,1.044,1.779,,0.846,,2.825,
2019-04-11,1.619,3.996,6.136,3.035,105.565,100.888,1.023,1.732,,0.828,,2.828,
2019-04-12,1.624,3.982,6.12,3.011,105.42,100.901,1.027,1.718,,0.826,,2.8,
2019-04-15,1.596,3.957,6.039,3.005,104.86,100.914,1.005,1.697,,0.824,,2.785,
2019-04-16,1.629,4.077,6.182,3.045,104.62,100.897,1.031,1.725,,0.836,,2.785,
2019-04-17,1.642,4.067,6.193,3.049,104.895,100.915,1.023,1.722,,0.837,,2.769,
2019-04-18,1.629,4.06,6.172,3.025,104.801,100.925,1.015,1.711,,0.845,,2.751,
2019-04-19,1.645,4.12,6.225,3.032,104.911,100.938,1.027,1.721,,0.842,,2.762,
2019-04-22,1.624,4.017,6.123,2.972,104.707,100.96,1.004,1.7,,0.833,,2.772,
2019-04-23,1.61,4.01,6.008,2.945,104.539,100.969,1.009,1.699,,0.805,,2.757,
2019-04-24,1.646,4.016,6.067,2.966,104.45,100.973,1.017,1.704,,0.811,,2.754,
2019-04-25,1.598,3.933,5.851,2.899,104.529,100.971,0.989,1.686,,0.777,,2.767,
2019-04-26,1.589,3.879,5.797,2.865,104.645,100.986,0.995,1.653,,0.775,,2.773,
2019-04-29,1.549,3.894,5.654,2.847,104.49,100.979,0.952,1.686,,0.752,,2.769,
2019-04-30,1.553,3.896,5.672,2.874,104.796,101.033,0.957,1.693,,0.759,,2.777,
2019-05-06,1.424,3.673,5.254,2.741,105.09,101.06,0.864,1.596,,0.701,,2.793,
2019-05-07,1.438,3.707,5.3,2.771,105.128,101.073,0.877,1.635,,0.709,,2.787,
2019-05-08,1.419,3.659,5.277,2.741,105.212,101.078,0.866,1.616,,0.713,,2.804,
2019-05-09,1.409,3.607,5.239,2.7,105.35,101.088,0.854,1.568,,0.715,,2.806,
2019-05-10,1.465,3.72,5.416,2.76,105.53,101.093,0.892,1.612,,0.747,,2.808,
2019-05-13,1.441,3.652,5.337,2.722,105.949,101.108,0.873,1.604,,0.739,,2.826,
2019-05-14,1.431,3.634,5.316,2.706,105.81,101.115,0.862,1.589,,0.733,,2.858,
2019-05-15,1.462,3.712,5.422,2.747,105.804,101.12,0.876,1.634,,0.741,,2.844,
2019-05-16,1.468,3.73,5.471,2.76,105.87,101.12,0.879,1.643,,0.751,,2.858,
2019-05-17,1.416,3.646,5.3,2.704,105.994,101.15,0.843,1.605,,0.728,,2.854,
2019-05-20,1.407,3.606,5.26,2.691,106.006,101.148,0.85,1.576,,0.742,,2.835,
2019-05-21,1.43,3.651,5.348,2.718,105.786,101.161,0.862,1.595,,0.751,,2.834,
2019-05-22,1.427,3.642,5.331,2.715,105.699,101.163,0.853,1.59,,0.747,,2.834,
2019-05-23,1.392,3.584,5.228,2.687,105.721,101.166,0.851,1.56,,0.738,,2.841,
2019-05-24,1.384,3.59,5.199,2.687,105.651,101.183,0.852,1.552,,0.719,,2.856,
2019-05-27,1.428,3.633,5.312,2.714,105.32,101.192,0.876,1.568,,0.745,,2.858,
2019-05-28,1.432,3.65,5.301,2.715,105.543,101.204,0.872,1.58,,0.742,,2.854,
2019-05-29,1.432,3.652,5.303,2.718,105.72,101.204,0.873,1.579,,0.745,,2.861,
2019-05-30,1.422,3.65,5.287,2.718,105.826,101.22,0.861,1.567,,0.739,,2.847,
2019-05-31,1.425,3.632,5.261,2.713,105.917,101.237,0.855,1.575,,0.739,,2.878,
2019-06-03,1.411,3.64,5.22,2.701,106.114,101.244,0.856,1.577,,0.732,,2.914,
2019-06-04,1.4,3.607,5.15,2.691,106.324,101.256,0.853,1.547,,0.717,,2.944,
2019-06-05,1.393,3.599,5.132,2.702,106.473,101.259,0.86,1.493,,0.713,,2.963,
2019-06-06,1.363,3.568,5.017,2.675,106.496,101.28,0.851,1.472,,0.698,,2.962,
2019-06-10,1.376,3.614,5.07,2.699,106.401,101.291,0.841,1.493,,0.704,,2.953,
2019-06-11,1.43,3.727,5.28,2.759,106.161,101.291,0.884,1.535,,0.726,,2.937,
2019-06-12,1.412,3.699,5.224,2.741,106.14,101.303,0.875,1.526,1.013,0.717,,2.972,
2019-06-13,1.422,3.692,5.241,2.732,106.275,101.311,0.881,1.533,0.999,0.717,,2.977,
2019-06-14,1.397,3.67,5.162,2.708,106.44,101.333,0.864,1.53,0.966,0.713,,3.022,
2019-06-17,1.39,3.673,5.16,2.716,106.512,101.339,0.87,1.538,0.954,0.706,,2.983,
2019-06-18,1.4,3.681,5.148,2.719,106.41,101.345,0.868,1.546,0.945,0.7,,3.004,
2019-06-19,1.417,3.735,5.214,2.738,106.353,101.333,0.886,1.57,0.976,0.713,,2.989,
2019-06-20,1.442,3.843,5.323,2.786,106.402,101.334,0.94,1.6,0.991,0.727,,3.054,
2019-06-21,1.473,3.85,5.392,2.792,106.401,101.361,0.952,1.611,1.007,0.74,,3.079,
2019-06-24,1.46,3.856,5.391,2.794,106.37,101.373,0.95,1.613,1.01,0.737,,3.101,
2019-06-25,1.442,3.817,5.338,2.769,106.444,101.389,0.952,1.611,0.99,0.733,,3.166,
2019-06-26,1.448,3.818,5.337,2.775,106.392,101.395,0.932,1.628,1.001,0.744,,3.108,
2019-06-27,1.469,3.86,5.383,2.797,106.35,101.391,0.947,1.643,1.025,0.747,,3.1,
2019-06-28,1.457,3.859,5.332,2.786,106.436,101.413,0.943,1.635,1.003,0.738,,3.109,
2019-07-01,1.511,3.954,5.479,2.826,106.501,101.408,0.964,1.682,1.048,0.756,,3.034,
2019-07-02,1.511,3.96,5.46,2.839,106.595,101.435,0.954,1.712,1.032,0.763,,3.066,
2019-07-03,1.488,3.927,5.429,2.841,106.796,101.454,0.937,1.682,1.015,0.772,,3.152,
2019-07-04,1.476,3.901,5.406,2.838,107.07,101.466,0.938,1.65,1.003,0.782,,3.119,
2019-07-05,1.492,3.921,5.433,2.843,106.89,101.485,0.937,1.677,1.012,0.778,,3.125,
2019-07-08,1.45,3.831,5.241,2.782,106.815,101.492,0.914,1.645,0.969,0.75,,3.109,
2019-07-09,1.462,3.822,5.247,2.779,106.911,101.489,0.92,1.64,0.973,0.752,,3.081,
2019-07-10,1.456,3.823,5.217,2.763,106.862,101.495,0.917,1.649,0.982,0.748,,3.079,
2019-07-11,1.458,3.824,5.219,2.764,106.913,101.499,0.919,1.647,0.973,0.748,,3.132,
2019-07-12,1.465,3.855,5.243,2.777,106.919,101.511,0.922,1.655,0.969,0.747,,3.111,
2019-07-15,1.489,3.869,5.301,2.778,106.99,101.514,0.939,1.661,1.0,0.765,,3.123,
2019-07-16,1.489,3.853,5.314,2.78,106.961,101.525,0.936,1.647,1.005,0.767,,3.12,
2019-07-17,1.492,3.847,5.304,2.777,106.98,101.535,0.934,1.645,1.026,0.767,,3.103,
2019-07-18,1.47,3.822,5.229,2.751,107.055,101.545,0.92,1.626,1.006,0.754,,3.135,
2019-07-19,1.486,3.862,5.261,2.768,107.076,101.557,0.939,1.626,1.014,0.758,,3.177,
2019-07-22,1.461,3.832,5.161,2.747,107.131,101.558,0.92,1.618,1.0,0.741,,3.153,
2019-07-23,1.481,3.841,5.199,2.758,107.175,101.573,0.922,1.627,1.012,0.753,,3.13,
2019-07-24,1.498,3.872,5.248,2.779,107.137,101.577,0.93,1.638,1.037,0.764,,3.143,
2019-07-25,1.506,3.907,5.273,2.794,107.031,101.581,0.932,1.647,1.055,0.768,,3.147,
2019-07-26,1.506,3.912,5.285,2.805,107.059,101.6,0.929,1.657,1.053,0.778,,3.134,
2019-07-29,1.509,3.906,5.28,2.81,107.002,101.604,0.915,1.643,1.069,0.779,,3.139,
2019-07-30,1.522,3.924,5.311,2.826,106.978,101.607,0.923,1.651,1.052,0.779,,3.152,
2019-07-31,1.512,3.896,5.298,2.808,107.139,101.62,0.917,1.644,1.064,0.781,,3.164,
2019-08-01,1.516,3.86,5.261,2.787,107.17,101.631,0.906,1.628,1.052,0.772,,3.112,
2019-08-02,1.501,3.801,5.19,2.751,107.441,101.645,0.878,1.613,1.042,0.757,,3.184,
2019-08-05,1.473,3.735,5.134,2.706,107.838,101.653,0.858,1.58,1.027,0.756,,3.289,
2019-08-06,1.451,3.696,5.013,2.66,108.098,101.661,0.854,1.575,1.0,0.739,,3.296,
2019-08-07,1.447,3.672,4.991,2.652,108.0,101.671,0.841,1.583,0.978,0.726,,3.363,
2019-08-08,1.468,3.726,5.019,2.673,108.12,101.675,0.851,1.609,1.008,0.741,,3.386,
2019-08-09,1.45,3.697,4.972,2.675,108.52,101.695,0.84,1.613,0.987,0.727,,3.403,
2019-08-12,1.486,3.756,5.062,2.704,108.439,101.704,0.859,1.627,1.028,0.738,,3.382,
2019-08-13,1.47,3.724,5.029,2.688,108.55,101.71,0.85,1.628,1.02,0.735,,3.465,
2019-08-14,1.477,3.738,5.052,2.694,108.61,101.713,0.852,1.654,1.026,0.744,,3.376,
2019-08-15,1.498,3.753,5.076,2.708,108.566,101.714,0.85,1.66,1.042,0.744,,3.414,
2019-08-16,1.512,3.769,5.091,2.709,108.43,101.729,0.854,1.668,1.051,0.745,,3.419,
2019-08-19,1.568,3.859,5.279,2.753,108.289,101.724,0.912,1.703,1.097,0.767,,3.402,
2019-08-20,1.553,3.843,5.257,2.759,108.199,101.736,0.904,1.69,1.094,0.77,,3.388,
2019-08-21,1.549,3.842,5.266,2.758,108.141,101.752,0.9,1.683,1.105,0.768,,3.391,
2019-08-22,1.554,3.85,5.272,2.75,108.101,101.764,0.899,1.7,1.102,0.78,,3.401,
2019-08-23,1.555,3.877,5.275,2.757,107.986,101.773,0.897,1.76,1.087,0.775,,3.398,
2019-08-26,1.54,3.834,5.238,2.744,108.22,101.782,0.882,1.764,1.086,0.773,,3.52,
2019-08-27,1.567,3.874,5.316,2.78,108.085,101.783,0.9,1.779,1.116,0.789,,3.522,
2019-08-28,1.565,3.862,5.314,2.767,108.132,101.792,0.888,1.764,1.111,0.791,,3.524,
2019-08-29,1.558,3.851,5.329,2.754,108.232,101.809,0.883,1.762,1.13,0.793,,3.565,
2019-08-30,1.549,3.861,5.285,2.739,108.159,101.826,0.88,1.774,1.131,0.809,,3.508,
2019-09-02,1.592,3.904,5.408,2.77,108.05,101.833,0.899,1.793,1.176,0.849,,3.496,
2019-09-03,1.595,3.908,5.438,2.779,108.051,101.841,0.901,1.777,1.207,0.851,,3.511,
2019-09-04,1.607,3.957,5.519,2.815,108.061,101.84,0.915,1.771,1.234,0.845,,3.524,
2019-09-05,1.627,3.994,5.554,2.838,108.141,101.842,0.94,1.777,1.236,0.849,,3.539,
2019-09-06,1.631,4.021,5.57,2.85,108.39,101.864,0.95,1.795,1.228,0.855,,3.429,
2019-09-09,1.67,4.037,5.676,2.864,108.221,101.864,0.963,1.803,1.304,0.863,,3.442,
2019-09-10,1.661,4.026,5.671,2.855,108.121,101.874,0.964,1.829,1.274,0.851,,3.389,
2019-09-11,1.638,3.997,5.648,2.849,108.13,101.89,0.972,1.785,1.261,0.843,,3.404,
2019-09-12,1.646,4.038,5.663,2.866,107.999,101.92,0.986,1.79,1.266,0.846,,3.404,
2019-09-16,1.65,4.024,5.665,2.875,107.852,101.928,0.971,1.797,1.292,0.841,,3.407,
2019-09-17,1.618,3.951,5.547,2.84,107.919,101.952,0.944,1.774,1.241,0.816,,3.394,
2019-09-18,1.617,3.968,5.551,2.843,107.841,101.952,0.939,1.785,1.242,0.811,,3.407,
2019-09-19,1.642,3.987,5.601,2.846,107.799,101.943,0.944,1.799,1.276,0.825,,3.401,
2019-09-20,1.638,3.993,5.61,2.847,107.813,101.957,0.939,1.82,1.31,0.814,,3.412,
2019-09-23,1.62,3.958,5.587,2.819,107.825,101.959,0.926,1.791,1.352,0.813,,3.441,
2019-09-24,1.629,3.961,5.589,2.822,107.799,101.966,0.928,1.808,1.355,0.811,,3.46,
2019-09-25,1.611,3.934,5.501,2.795,107.79,101.983,0.922,1.79,1.278,0.795,,3.48,
2019-09-26,1.561,3.907,5.376,2.795,107.53,101.987,0.91,1.761,1.219,0.766,,3.434,
2019-09-27,1.587,3.916,5.401,2.781,107.424,102.014,0.916,1.769,1.233,0.773,,3.404,
2019-09-30,1.57,3.869,5.325,2.763,107.43,102.094,0.896,1.762,1.208,0.766,,3.396,
2019-10-08,1.556,3.894,5.337,2.773,107.539,102.094,0.89,1.765,1.18,0.756,,3.39,
2019-10-09,1.561,3.905,5.384,2.795,107.701,102.071,0.891,1.75,1.204,0.761,,3.44,
2019-10-10,1.604,3.933,5.443,2.807,107.72,102.078,0.898,1.809,1.217,0.769,,3.422,
2019-10-11,1.606,3.981,5.471,2.836,107.598,102.095,0.914,1.813,1.198,0.767,,3.405,
2019-10-14,1.617,4.01,5.533,2.862,107.535,102.098,0.928,1.829,1.235,0.776,,3.356,
2019-10-15,1.597,3.997,5.466,2.849,107.524,102.123,0.916,1.845,1.193,0.763,,3.363,
2019-10-16,1.592,3.983,5.434,2.842,107.491,102.131,0.911,1.849,1.179,0.757,,3.35,
2019-10-17,1.595,3.989,5.435,2.827,107.51,102.129,0.907,1.845,1.178,0.753,,3.374,
2019-10-18,1.589,3.931,5.36,2.798,107.419,102.172,0.888,1.842,1.152,0.74,,3.371,
2019-10-21,1.585,3.94,5.35,2.803,107.25,102.166,0.878,1.82,1.151,0.74,,3.369,
2019-10-22,1.606,3.955,5.4,2.807,107.12,102.166,0.883,1.843,1.173,0.748,,3.356,
2019-10-23,1.589,3.934,5.368,2.802,107.141,102.161,0.875,1.819,1.163,0.74,,3.371,
2019-10-24,1.593,3.939,5.358,2.807,107.176,102.169,0.88,1.806,1.155,0.741,,3.364,
2019-10-25,1.616,3.963,5.403,2.81,107.122,102.176,0.89,1.85,1.172,0.745,,3.398,
2019-10-28,1.646,3.986,5.477,2.82,106.921,102.181,0.904,1.88,1.213,0.758,,3.395,
2019-10-29,1.624,3.973,5.41,2.808,106.649,102.197,0.885,1.888,1.185,0.749,,3.36,
2019-10-30,1.619,3.947,5.343,2.777,106.5,102.21,0.878,1.878,1.208,0.741,,3.356,
2019-10-31,1.608,3.945,5.315,2.765,106.651,102.221,0.875,1.9,1.209,0.738,,3.363,
2019-11-01,1.625,4.026,5.366,2.789,106.741,102.229,0.887,1.927,1.216,0.743,,3.387,
2019-11-04,1.634,4.039,5.381,2.797,106.674,102.235,0.888,1.935,1.227,0.741,,3.383,
2019-11-05,1.649,4.062,5.421,2.811,106.8,102.233,0.902,1.938,1.243,0.743,,3.362,
2019-11-06,1.638,4.045,5.374,2.794,106.901,102.25,0.891,1.933,1.208,0.753,,3.313,
2019-11-07,1.651,4.05,5.409,2.801,106.88,102.258,0.895,1.94,1.217,0.748,,3.331,
2019-11-08,1.645,4.034,5.389,2.791,106.715,102.285,0.884,1.948,1.227,0.742,,3.269,
2019-11-11,1.61,3.967,5.265,2.74,106.881,102.305,0.868,1.905,1.196,0.724,,3.266,
2019-11-12,1.611,3.962,5.268,2.745,106.948,102.308,0.868,1.919,1.183,0.724,,3.233,
2019-11-13,1.62,3.959,5.268,2.732,107.096,102.305,0.861,1.944,1.232,0.72,,3.267,
2019-11-14,1.63,3.962,5.299,2.73,107.212,102.308,0.862,1.973,1.27,0.722,,3.276,
2019-11-15,1.614,3.943,5.267,2.715,107.241,102.316,0.852,1.953,1.258,0.716,,3.268,
2019-11-18,1.621,3.971,5.286,2.729,107.442,102.328,0.863,1.969,1.263,0.719,,3.269,
2019-11-19,1.666,4.011,5.371,2.75,107.541,102.337,0.87,2.01,1.283,0.731,,3.29,
2019-11-20,1.655,3.97,5.337,2.738,107.606,102.348,0.857,2.001,1.266,0.724,,3.301,
2019-11-21,1.65,3.95,5.345,2.736,107.6,102.347,0.856,1.964,1.268,0.73,,3.294,
2019-11-22,1.614,3.908,5.29,2.738,107.565,102.365,0.855,1.901,1.237,0.726,,3.287,
2019-11-25,1.599,3.936,5.294,2.769,107.447,102.37,0.858,1.889,1.186,0.722,,3.264,
2019-11-26,1.608,3.942,5.276,2.763,107.491,102.375,0.856,1.9,1.194,0.724,,3.263,
2019-11-27,1.611,3.936,5.3,2.757,107.569,102.41,0.852,1.897,1.245,0.72,,3.268,
2019-11-28,1.611,3.93,5.29,2.75,107.601,102.396,0.851,1.901,1.24,0.72,,3.261,
2019-11-29,1.6,3.887,5.29,2.744,107.6,102.419,0.855,1.843,1.249,0.725,,3.265,
2019-12-02,1.606,3.895,5.307,2.752,107.691,102.423,0.861,1.818,1.271,0.725,,3.269,
2019-12-03,1.613,3.911,5.33,2.755,107.672,102.428,0.867,1.819,1.303,0.73,,3.277,
2019-12-04,1.612,3.913,5.319,2.741,107.823,102.435,0.863,1.832,1.313,0.735,,3.337,
2019-12-05,1.648,3.942,5.369,2.754,107.876,102.433,0.878,1.845,1.336,0.745,,3.321,
2019-12-06,1.662,3.966,5.421,2.749,107.845,102.446,0.881,1.856,1.363,0.745,,3.297,
2019-12-09,1.656,3.953,5.433,2.765,107.839,102.464,0.881,1.819,1.386,0.743,,3.275,
2019-12-10,1.67,3.956,5.458,2.772,107.72,102.465,0.879,1.834,1.427,0.741,,3.28,
2019-12-11,1.653,3.9,5.437,2.787,107.748,102.468,0.879,1.833,1.411,0.738,,3.282,
2019-12-12,1.657,3.889,5.426,2.786,107.795,102.479,0.875,1.828,1.458,0.74,,3.3,
2019-12-13,1.693,3.968,5.5,2.817,107.723,102.481,0.91,1.858,1.462,0.745,,3.261,
2019-12-16,1.715,3.98,5.587,2.841,107.695,102.5,0.925,1.865,1.49,0.758,,3.294,
2019-12-17,1.738,4.042,5.675,2.86,107.5,102.498,0.95,1.885,1.48,0.764,,3.292,
2019-12-18,1.725,4.027,5.67,2.855,107.5,102.506,0.953,1.856,1.478,0.762,,3.295,
2019-12-19,1.724,4.02,5.684,2.863,107.53,102.522,0.947,1.855,1.443,0.766,,3.292,
2019-12-20,1.708,4.016,5.628,2.848,107.705,102.541,0.953,1.844,1.428,0.754,,3.302,
2019-12-23,1.671,3.964,5.499,2.817,108.13,102.559,0.926,1.838,1.377,0.738,,3.313,
2019-12-24,1.704,3.985,5.582,2.825,108.21,102.578,0.935,1.84,1.421,0.745,,3.331,
2019-12-25,1.718,3.992,5.607,2.825,108.31,102.584,0.939,1.839,1.493,0.746,,3.352,
2019-12-26,1.726,4.021,5.649,2.853,108.449,102.575,0.963,1.855,1.478,0.754,,3.353,
2019-12-27,1.698,4.017,5.604,2.855,108.451,102.583,0.942,1.845,1.43,0.752,,3.363,
2019-12-30,1.727,4.075,5.682,2.879,108.444,102.564,0.999,1.855,1.437,0.758,,3.361,
2019-12-31,1.73,4.096,5.705,2.897,108.47,100.101,0.991,1.897,1.434,0.758,,3.384,
2020-01-02,1.765,4.149,5.813,2.934,108.351,100.113,0.999,1.895,1.492,0.771,,3.37,
2020-01-03,1.764,4.139,5.824,2.927,108.359,100.148,0.997,1.887,1.494,0.784,,3.422,
2020-01-06,1.788,4.123,5.89,2.921,108.5,100.152,0.996,1.867,1.506,0.793,,3.497,
2020-01-07,1.822,4.155,5.966,2.941,108.434,100.164,1.002,1.889,1.495,0.794,,3.466,
2020-01-08,1.792,4.114,5.883,2.921,108.438,100.176,0.971,1.871,1.461,0.805,,3.531,
2020-01-09,1.839,4.158,5.957,2.944,108.459,100.181,0.986,1.919,1.501,0.798,,3.408,
2020-01-10,1.831,4.157,5.932,2.935,108.874,100.201,0.989,1.93,1.56,0.791,,3.418,
2020-01-13,1.862,4.202,6.031,2.946,108.831,100.209,1.0,1.942,1.65,0.8,,3.418,
2020-01-14,1.85,4.184,6.005,2.961,108.741,100.224,0.989,1.924,1.62,0.793,,3.374,
2020-01-15,1.847,4.152,5.987,2.951,108.777,100.232,0.984,1.932,1.669,0.786,,3.403,
2020-01-16,1.856,4.146,5.995,2.947,108.75,100.234,0.979,1.932,1.665,0.796,,3.406,
2020-01-17,1.858,4.151,5.961,2.784,108.835,100.271,0.983,1.961,1.654,0.792,,3.404,
2020-01-20,1.905,4.181,6.061,2.784,108.947,100.26,0.997,1.98,1.752,0.807,,3.405,
2020-01-21,1.892,4.105,5.99,2.733,109.2,100.272,0.98,2.002,1.753,0.8,,3.437,
2020-01-22,1.918,4.119,6.036,2.729,109.33,100.302,0.988,1.978,1.858,0.803,,3.407,
2020-01-23,1.853,3.996,5.811,2.667,109.663,100.391,0.947,1.931,1.832,0.79,,3.43,
2020-02-03,1.708,3.659,5.339,2.418,110.935,100.353,0.852,1.805,1.649,0.711,,3.52,
2020-02-04,1.816,3.77,5.429,2.482,110.845,100.362,0.851,1.888,1.72,0.721,,3.492,
2020-02-05,1.871,3.807,5.546,2.514,110.873,100.393,0.861,1.954,1.727,0.739,,3.469,
2020-02-06,1.93,3.897,5.711,2.52,110.875,100.402,0.885,2.013,1.771,0.767,,3.452,
2020-02-07,1.94,3.888,5.766,2.514,111.03,100.425,0.888,1.986,1.844,0.784,,3.468,
2020-02-10,1.961,3.901,5.822,2.557,111.222,100.42,0.895,1.965,1.796,0.789,,3.481,
2020-02-11,1.947,3.943,5.796,2.571,111.304,100.41,0.894,1.976,1.813,0.782,,3.472,
2020-02-12,2.006,3.971,5.914,2.578,111.301,100.416,0.907,2.0,1.869,0.798,,3.465,
2020-02-13,1.988,3.95,5.861,2.562,111.189,100.424,0.893,1.982,1.947,0.791,,3.49,
2020-02-14,1.987,3.977,5.868,2.577,111.177,100.442,0.909,1.986,1.976,0.792,,3.494,
2020-02-17,2.071,4.064,6.067,2.622,110.996,100.434,0.955,2.02,2.035,0.849,,3.505,
2020-02-18,2.09,4.039,6.116,2.624,110.78,100.453,0.948,2.004,2.13,0.874,,3.522,
2020-02-19,2.054,4.04,6.067,2.622,110.754,100.468,0.955,1.974,2.157,0.856,,3.562,
2020-02-20,2.105,4.131,6.181,2.658,110.6,100.464,1.012,1.999,2.216,0.865,,3.574,
2020-02-21,2.145,4.145,6.279,2.674,110.811,100.474,1.014,2.002,2.285,0.89,,3.646,
2020-02-24,2.178,4.112,6.337,2.656,111.042,100.493,1.013,1.996,2.415,0.897,,3.725,
2020-02-25,2.194,4.104,6.379,2.622,111.05,100.497,1.02,2.015,2.448,0.896,,3.648,
2020-02-26,2.102,4.07,6.217,2.629,111.141,100.521,1.001,1.953,2.208,0.879,,3.668,
2020-02-27,2.111,4.071,6.215,2.631,111.349,100.527,1.003,1.965,2.144,0.871,,3.669,
2020-02-28,1.995,3.933,5.906,2.558,111.7,100.58,0.938,1.904,2.035,0.821,,3.623,
2020-03-02,2.054,4.076,6.122,2.637,111.71,100.565,0.987,1.949,2.04,0.853,,3.542,
2020-03-03,2.092,4.073,6.164,2.644,111.701,100.569,0.996,2.0,2.043,0.872,,3.536,
2020-03-04,2.088,4.102,6.184,2.668,111.901,100.571,1.022,1.999,1.96,0.872,,3.612,
2020-03-05,2.121,4.2,6.263,2.69,112.12,100.571,1.056,2.062,1.998,0.877,,3.611,
2020-03-06,2.111,4.121,6.227,2.667,112.545,100.594,1.016,2.06,1.969,0.871,,3.686,
2020-03-09,2.013,3.99,5.997,2.596,113.948,100.606,0.982,2.003,1.818,0.827,,3.659,
2020-03-10,2.063,4.078,6.13,2.633,113.074,100.586,1.016,2.028,1.964,0.866,,3.612,
2020-03-11,2.024,4.011,6.04,2.617,113.086,100.611,0.988,1.994,1.873,0.866,,3.648,
2020-03-12,1.971,3.948,5.962,2.576,113.282,100.621,0.975,1.933,1.877,0.843,,3.608,
2020-03-13,1.952,3.889,5.919,2.532,112.378,100.625,0.969,1.89,1.913,0.843,,3.502,
2020-03-16,1.832,3.726,5.632,2.474,112.389,100.643,0.913,1.835,1.772,0.795,,3.414,
2020-03-17,1.842,3.693,5.643,2.451,111.973,100.651,0.915,1.832,1.798,0.795,,3.255,
2020-03-18,1.818,3.631,5.558,2.425,112.035,100.656,0.886,1.817,1.761,0.774,,3.326,
2020-03-19,1.825,3.596,5.608,2.382,111.73,100.66,0.897,1.793,1.832,0.787,,3.312,
2020-03-20,1.847,3.644,5.649,2.407,111.7,100.679,0.907,1.839,1.806,0.792,,3.346,
2020-03-23,1.761,3.526,5.423,2.332,112.29,100.692,0.867,1.805,1.651,0.752,,3.337,
2020-03-24,1.806,3.611,5.5,2.374,112.476,100.681,0.887,1.865,1.654,0.765,,3.523,
2020-03-25,1.86,3.706,5.633,2.431,112.485,100.682,0.904,1.925,1.689,0.776,,3.581,
2020-03-26,1.853,3.683,5.579,2.413,112.651,100.684,0.891,1.964,1.658,0.766,,3.572,
2020-03-27,1.83,3.7,5.555,2.426,112.677,100.7,0.895,1.966,1.637,0.766,,3.612,
2020-03-30,1.791,3.666,5.448,2.404,112.705,100.698,0.885,1.935,1.6,0.76,,3.583,
2020-03-31,1.795,3.669,5.448,2.399,112.815,100.708,0.881,1.961,1.588,0.749,,3.586,
2020-04-01,1.792,3.673,5.428,2.383,112.97,100.718,0.878,1.926,1.62,0.747,,3.528,
2020-04-02,1.844,3.723,5.589,2.409,112.933,100.719,0.894,1.958,1.741,0.767,,3.543,
2020-04-03,1.834,3.697,5.522,2.402,112.934,100.745,0.881,1.978,1.721,0.76,,3.575,
2020-04-07,1.894,3.78,5.686,2.437,113.394,100.746,0.901,2.028,1.759,0.793,,3.676,
2020-04-08,1.89,3.765,5.703,2.438,113.61,100.754,0.897,2.022,1.777,0.804,,3.641,
2020-04-09,1.921,3.776,5.756,2.437,113.493,100.761,0.906,2.074,1.758,0.803,,3.65,
2020-04-10,1.877,3.764,5.652,2.42,113.381,100.781,0.893,2.052,1.672,0.79,,3.671,
2020-04-13,1.853,3.743,5.594,2.41,113.467,100.786,0.885,2.063,1.623,0.789,,3.67,
2020-04-14,1.909,3.805,5.714,2.434,113.429,100.788,0.907,2.092,1.676,0.797,,3.712,
2020-04-15,1.899,3.783,5.703,2.425,113.572,100.787,0.898,2.081,1.683,0.788,,3.702,
2020-04-16,1.932,3.785,5.748,2.417,113.877,100.791,0.906,2.085,1.713,0.799,,3.73,
2020-04-17,1.943,3.819,5.755,2.424,113.778,100.791,0.905,2.071,1.767,0.797,,3.669,
2020-04-20,1.969,3.835,5.817,2.427,113.431,100.801,0.908,2.083,1.782,0.812,,3.651,
2020-04-21,1.949,3.795,5.78,2.411,113.43,100.813,0.892,2.068,1.735,0.812,,3.684,
2020-04-22,1.967,3.829,5.834,2.412,113.714,100.819,0.894,2.112,1.747,0.811,,3.674,
2020-04-23,1.951,3.822,5.804,2.404,114.26,100.821,0.886,2.112,1.722,0.821,,3.739,
2020-04-24,1.93,3.79,5.718,2.386,114.532,100.834,0.87,2.079,1.675,0.805,,3.769,
2020-04-27,1.939,3.807,5.698,2.397,114.504,100.838,0.869,2.125,1.653,0.792,,3.741,
2020-04-28,1.951,3.831,5.654,2.379,114.634,100.842,0.879,2.125,1.721,0.781,,3.714,
2020-04-29,1.952,3.851,5.665,2.411,114.749,100.829,0.881,2.096,1.698,0.79,,3.733,
2020-04-30,1.993,3.908,5.807,2.452,114.501,100.845,0.902,2.092,1.821,0.815,,3.746,
2020-05-06,2.029,3.918,5.897,2.451,114.289,100.852,0.904,2.129,1.922,0.831,,3.741,
2020-05-07,2.025,3.911,5.89,2.452,113.755,100.864,0.898,2.132,1.909,0.828,,3.723,
2020-05-08,2.042,3.953,5.965,2.469,113.472,100.879,0.915,2.153,1.915,0.837,,3.769,
2020-05-11,2.024,3.946,5.942,2.467,112.922,100.888,0.907,2.12,1.901,0.842,,3.754,
2020-05-12,2.043,3.945,5.957,2.456,113.235,100.901,0.905,2.144,1.948,0.839,,3.746,
2020-05-13,2.058,3.954,5.988,2.458,112.979,100.907,0.905,2.177,1.938,0.838,,3.757,
2020-05-14,2.036,3.921,5.957,2.434,112.928,100.909,0.894,2.175,1.933,0.839,,3.781,
2020-05-15,2.042,3.902,5.968,2.429,113.132,100.919,0.895,2.154,2.019,0.839,,3.834,
2020-05-18,2.039,3.914,5.937,2.429,112.637,100.92,0.89,2.192,1.948,0.852,,3.927,
2020-05-19,2.061,3.943,6.004,2.437,112.784,100.923,0.896,2.207,2.047,0.859,,3.865,
2020-05-20,2.041,3.927,5.957,2.421,112.989,100.928,0.89,2.187,1.997,0.836,,3.906,
2020-05-21,2.02,3.901,5.886,2.413,113.039,100.932,0.883,2.198,1.914,0.822,,3.87,
2020-05-22,1.972,3.815,5.785,2.379,113.564,100.943,0.86,2.142,1.898,0.81,,3.865,
2020-05-25,1.975,3.817,5.761,2.378,113.203,100.949,0.857,2.172,1.86,0.8,,3.858,
2020-05-26,2.038,3.863,5.869,2.39,112.786,100.949,0.867,2.209,1.9,0.812,,3.876,
2020-05-27,1.997,3.845,5.832,2.402,112.784,100.953,0.857,2.166,1.855,0.805,,3.835,
2020-05-28,1.982,3.85,5.816,2.406,113.109,100.951,0.868,2.136,1.834,0.805,,3.863,
2020-05-29,2.006,3.866,5.864,2.392,112.733,100.968,0.863,2.158,1.821,0.81,,3.864,
2020-06-01,2.082,3.968,6.061,2.432,112.401,100.966,0.9,2.2,1.912,0.828,,3.895,
2020-06-02,2.067,3.979,6.055,2.438,112.063,100.973,0.898,2.182,1.922,0.83,,3.888,
2020-06-03,2.06,3.978,6.045,2.448,111.872,100.981,0.889,2.191,1.921,0.824,,3.853,
2020-06-04,2.073,3.98,6.056,2.459,111.499,100.986,0.885,2.214,1.903,0.817,,3.82,
2020-06-05,2.087,4.003,6.07,2.444,111.403,101.005,0.893,2.231,1.95,0.816,,3.817,
2020-06-08,2.073,4.022,6.057,2.454,111.781,101.009,0.889,2.202,1.916,0.814,,3.783,
2020-06-09,2.102,4.049,6.093,2.46,111.761,101.011,0.899,2.242,1.935,0.812,,3.782,
2020-06-10,2.122,4.04,6.101,2.45,111.731,101.006,0.892,2.281,1.926,0.813,,3.821,
2020-06-11,2.119,4.003,6.09,2.433,112.223,101.015,0.887,2.27,1.915,0.815,,3.855,
2020-06-12,2.141,4.013,6.091,2.43,112.318,101.029,0.885,2.302,1.909,0.814,,3.854,
2020-06-15,2.141,3.956,6.084,2.414,112.619,101.039,0.883,2.295,1.855,0.802,,3.844,
2020-06-16,2.183,4.018,6.194,2.442,111.787,101.033,0.892,2.347,1.884,0.81,,3.84,
2020-06-17,2.188,4.022,6.244,2.45,111.694,101.035,0.889,2.405,1.87,0.823,,3.842,
2020-06-18,2.194,4.053,6.26,2.471,111.513,101.044,0.899,2.391,1.908,0.81,,3.836,
2020-06-19,2.238,4.105,6.306,2.468,111.54,101.027,0.927,2.449,1.931,0.816,,3.844,
2020-06-22,2.263,4.109,6.302,2.456,111.56,101.041,0.954,2.473,2.006,0.825,,3.886,
2020-06-23,2.307,4.128,6.33,2.447,111.01,101.044,0.962,2.523,2.011,0.827,,3.882,
2020-06-24,2.307,4.164,6.331,2.45,111.52,101.081,0.963,2.512,2.066,0.822,,3.91,
2020-06-29,2.295,4.128,6.303,2.432,111.566,101.067,0.932,2.507,2.022,0.822,,3.91,
2020-06-30,2.359,4.178,6.396,2.449,111.463,101.072,0.963,2.528,2.058,0.835,,3.914,
2020-07-01,2.342,4.272,6.424,2.489,111.566,101.091,0.982,2.503,2.081,0.835,,3.939,
2020-07-02,2.35,4.37,6.539,2.546,111.716,101.085,1.06,2.484,2.135,0.848,,3.903,
2020-07-03,2.38,4.457,6.626,2.583,111.6,101.103,1.16,2.522,2.144,0.857,,3.915,
2020-07-06,2.45,4.784,6.941,2.766,110.585,101.078,1.276,2.536,2.358,0.91,,3.902,
2020-07-07,2.503,4.736,7.01,2.723,110.116,101.127,1.218,2.609,2.398,0.921,,3.911,
2020-07-08,2.574,4.798,7.15,2.763,109.756,101.151,1.3,2.61,2.439,1.011,,3.928,
2020-07-09,2.674,4.872,7.341,2.775,109.567,101.157,1.297,2.707,2.515,1.041,,3.954,
2020-07-10,2.685,4.785,7.33,2.713,109.839,101.208,1.268,2.734,2.546,1.015,,3.926,
2020-07-13,2.802,4.885,7.563,2.766,109.651,101.194,1.293,2.823,2.645,1.036,,3.939,
2020-07-14,2.767,4.842,7.463,2.75,110.088,101.241,1.292,2.856,2.642,1.039,,3.935,
2020-07-15,2.722,4.784,7.307,2.71,110.483,101.282,1.256,2.894,2.482,1.001,,3.94,
2020-07-16,2.558,4.556,6.942,2.638,110.744,101.259,1.184,2.718,2.269,0.964,,3.927,
2020-07-17,2.583,4.605,6.947,2.64,110.445,101.236,1.154,2.745,2.217,1.0,,3.904,
2020-07-20,2.611,4.727,7.151,2.741,110.334,101.199,1.216,2.75,2.323,1.1,,3.925,
2020-07-21,2.643,4.739,7.191,2.734,110.393,101.21,1.194,2.845,2.297,1.049,,3.951,
2020-07-22,2.678,4.792,7.261,2.735,111.077,101.196,1.208,2.866,2.312,1.067,,4.043,
2020-07-23,2.706,4.766,7.253,2.702,111.208,101.213,1.214,2.938,2.303,1.115,,4.066,
2020-07-24,2.537,4.554,6.909,2.625,111.393,101.229,1.134,2.782,2.171,1.07,,4.109,
2020-07-27,2.54,4.582,6.905,2.612,111.445,101.231,1.133,2.841,2.195,1.061,,4.203,
2020-07-28,2.573,4.617,6.976,2.631,111.151,101.23,1.131,2.841,2.199,1.078,,4.198,
2020-07-29,2.68,4.749,7.174,2.662,110.983,101.214,1.179,2.944,2.301,1.104,,4.206,
2020-07-30,2.652,4.714,7.149,2.664,110.763,101.233,1.168,2.966,2.275,1.089,,4.174,
2020-07-31,2.708,4.75,7.224,2.683,110.361,101.241,1.186,3.006,2.353,1.079,,4.216,
2020-08-03,2.774,4.825,7.398,2.744,110.442,101.243,1.212,3.082,2.449,1.17,,4.2,
2020-08-04,2.738,4.829,7.354,2.745,110.463,101.266,1.205,3.053,2.396,1.128,,4.206,
2020-08-05,2.763,4.831,7.424,2.73,110.606,101.264,1.199,3.101,2.428,1.165,,4.32,
2020-08-06,2.719,4.813,7.443,2.743,110.646,101.283,1.239,3.025,2.452,1.207,,4.353,
2020-08-07,2.657,4.765,7.35,2.738,110.51,101.285,1.199,2.966,2.382,1.249,,4.378,
2020-08-10,2.641,4.781,7.385,2.77,110.616,101.291,1.213,2.948,2.357,1.22,,4.349,
2020-08-11,2.6,4.734,7.252,2.757,110.488,101.297,1.174,2.928,2.312,1.207,,4.253,
2020-08-12,2.548,4.702,7.16,2.737,110.314,101.296,1.166,2.835,2.307,1.153,,3.989,
2020-08-13,2.535,4.687,7.193,2.761,110.597,101.308,1.172,2.782,2.29,1.159,,4.054,
2020-08-14,2.579,4.778,7.295,2.775,110.636,101.301,1.188,2.806,2.32,1.2,,4.088,
2020-08-17,2.607,4.877,7.399,2.837,110.726,101.305,1.249,2.848,2.359,1.234,,4.129,
2020-08-18,2.605,4.87,7.452,2.84,110.758,101.315,1.241,2.888,2.347,1.235,,4.225,
2020-08-19,2.524,4.794,7.326,2.832,110.579,101.324,1.219,2.787,2.262,1.207,,4.177,
2020-08-20,2.503,4.743,7.254,2.817,110.322,101.343,1.196,2.771,2.228,1.162,,4.088,
2020-08-21,2.546,4.783,7.297,2.814,110.359,101.351,1.215,2.79,2.217,1.161,,4.091,
2020-08-24,2.597,4.813,7.336,2.818,110.341,101.35,1.208,2.806,2.216,1.17,,4.056,
2020-08-25,2.611,4.822,7.299,2.805,110.033,101.358,1.202,2.82,2.198,1.129,,4.064,
2020-08-26,2.551,4.763,7.176,2.765,109.889,101.372,1.171,2.827,2.112,1.094,,4.059,
2020-08-27,2.602,4.799,7.24,2.766,109.956,101.368,1.177,2.85,2.169,1.114,,4.108,
2020-08-28,2.666,4.917,7.363,2.799,109.645,101.36,1.21,2.944,2.189,1.138,,4.109,
2020-08-31,2.637,4.874,7.326,2.789,109.724,101.375,1.207,2.915,2.171,1.147,,4.123,
2020-09-01,2.658,4.908,7.378,2.787,110.117,101.389,1.211,2.904,2.168,1.173,,4.169,
2020-09-02,2.676,4.904,7.373,2.787,109.962,101.407,1.209,2.914,2.13,1.157,,4.125,
2020-09-03,2.653,4.884,7.333,2.782,110.266,101.4,1.201,2.901,2.135,1.143,,4.053,
2020-09-04,2.638,4.829,7.283,2.762,110.291,101.406,1.19,2.853,2.175,1.136,,4.065,
2020-09-07,2.549,4.732,7.131,2.749,110.048,101.428,1.151,2.76,2.08,1.104,,4.063,
2020-09-08,2.564,4.756,7.176,2.761,110.397,101.424,1.173,2.776,2.047,1.1,,4.066,
2020-09-09,2.44,4.645,6.997,2.739,110.683,101.429,1.149,2.652,1.951,1.092,,4.068,
2020-09-10,2.403,4.649,6.877,2.721,110.746,101.442,1.125,2.65,1.92,1.052,,4.096,
2020-09-11,2.449,4.685,6.935,2.718,110.183,101.456,1.127,2.697,1.966,1.054,,4.087,
2020-09-14,2.484,4.712,6.988,2.72,109.797,101.467,1.128,2.669,1.992,1.05,,4.086,
2020-09-15,2.504,4.747,7.016,2.728,110.212,101.469,1.13,2.699,2.006,1.062,,4.1,
2020-09-16,2.47,4.719,6.994,2.736,110.25,101.471,1.126,2.651,1.986,1.045,,4.088,
2020-09-17,2.467,4.69,7.009,2.739,110.195,101.474,1.116,2.589,2.026,1.054,,4.06,
2020-09-18,2.513,4.811,7.136,2.773,110.216,101.477,1.177,2.628,2.05,1.085,,4.078,
2020-09-21,2.48,4.756,7.085,2.761,110.718,101.49,1.175,2.621,2.054,1.111,,4.078,
2020-09-22,2.469,4.699,6.997,2.729,110.898,101.516,1.174,2.621,2.011,1.09,,3.985,
2020-09-23,2.508,4.713,7.031,2.728,110.653,101.524,1.162,2.697,2.034,1.089,,3.925,
2020-09-24,2.454,4.636,6.895,2.689,110.605,101.52,1.148,2.655,2.001,1.056,,3.881,
2020-09-25,2.457,4.639,6.874,2.683,110.453,101.534,1.167,2.659,1.984,1.059,,3.928,
2020-09-28,2.434,4.649,6.81,2.685,110.594,101.543,1.165,2.626,1.949,1.045,,3.919,
2020-09-29,2.479,4.66,6.86,2.685,110.403,101.559,1.169,2.655,1.983,1.089,,3.972,
2020-09-30,2.489,4.646,6.813,2.678,110.188,101.621,1.153,2.678,1.976,1.09,,3.974,
2020-10-09,2.581,4.739,6.99,2.715,110.04,101.624,1.17,2.769,2.028,1.109,,3.971,
2020-10-12,2.683,4.887,7.204,2.76,109.74,101.616,1.217,2.85,2.133,1.154,,4.014,
2020-10-13,2.688,4.903,7.206,2.755,109.787,101.615,1.201,2.868,2.125,1.155,,4.003,
2020-10-14,2.668,4.879,7.174,2.743,109.687,101.635,1.187,2.856,2.084,1.148,,3.958,
2020-10-15,2.65,4.867,7.12,2.735,109.603,101.636,1.185,2.838,2.069,1.137,,3.953,
2020-10-16,2.634,4.853,7.081,2.738,109.824,101.662,1.189,2.851,2.064,1.123,,3.965,
2020-10-19,2.6,4.822,7.012,2.727,110.062,101.672,1.176,2.776,2.045,1.115,,3.968,
2020-10-20,2.645,4.852,7.07,2.723,109.858,101.677,1.177,2.797,2.066,1.118,,3.952,
2020-10-21,2.612,4.858,7.012,2.719,109.887,101.68,1.172,2.804,2.001,1.089,,3.966,
2020-10-22,2.582,4.842,6.968,2.707,110.016,101.681,1.178,2.759,2.003,1.075,,3.97,
2020-10-23,2.516,4.786,6.854,2.699,109.956,101.682,1.159,2.688,1.963,1.058,,3.956,
2020-10-26,2.533,4.75,6.848,2.683,109.813,101.689,1.121,2.685,1.958,1.065,,3.938,
2020-10-27,2.56,4.764,6.846,2.675,110.076,101.695,1.12,2.755,1.968,1.073,,3.972,
2020-10-28,2.577,4.804,6.886,2.679,110.059,101.701,1.127,2.785,1.976,1.069,,3.974,
2020-10-29,2.607,4.848,6.896,2.703,110.121,101.711,1.137,2.835,1.967,1.056,,3.92,
2020-10-30,2.563,4.757,6.74,2.687,110.104,101.734,1.1,2.79,2.012,1.037,,3.897,
2020-11-02,2.617,4.785,6.764,2.698,110.332,101.763,1.092,2.759,2.05,1.031,,3.93,
2020-11-03,2.649,4.836,6.87,2.716,110.286,101.752,1.122,2.791,2.084,1.066,,3.949,
2020-11-04,2.658,4.873,6.869,2.741,110.284,101.781,1.116,2.807,2.067,1.074,,3.967,
2020-11-05,2.69,4.949,7.005,2.787,110.27,101.774,1.132,2.809,2.09,1.076,,3.965,
2020-11-06,2.637,4.951,6.953,2.81,110.259,101.8,1.137,2.732,2.145,1.057,,4.001,
2020-11-09,2.719,5.048,7.067,2.861,110.05,101.789,1.18,2.785,2.334,1.078,,3.99,
2020-11-10,2.674,5.021,7.019,2.85,110.014,101.814,1.161,2.767,2.259,1.058,,3.889,
2020-11-11,2.595,4.974,6.934,2.865,109.97,101.835,1.136,2.697,2.143,1.037,,3.881,
2020-11-12,2.607,4.971,6.957,2.878,110.018,101.851,1.13,2.725,2.147,1.033,,3.873,
2020-11-13,2.619,4.92,6.959,2.858,109.692,101.841,1.118,2.716,2.157,1.056,,3.89,
2020-11-16,2.62,4.973,7.039,2.915,109.8,101.825,1.125,2.725,2.133,1.06,,3.888,1.465
2020-11-17,2.572,4.964,6.992,2.926,109.829,101.84,1.13,2.658,2.167,1.038,,3.881,1.436
2020-11-18,2.534,4.957,6.986,2.94,109.622,101.841,1.132,2.616,2.145,1.044,,3.856,1.424
2020-11-19,2.556,4.999,7.025,2.921,109.508,101.838,1.134,2.631,2.154,1.089,,3.837,1.438
2020-11-20,2.576,5.014,7.084,2.936,109.448,101.85,1.136,2.644,2.145,1.103,,3.843,1.435
2020-11-23,2.593,5.072,7.137,2.98,109.583,101.859,1.157,2.635,2.154,1.102,,3.851,1.422
2020-11-24,2.582,5.04,7.135,2.975,109.541,101.868,1.148,2.614,2.18,1.108,,3.755,1.416
2020-11-25,2.528,4.978,7.021,2.943,109.575,101.883,1.13,2.565,2.162,1.078,,3.714,1.393
2020-11-26,2.522,4.985,7.0,2.935,109.564,101.884,1.133,2.547,2.147,1.1,,3.718,1.39
2020-11-27,2.532,5.056,7.029,2.956,109.53,101.896,1.16,2.569,2.152,1.121,,3.72,1.392
2020-11-30,2.541,5.031,6.977,2.929,109.682,101.913,1.166,2.589,2.168,1.128,,3.628,1.391
2020-12-01,2.602,5.142,7.089,2.935,109.61,101.912,1.209,2.658,2.179,1.15,,3.653,1.409
2020-12-02,2.593,5.131,7.095,2.937,109.551,101.92,1.207,2.659,2.22,1.15,,3.707,1.414
2020-12-03,2.619,5.129,7.119,2.912,109.528,101.933,1.209,2.722,2.196,1.131,,3.748,1.417
2020-12-04,2.637,5.14,7.145,2.901,109.9,101.96,1.191,2.754,2.209,1.142,,3.754,1.411
2020-12-07,2.628,5.096,7.093,2.857,109.751,101.966,1.17,2.707,2.219,1.147,,3.745,1.412
2020-12-08,2.646,5.08,7.084,2.85,110.089,101.969,1.171,2.705,2.225,1.142,,3.8,1.408
2020-12-09,2.598,5.02,6.974,2.812,109.985,101.97,1.135,2.675,2.156,1.114,,3.778,1.38
2020-12-10,2.627,5.01,6.986,2.829,109.956,101.973,1.128,2.701,2.159,1.117,,3.74,1.383
2020-12-11,2.601,4.954,6.872,2.822,109.785,101.994,1.113,2.685,2.115,1.09,,3.739,1.396
2020-12-14,2.641,4.998,6.923,2.784,109.63,102.003,1.114,2.725,2.132,1.109,,3.74,1.413
2020-12-15,2.667,5.013,6.93,2.771,109.66,102.014,1.116,2.794,2.113,1.113,,3.769,1.406
2020-12-16,2.667,5.023,6.904,2.769,109.665,102.018,1.106,2.81,2.074,1.104,,3.793,1.388
2020-12-17,2.694,5.094,6.988,2.795,109.574,101.99,1.134,2.913,2.085,1.095,,3.812,1.406
2020-12-18,2.688,5.065,6.964,2.813,109.575,102.016,1.122,2.92,2.068,1.095,,3.838,1.403
2020-12-21,2.778,5.11,7.075,2.817,109.559,102.023,1.13,2.942,2.119,1.144,,3.879,1.43
2020-12-22,2.718,5.033,6.939,2.758,109.766,102.05,1.086,2.923,2.056,1.124,,3.825,1.403
2020-12-23,2.745,5.074,6.976,2.761,109.832,102.059,1.093,2.923,2.108,1.184,,3.818,1.417
2020-12-24,2.726,5.074,6.888,2.751,109.841,102.077,1.083,2.931,2.084,1.192,,3.832,1.393
2020-12-25,2.749,5.116,6.953,2.761,109.976,102.081,1.097,3.012,2.05,1.211,,3.853,1.394
2020-12-28,2.745,5.13,6.91,2.748,110.0,102.09,1.091,2.967,2.006,1.21,,3.858,1.38
2020-12-29,2.717,5.114,6.88,2.723,110.189,102.104,1.096,2.919,2.042,1.196,,3.837,1.381
2020-12-30,2.799,5.178,6.937,2.728,110.249,102.098,1.117,2.973,2.056,1.231,,3.832,1.403
2020-12-31,2.866,5.287,7.043,2.739,110.105,100.135,1.167,3.002,2.101,1.288,,3.85,1.434
2021-01-04,2.976,5.334,7.163,2.746,110.038,100.144,1.177,3.026,2.143,1.383,,3.902,1.464
2021-01-05,2.988,5.433,7.226,2.724,110.21,100.16,1.176,3.077,2.217,1.384,,3.92,1.468
2021-01-06,3.003,5.482,7.218,2.721,110.44,100.201,1.174,3.131,2.169,1.399,,3.931,1.458
2021-01-07,3.056,5.599,7.248,2.711,110.426,100.223,1.186,3.183,2.142,1.438,,3.903,1.429
2021-01-08,3.036,5.571,7.266,2.724,110.446,100.217,1.179,3.162,2.144,1.398,,3.878,1.423
2021-01-11,2.989,5.508,7.154,2.691,110.411,100.211,1.151,3.096,2.175,1.352,,3.777,1.437
2021-01-12,3.076,5.668,7.242,2.712,110.47,100.228,1.229,3.167,2.191,1.406,,3.805,1.45
2021-01-13,3.025,5.646,7.196,2.719,110.718,100.21,1.199,3.107,2.248,1.384,,3.797,1.454
2021-01-14,2.987,5.543,7.145,2.717,110.869,100.209,1.17,3.052,2.264,1.306,,3.772,1.498
2021-01-15,2.99,5.526,7.119,2.735,111.032,100.228,1.167,3.044,2.224,1.297,,3.785,1.492
2021-01-18,3.046,5.513,7.205,2.608,110.777,100.239,1.178,3.053,2.324,1.325,,3.775,1.526
2021-01-19,2.976,5.438,7.166,2.611,110.671,100.236,1.176,2.988,2.275,1.297,,3.779,1.492
2021-01-20,3.096,5.468,7.231,2.609,110.886,100.245,1.178,3.11,2.284,1.321,,3.789,1.524
2021-01-21,3.176,5.562,7.333,2.613,110.892,100.246,1.195,3.169,2.277,1.336,,3.825,1.526
2021-01-22,3.241,5.565,7.343,2.589,111.118,100.269,1.172,3.322,2.218,1.337,,3.806,1.536
2021-01-25,3.242,5.631,7.355,2.554,111.068,100.273,1.164,3.326,2.213,1.34,,3.788,1.542
2021-01-26,3.152,5.511,7.243,2.543,110.62,100.276,1.122,3.221,2.184,1.243,,3.799,1.524
2021-01-27,3.166,5.521,7.261,2.542,110.533,100.279,1.123,3.203,2.156,1.245,,3.779,1.503
2021-01-28,3.057,5.385,7.124,2.51,110.496,100.275,1.115,3.114,2.09,1.233,,3.761,1.469
2021-01-29,3.029,5.348,7.024,2.494,110.282,100.305,1.106,3.094,2.057,1.189,,3.778,1.467
2021-02-01,3.056,5.411,7.073,2.511,110.615,100.314,1.1,3.168,2.067,1.183,,3.82,1.467
2021-02-02,3.118,5.491,7.14,2.517,110.76,100.327,1.102,3.236,2.088,1.204,,3.789,1.478
2021-02-03,3.106,5.485,7.098,2.497,110.672,100.349,1.087,3.252,2.009,1.162,,3.75,1.456
2021-02-04,3.098,5.474,7.021,2.48,110.663,100.352,1.062,3.216,2.014,1.147,0.968,3.723,1.435
2021-02-05,3.084,5.482,6.916,2.499,110.349,100.38,1.053,3.311,1.963,1.123,0.953,3.681,1.414
2021-02-08,,5.554,6.999,2.512,110.126,100.377,1.056,3.406,2.0,1.128,0.962,3.712,1.425
2021-02-09,3.222,5.692,7.141,2.528,110.208,100.399,1.087,3.473,2.036,1.198,0.997,3.752,1.472
2021-02-10,3.293,5.807,7.222,2.547,110.47,100.449,1.086,3.56,2.039,1.187,1.015,3.756,1.478
2021-02-18,3.202,5.764,7.329,2.61,110.373,100.445,1.091,3.397,2.091,1.179,1.005,3.65,1.476
2021-02-19,3.17,5.796,7.434,2.662,110.464,100.461,1.11,3.395,2.083,1.186,0.99,3.634,1.472
2021-02-22,3.032,5.589,7.365,2.706,110.36,100.464,1.079,3.217,2.04,1.141,0.971,3.675,1.433
2021-02-23,3.009,5.574,7.345,2.678,110.53,100.488,1.072,3.212,2.025,1.179,0.965,3.713,1.433
2021-02-24,2.904,5.427,7.251,2.647,110.57,100.488,1.067,3.068,2.054,1.176,0.918,3.705,1.409
2021-02-25,2.878,5.478,7.215,2.689,110.546,100.497,1.068,3.076,2.028,1.199,0.909,3.67,1.393
2021-02-26,2.814,5.329,7.056,2.637,110.445,100.506,1.05,3.027,1.978,1.158,0.893,3.613,1.368
2021-03-01,2.894,5.418,7.181,2.672,110.28,100.518,1.042,3.071,2.056,1.18,0.923,3.595,1.4
2021-03-02,2.859,5.349,7.125,2.657,110.615,100.533,1.031,2.99,2.069,1.187,0.92,3.536,1.392
2021-03-03,2.9,5.454,7.22,2.722,110.475,100.547,1.048,3.053,2.065,1.186,0.922,3.549,1.4
2021-03-04,2.751,5.287,7.098,2.718,110.466,100.521,1.026,2.935,2.011,1.168,0.862,3.514,1.366
2021-03-05,2.772,5.266,7.109,2.69,110.599,100.544,1.046,2.936,2.0,1.145,0.861,3.482,1.37
2021-03-08,2.633,5.08,6.939,2.679,110.728,100.55,1.027,2.743,1.907,1.064,0.814,3.519,1.316
2021-03-09,2.547,4.979,6.783,2.668,110.761,100.551,0.999,2.673,1.801,1.01,0.797,3.506,1.269
2021-03-10,2.586,5.0,6.712,2.653,110.862,100.561,0.995,2.744,1.795,1.005,0.808,3.542,1.272
2021-03-11,2.65,5.129,6.892,2.7,110.731,100.568,1.009,2.817,1.856,1.023,0.836,3.573,1.304
2021-03-12,2.658,5.142,6.897,2.727,110.697,100.587,1.01,2.82,1.811,1.015,0.849,3.524,1.298
2021-03-15,2.555,5.04,6.852,2.752,110.621,100.618,0.989,2.707,1.735,1.006,0.818,3.556,1.26
2021-03-16,2.579,5.073,6.855,2.755,110.554,100.606,0.991,2.729,1.734,1.006,0.82,3.562,1.258
2021-03-17,2.607,5.096,6.895,2.741,110.507,100.6,0.994,2.743,1.769,1.023,0.833,3.577,1.271
2021-03-18,2.65,5.136,6.946,2.741,110.33,100.599,0.997,2.802,1.761,1.038,0.843,3.604,1.277
2021-03-19,2.579,4.997,6.889,2.724,110.452,100.616,0.986,2.737,1.758,1.04,0.817,3.589,1.266
2021-03-22,2.607,5.054,6.978,2.75,110.544,100.627,1.002,2.753,1.763,1.049,0.829,3.57,1.28
2021-03-23,2.579,5.009,6.898,2.729,110.574,100.635,1.009,2.753,1.761,1.042,0.805,3.585,1.273
2021-03-24,2.543,4.933,6.823,2.681,110.702,100.641,1.014,2.738,1.724,1.022,0.789,3.578,1.258
2021-03-25,2.567,4.929,6.839,2.683,110.747,100.643,1.005,2.769,1.734,1.028,0.79,3.589,1.259
2021-03-26,2.65,5.033,6.928,2.715,110.662,100.651,1.011,2.88,,1.044,0.826,3.579,1.293
2021-03-29,2.637,5.043,6.928,2.751,110.642,100.658,1.008,2.861,0.886,1.062,0.819,3.579,1.286
2021-03-30,2.673,5.087,6.953,2.75,110.729,100.658,1.008,2.909,0.887,1.085,0.835,3.536,1.286
2021-03-31,2.665,5.05,6.943,2.743,110.934,100.682,0.992,2.888,0.893,1.042,0.833,3.495,1.284
2021-04-01,2.718,5.112,6.991,2.761,110.815,100.69,0.999,2.946,0.926,1.05,0.841,3.565,1.303
2021-04-02,2.756,5.161,7.007,2.738,110.821,100.708,1.003,2.968,0.98,1.055,0.844,3.612,1.338
2021-04-06,2.73,5.133,7.021,2.745,110.793,100.716,1.001,2.918,0.973,1.066,0.856,3.591,1.335
2021-04-07,2.707,5.098,7.032,2.765,110.828,100.725,0.998,2.902,0.98,1.057,0.843,3.607,1.339
2021-04-08,2.728,5.109,7.053,2.766,110.724,100.725,1.003,2.96,0.972,1.054,0.837,3.614,1.33
2021-04-09,2.69,5.038,7.029,2.77,110.798,100.745,0.992,2.905,0.969,1.062,0.821,3.631,1.309
2021-04-12,2.627,4.954,6.915,2.777,111.021,100.757,0.971,2.822,0.957,1.029,0.8,3.612,1.282
2021-04-13,2.649,4.947,6.893,2.745,111.3,100.762,0.969,2.849,0.951,1.024,0.802,3.575,1.28
2021-04-14,2.707,4.975,6.956,2.751,111.37,100.767,0.98,2.849,0.956,1.039,0.826,3.615,1.29
2021-04-15,2.698,4.947,6.963,2.755,111.215,100.779,0.972,2.825,0.954,1.036,0.826,3.612,1.3
2021-04-16,2.688,4.963,7.05,2.79,111.573,100.783,0.978,2.809,0.952,1.039,0.823,3.643,1.315
2021-04-19,2.798,5.089,7.122,2.802,111.515,100.782,1.004,2.893,0.965,1.053,0.861,3.67,1.336
2021-04-20,2.791,5.081,7.136,2.794,111.599,100.796,0.994,2.9,0.952,1.046,0.864,3.635,1.33
2021-04-21,2.814,5.093,7.117,2.785,111.605,100.8,0.992,2.963,0.954,1.038,0.861,3.673,1.325
2021-04-22,2.837,5.089,7.143,2.793,111.538,100.807,0.995,2.964,0.969,1.038,0.864,3.676,1.345
2021-04-23,2.891,5.14,7.178,2.788,111.825,100.821,0.993,3.032,0.974,1.034,0.879,3.668,1.352
2021-04-26,2.863,5.076,7.148,2.78,111.698,100.822,0.977,3.018,0.985,1.034,0.866,3.649,1.352
2021-04-27,2.884,5.089,7.146,2.767,111.597,100.828,0.971,3.098,0.976,1.019,0.861,3.653,1.352
2021-04-28,2.949,5.127,7.198,2.77,111.304,100.832,0.974,3.162,0.999,1.027,0.88,3.632,1.361
2021-04-29,2.952,5.173,7.2,2.786,111.449,100.857,0.996,3.15,1.004,1.03,0.882,3.643,1.363
2021-04-30,2.989,5.128,7.211,2.757,111.66,100.879,0.987,3.202,1.005,0.994,0.906,3.625,1.364
2021-05-06,2.904,5.061,7.188,2.798,111.638,100.876,0.979,3.061,1.0,1.005,0.901,3.676,1.348
2021-05-07,2.819,5.0,7.157,2.829,111.616,100.896,0.963,2.985,0.953,0.994,0.881,3.717,1.304
2021-05-10,2.827,4.999,7.179,2.87,111.618,100.906,0.956,3.044,0.936,0.978,0.889,3.73,1.294
2021-05-11,2.823,5.025,7.159,2.843,111.842,100.917,0.968,3.103,0.939,1.002,0.876,3.725,1.294
2021-05-12,2.865,5.056,7.238,2.854,111.822,100.921,0.967,3.149,0.959,1.0,0.875,3.732,1.31
2021-05-13,2.845,5.001,7.158,2.811,111.746,100.923,0.964,3.167,0.96,0.996,0.856,3.717,1.313
2021-05-14,2.937,5.127,7.269,2.817,111.801,100.909,1.033,3.242,0.983,1.034,0.873,3.739,1.341
2021-05-17,3.007,5.188,7.306,2.812,111.772,100.93,1.018,3.311,0.983,1.041,0.902,3.777,1.367
2021-05-18,2.988,5.19,7.326,2.824,111.722,100.948,1.02,3.282,0.98,1.063,0.901,3.802,1.359
2021-05-19,3.012,5.176,7.314,2.799,111.968,100.956,1.02,3.272,0.99,1.066,0.921,3.812,1.365
2021-05-20,3.043,5.19,7.287,2.755,112.181,100.954,1.033,3.26,0.985,1.068,0.919,3.811,1.369
2021-05-21,3.012,5.135,7.259,2.76,112.5,100.972,1.013,3.214,0.978,1.047,0.922,3.816,1.354
2021-05-24,3.036,5.163,7.28,2.758,112.6,100.984,1.034,3.197,0.996,1.057,0.926,3.828,1.371
2021-05-25,3.119,5.327,7.358,2.785,112.541,100.965,1.076,3.293,1.02,1.093,0.935,3.812,1.408
2021-05-26,3.095,5.328,7.369,2.804,112.715,100.989,1.076,3.289,1.014,1.091,0.924,3.852,1.404
2021-05-27,3.118,5.347,7.43,2.816,112.471,100.986,1.077,3.314,1.059,1.1,0.926,3.829,1.437
2021-05-28,3.121,5.332,7.427,2.812,112.479,101.006,1.093,3.248,1.054,1.107,0.954,3.8,1.43
2021-05-31,3.195,5.338,7.479,2.815,112.392,101.006,1.094,3.296,1.067,1.139,0.997,3.828,1.484
2021-06-01,3.188,5.346,7.491,2.837,112.5,101.017,1.079,3.356,1.082,1.135,0.991,3.853,1.502
2021-06-02,3.133,5.303,7.445,2.832,112.658,101.027,1.058,3.288,1.071,1.105,0.984,3.793,1.469
2021-06-03,3.099,5.262,7.43,2.846,112.745,101.032,1.057,3.255,1.056,1.092,0.968,3.774,1.456
2021-06-04,3.141,5.295,7.465,2.84,112.552,101.053,1.065,3.272,1.085,1.104,0.982,3.732,1.475
2021-06-07,3.122,5.289,7.485,2.837,112.374,101.061,1.069,3.28,1.121,1.122,0.966,3.757,1.475
2021-06-08,3.105,5.247,7.458,2.826,112.366,101.072,1.075,3.229,1.113,1.138,0.957,3.778,1.465
2021-06-09,3.1,5.255,7.451,2.842,112.378,101.065,1.062,3.236,1.124,1.145,0.962,3.775,1.472
2021-06-10,3.179,5.289,7.546,2.853,112.382,101.067,1.066,3.296,1.14,1.149,1.003,3.764,1.498
2021-06-11,3.195,5.24,7.509,2.857,112.275,101.085,1.048,3.282,1.116,1.108,1.021,3.795,1.493
2021-06-15,3.155,5.181,7.418,2.841,112.087,101.1,1.032,3.219,1.131,1.112,1.011,3.73,1.499
2021-06-16,3.024,5.11,7.328,2.832,112.217,101.115,1.025,3.116,1.097,1.098,0.959,3.729,1.453
2021-06-17,3.088,5.121,7.373,2.824,112.058,101.132,1.029,3.136,1.186,1.111,0.976,3.667,1.528
2021-06-18,3.137,5.126,7.447,2.824,112.232,101.134,1.039,3.165,1.199,1.134,1.011,3.625,1.55
2021-06-21,3.166,5.119,7.476,2.812,112.358,101.132,1.037,3.176,1.201,1.18,1.025,3.628,1.584
2021-06-22,3.174,5.145,7.52,2.837,112.299,101.134,1.034,3.26,1.199,1.173,1.028,3.641,1.58
2021-06-23,3.217,5.176,7.581,2.873,112.273,101.14,1.039,3.258,1.257,1.17,1.051,3.645,1.588
2021-06-24,3.174,5.189,7.554,2.885,112.328,101.151,1.042,3.206,1.235,1.152,1.059,3.628,1.561
2021-06-25,3.243,5.27,7.614,2.895,112.443,101.162,1.075,,1.252,1.156,1.074,3.624,1.595
2021-06-28,3.305,5.279,7.619,2.859,112.402,101.156,1.066,0.836,1.282,1.16,1.091,3.629,1.618
2021-06-29,3.297,5.225,7.561,2.838,112.547,101.178,1.05,0.829,1.273,1.135,1.106,3.616,1.621
2021-06-30,3.373,5.256,7.598,2.852,112.72,101.192,1.062,0.832,1.335,1.152,1.129,3.584,1.648
2021-07-01,3.34,5.254,7.513,2.853,112.811,101.224,1.032,0.848,1.306,1.105,1.101,3.629,1.633
2021-07-02,3.227,5.113,7.449,2.829,112.866,101.222,1.003,0.809,1.283,1.065,1.093,3.632,1.594
2021-07-05,3.25,5.12,7.494,2.836,112.861,101.23,1.004,0.804,1.346,1.07,1.116,3.645,1.64
2021-07-06,3.196,5.127,7.493,2.843,112.9,101.234,1.009,0.775,1.315,1.079,1.104,3.679,1.591
2021-07-07,3.305,5.18,7.561,2.846,113.03,101.236,1.012,0.791,1.342,1.107,1.172,3.676,1.624
2021-07-08,3.322,5.136,7.55,2.803,113.4,101.245,1.011,0.777,1.387,1.152,1.203,3.67,1.67
2021-07-09,3.303,5.112,7.615,2.821,113.606,101.258,1.014,0.779,1.369,1.143,1.217,3.68,1.644
2021-07-12,3.427,5.18,7.723,2.826,113.64,101.261,1.035,0.797,1.388,1.16,1.262,3.674,1.66
2021-07-13,3.411,5.196,7.796,2.848,114.132,101.27,1.03,0.799,1.313,1.153,1.265,3.689,1.654
2021-07-14,3.382,5.139,7.745,2.854,114.33,101.296,1.02,0.801,1.303,1.131,1.223,3.692,1.616
2021-07-15,3.429,5.207,7.763,2.885,113.886,101.276,1.034,0.807,1.31,1.13,1.264,3.721,1.617
2021-07-16,3.328,5.156,7.774,2.897,113.94,101.298,1.035,0.803,1.288,1.179,1.228,3.711,1.584
2021-07-19,3.35,5.178,7.73,2.889,113.895,101.303,1.029,0.821,1.289,1.169,1.207,3.679,1.573
2021-07-20,3.356,5.165,7.739,2.869,114.101,101.304,1.027,0.826,1.318,1.19,1.224,3.709,1.577
2021-07-21,3.455,5.204,7.837,2.865,114.18,101.31,1.041,0.835,1.368,1.209,1.284,3.695,1.623
2021-07-22,3.438,5.209,7.871,2.89,114.15,101.311,1.058,0.809,1.413,1.206,1.307,3.667,1.638
2021-07-23,3.367,5.157,7.856,2.881,114.203,101.32,1.065,0.783,1.416,1.234,1.297,3.684,1.627
2021-07-26,3.27,4.982,7.711,2.832,114.361,101.334,1.036,0.741,1.437,1.243,1.29,3.693,1.616
2021-07-27,3.14,4.809,7.564,2.773,114.417,101.342,1.002,0.711,1.46,1.218,1.209,3.662,1.605
2021-07-28,3.183,4.819,7.45,2.747,114.461,101.348,0.993,0.732,1.413,1.158,1.204,3.698,1.574
2021-07-29,3.358,4.906,7.577,2.769,114.364,101.349,1.006,0.748,1.516,1.208,1.291,3.708,1.651
2021-07-30,3.328,4.872,7.601,2.8,114.564,101.385,0.985,0.741,1.541,1.206,1.309,3.72,1.651
2021-08-02,3.393,4.993,7.704,2.777,114.851,101.374,1.02,0.751,1.496,1.271,1.317,3.68,1.657
2021-08-03,3.363,4.995,7.65,2.738,115.115,101.395,1.024,0.778,1.396,1.251,1.26,3.681,1.621
2021-08-04,3.446,5.039,7.763,2.762,114.942,101.389,1.026,0.778,1.448,1.286,1.347,3.689,1.665
2021-08-05,3.419,5.009,7.754,2.75,114.997,101.404,1.008,0.772,1.452,1.331,1.353,3.685,1.664
2021-08-06,3.386,4.993,7.79,2.761,115.013,101.434,1.012,0.744,1.435,1.342,1.376,3.663,1.65
2021-08-09,3.348,5.048,7.821,2.801,114.664,101.431,1.034,0.749,1.4,1.333,1.334,3.568,1.631
2021-08-10,3.366,5.105,7.874,2.8,114.55,101.428,1.049,0.759,1.383,1.385,1.325,3.552,1.647
2021-08-11,3.326,5.078,7.934,2.858,114.217,101.437,1.039,0.742,1.394,1.379,1.338,3.548,1.639
2021-08-12,3.28,5.046,7.965,2.889,114.389,101.462,1.032,0.729,1.408,1.34,1.336,3.58,1.646
2021-08-13,3.249,5.019,7.967,2.884,114.485,101.463,1.034,0.727,1.348,1.335,1.322,3.591,1.611
2021-08-16,3.206,5.016,7.927,2.892,114.479,101.459,1.043,0.724,1.363,1.309,1.281,3.621,1.607
2021-08-17,3.126,4.904,7.752,2.858,114.53,101.464,1.036,0.699,1.31,1.287,1.279,3.658,1.566
2021-08-18,3.16,4.957,7.785,2.876,114.784,101.467,1.107,0.698,1.315,1.323,1.265,3.66,1.565
2021-08-19,3.177,4.923,7.802,2.866,114.833,101.47,1.085,0.701,1.343,1.35,1.296,3.648,1.603
2021-08-20,3.1,4.833,7.768,2.881,114.805,101.49,1.086,0.665,1.358,1.346,1.296,3.659,1.59
2021-08-23,3.195,4.905,7.88,2.894,114.756,101.482,1.089,0.675,1.382,1.405,1.331,3.652,1.621
2021-08-24,3.225,4.957,7.963,2.918,114.882,101.484,1.111,0.688,1.409,1.397,1.359,3.679,1.636
2021-08-25,3.241,4.971,8.027,2.952,114.895,101.5,1.095,0.692,1.394,1.383,1.389,3.658,1.601
2021-08-26,3.164,4.886,7.993,2.993,114.504,101.506,1.08,0.666,1.362,1.378,1.371,3.645,1.555
2021-08-27,3.158,4.899,8.054,3.022,114.606,101.513,1.077,0.665,1.366,1.355,1.396,3.682,1.538
2021-08-30,3.164,4.881,8.11,3.047,114.63,101.52,1.059,0.663,1.34,1.391,1.445,3.691,1.527
2021-08-31,3.106,4.879,8.142,3.12,114.718,101.535,1.083,0.648,1.295,1.394,1.426,3.69,1.491
2021-09-01,3.094,4.949,8.073,3.115,115.004,101.549,1.122,0.659,1.304,1.349,1.351,3.69,1.48
2021-09-02,3.046,4.945,8.219,3.194,114.95,101.556,1.14,0.638,1.254,1.343,1.391,3.687,1.456
2021-09-03,3.01,4.918,8.177,3.171,115.0,101.584,1.128,0.641,1.256,1.292,1.344,3.687,1.457
2021-09-06,3.129,5.002,8.248,3.199,114.962,101.576,1.164,0.675,1.288,1.312,1.359,3.708,1.493
2021-09-07,3.147,5.065,8.429,3.28,114.9,101.584,1.195,0.673,1.29,1.328,1.393,3.696,1.494
2021-09-08,3.123,5.044,8.483,3.316,114.79,101.587,1.189,0.667,1.278,1.31,1.37,3.653,1.467
2021-09-09,3.126,5.042,8.557,3.417,114.747,101.594,1.18,0.667,1.267,1.344,1.371,3.639,1.454
2021-09-10,3.135,5.091,8.554,3.354,114.743,101.607,1.195,0.664,1.327,1.328,1.385,3.66,1.482
2021-09-13,3.095,5.064,8.583,3.426,114.592,101.607,1.201,0.659,1.27,1.314,1.361,3.642,1.438
2021-09-14,3.14,4.998,8.488,3.356,114.477,101.623,1.166,0.663,1.28,1.299,1.381,3.646,1.452
2021-09-15,3.105,4.945,8.524,3.333,114.352,101.625,1.162,0.652,1.267,1.307,1.413,3.659,1.437
2021-09-16,3.035,4.889,8.369,3.32,114.486,101.633,1.136,0.654,1.224,1.275,1.346,3.628,1.402
2021-09-17,3.097,4.928,8.301,3.231,114.639,101.66,1.15,0.684,1.238,1.258,1.346,3.592,1.413
2021-09-22,3.068,4.895,8.383,3.289,114.736,101.655,1.14,0.68,1.246,1.279,1.355,3.64,1.41
2021-09-23,3.086,4.924,8.429,3.28,114.738,101.661,1.155,0.68,1.276,1.312,1.356,3.605,1.419
2021-09-24,3.109,4.931,8.304,3.166,114.713,101.678,1.14,0.685,1.268,1.307,1.371,3.586,1.428
2021-09-27,3.13,4.963,8.075,3.081,114.781,101.682,1.107,0.696,1.258,1.262,1.345,3.59,1.424
2021-09-28,3.114,4.954,8.08,3.159,114.714,101.702,1.125,0.691,1.264,1.273,1.328,3.562,1.407
2021-09-29,3.083,4.921,7.898,3.075,114.928,101.721,1.111,0.68,1.238,1.228,1.307,3.557,1.399
2021-09-30,3.148,4.935,7.969,3.09,114.93,101.791,1.109,0.69,1.252,1.238,1.348,3.543,1.423
2021-10-08,3.138,5.006,7.958,3.08,114.702,101.773,1.12,0.694,1.238,1.22,1.316,3.587,1.417
2021-10-11,3.096,5.005,7.951,3.123,114.62,101.779,1.112,0.683,1.222,1.247,1.302,3.573,1.404
2021-10-12,3.042,4.953,7.798,3.083,114.395,101.791,1.078,0.68,1.18,1.21,1.275,3.591,1.371
2021-10-13,3.109,5.009,7.833,3.043,114.37,101.804,1.085,0.692,1.207,1.209,1.321,3.59,1.395
2021-10-14,3.112,4.982,7.862,3.026,114.432,101.828,1.082,0.677,1.207,1.231,1.34,3.636,1.398
2021-10-15,3.176,5.006,7.902,3.048,114.417,101.834,1.081,0.669,1.254,1.239,1.374,3.629,1.418
2021-10-18,3.172,4.948,7.926,3.097,114.009,101.817,1.082,0.657,1.235,1.255,1.411,3.58,1.405
2021-10-19,3.191,4.995,7.988,3.109,113.941,101.812,1.09,0.667,1.239,1.258,1.413,3.594,1.42
2021-10-20,3.185,4.981,7.985,3.035,114.044,101.826,1.084,0.665,1.229,1.272,1.436,3.584,1.424
2021-10-21,3.174,5.003,7.964,3.073,114.173,101.828,1.087,0.662,1.209,1.257,1.417,3.601,1.415
2021-10-22,3.185,5.036,7.903,3.011,114.223,101.845,1.089,0.666,1.249,1.261,1.395,3.615,1.423
2021-10-25,3.236,5.053,7.969,3.01,114.211,101.855,1.103,0.668,1.262,1.279,1.452,3.606,1.434
2021-10-26,3.221,5.036,7.981,2.984,114.316,101.862,1.092,0.663,1.257,1.277,1.445,3.621,1.429
2021-10-27,3.205,4.97,7.91,2.913,114.371,101.876,1.064,0.648,1.233,1.289,1.481,3.594,1.412
2021-10-28,3.178,4.949,7.816,2.836,114.393,101.858,1.056,0.646,1.229,1.262,1.461,3.629,1.412
2021-10-29,3.249,4.981,7.895,2.84,114.523,101.878,1.064,0.655,1.254,1.303,1.49,3.609,1.45
2021-11-01,3.224,4.965,7.925,2.849,114.672,101.882,1.068,0.642,1.27,1.327,1.478,3.594,1.459
2021-11-02,3.228,4.913,7.848,2.798,114.914,101.89,1.046,0.632,1.305,1.361,1.469,3.617,1.46
2021-11-03,3.222,4.893,7.874,2.839,115.105,101.896,1.049,0.638,1.295,1.346,1.434,3.589,1.454
2021-11-04,3.26,4.94,7.938,2.832,115.035,101.903,1.05,0.641,1.309,1.364,1.462,3.575,1.466
2021-11-05,3.248,4.923,7.873,2.793,115.109,101.911,1.048,0.641,1.31,1.348,1.436,3.624,1.453
2021-11-08,3.278,4.919,7.897,2.79,115.191,101.919,1.059,0.627,1.285,1.353,1.478,3.66,1.454
2021-11-09,3.3,4.917,7.947,2.776,115.114,101.929,1.065,0.631,1.315,1.403,1.489,3.671,1.476
2021-11-10,3.296,4.892,7.927,2.769,114.997,101.944,1.062,0.647,1.324,1.398,1.466,3.669,1.475
2021-11-11,3.324,4.972,7.993,2.816,114.794,101.937,1.094,0.645,1.359,1.402,1.467,3.721,1.493
2021-11-12,3.324,4.97,8.037,2.8,114.869,101.944,1.091,0.642,1.351,1.454,1.47,3.722,1.497
2021-11-15,3.295,4.964,7.978,2.804,115.053,101.958,1.084,0.656,1.334,1.43,1.42,3.716,1.486
2021-11-16,3.282,4.96,7.924,2.787,115.191,101.97,1.069,0.676,1.313,1.373,1.396,3.732,1.475
2021-11-17,3.317,4.959,7.971,2.79,115.066,101.977,1.068,0.676,1.323,1.4,1.431,3.72,1.491
2021-11-18,3.274,4.915,7.97,2.79,115.29,101.99,1.056,0.661,1.306,1.44,1.431,3.735,1.479
2021-11-19,3.313,4.97,8.065,2.826,115.144,101.994,1.075,0.659,1.311,1.439,1.447,3.73,1.501
2021-11-22,3.393,4.983,8.135,2.825,115.217,101.999,1.083,0.653,1.374,1.456,1.499,3.696,1.533
2021-11-23,3.38,4.986,8.154,2.838,115.224,102.005,1.085,0.654,1.37,1.446,1.494,3.632,1.532
2021-11-24,3.362,4.997,8.147,2.87,115.253,102.01,1.083,0.659,1.365,1.422,1.459,3.613,1.527
2021-11-25,3.368,4.978,8.142,2.859,115.33,102.018,1.079,0.665,1.382,1.414,1.443,3.611,1.524
2021-11-26,3.364,4.936,8.119,2.827,115.609,102.033,1.071,0.664,1.345,1.414,1.46,3.628,1.515
2021-11-29,3.389,4.929,8.127,2.792,115.553,102.022,1.061,0.664,1.352,1.447,1.485,3.614,1.531
2021-11-30,3.386,4.911,8.143,2.794,115.418,102.036,1.061,0.663,1.366,1.476,1.486,3.605,1.53
2021-12-01,3.365,4.924,8.185,2.819,115.32,102.054,1.076,0.655,1.37,1.453,1.474,3.591,1.511
2021-12-02,3.355,4.934,8.136,2.834,115.44,102.057,1.084,0.646,1.372,1.441,1.468,3.575,1.483
2021-12-03,3.37,4.979,8.212,2.865,115.394,102.069,1.09,0.651,1.407,1.475,1.468,3.566,1.499
2021-12-06,3.294,4.974,8.147,2.857,115.545,102.082,1.104,0.639,1.374,1.472,1.437,3.592,1.462
2021-12-07,3.266,5.002,8.097,2.887,115.432,102.098,1.108,0.644,1.339,1.422,1.41,3.584,1.447
2021-12-08,3.314,5.074,8.216,2.887,115.457,102.089,1.123,0.652,1.376,1.448,1.434,3.589,1.468
2021-12-09,3.353,5.158,8.224,2.898,115.316,102.087,1.145,0.668,1.375,1.442,1.429,3.575,1.489
2021-12-10,3.37,5.143,8.221,2.878,115.486,102.107,1.129,0.662,1.368,1.431,1.452,3.565,1.499
2021-12-13,3.389,5.156,8.239,2.869,115.32,102.116,1.134,0.656,1.372,1.427,1.45,3.585,1.495
2021-12-14,3.384,5.125,8.219,2.831,115.619,102.129,1.128,0.659,1.358,1.433,1.434,3.588,1.493
2021-12-15,3.355,5.079,8.209,2.843,115.547,102.133,1.133,0.639,1.338,1.426,1.428,3.552,1.475
2021-12-16,3.378,5.106,8.284,2.885,115.482,102.137,1.144,0.642,1.339,1.43,1.435,3.584,1.478
2021-12-17,3.328,5.033,8.226,2.869,115.6,102.159,1.133,0.636,1.295,1.405,1.4,3.629,1.452
2021-12-20,3.225,4.958,8.097,2.843,115.555,102.164,1.114,0.624,1.27,1.374,1.335,3.624,1.421
2021-12-21,3.247,4.979,8.158,2.882,115.554,102.157,1.128,0.631,1.28,1.38,1.341,3.599,1.431
2021-12-22,3.26,4.982,8.192,2.877,115.67,102.173,1.118,0.632,1.289,1.379,1.343,3.591,1.428
2021-12-23,3.269,5.02,8.238,2.886,115.889,102.177,1.116,0.627,1.291,1.388,1.351,3.627,1.43
2021-12-24,3.196,4.997,8.19,2.875,115.889,102.195,1.11,0.63,1.286,1.388,1.3,3.633,1.415
2021-12-27,3.19,5.001,8.172,2.882,116.071,102.197,1.112,0.634,1.281,1.383,1.297,3.63,1.411
2021-12-28,3.226,5.027,8.178,2.865,116.031,102.207,1.119,0.638,1.292,1.392,1.328,3.642,1.422
2021-12-29,3.182,4.96,8.157,2.855,116.015,102.211,1.107,0.629,1.275,1.412,1.324,3.625,1.41
2021-12-30,3.219,4.996,8.216,2.852,116.227,102.216,1.124,0.633,1.304,1.458,1.327,3.606,1.43
2021-12-31,3.218,5.008,8.258,2.876,116.195,100.123,1.127,0.633,1.3,1.457,1.357,3.643,1.452
2022-01-04,3.154,4.99,8.265,2.918,116.355,100.116,1.123,0.617,1.276,1.443,1.313,3.62,1.42
2022-01-05,3.064,4.943,8.103,2.909,116.32,100.111,1.111,0.609,1.223,1.369,1.259,3.635,1.384
2022-01-06,3.034,4.887,8.113,2.913,116.181,100.126,1.089,0.601,1.219,1.353,1.264,3.614,1.375
2022-01-07,3.003,4.899,8.072,2.929,116.203,100.146,1.09,0.599,1.205,1.336,1.235,3.592,1.358
2022-01-10,2.998,4.912,8.073,2.948,116.319,100.153,1.091,0.604,1.195,1.323,1.227,3.599,1.372
2022-01-11,2.96,4.867,8.026,2.969,116.298,100.166,1.091,0.604,1.166,1.288,1.213,3.629,1.344
2022-01-12,3.035,4.919,8.081,2.957,116.251,100.17,1.095,0.609,1.186,1.318,1.261,3.646,1.366
2022-01-13,2.99,4.838,7.991,2.956,116.381,100.176,1.089,0.596,1.166,1.291,1.24,3.654,1.348
2022-01-14,3.015,4.794,7.953,2.911,116.534,100.192,1.06,0.597,1.182,1.297,1.254,3.65,1.366
2022-01-17,3.068,4.835,8.032,2.828,116.561,100.203,1.069,0.599,1.207,1.321,1.271,3.635,1.391
2022-01-18,3.047,4.881,8.046,2.858,116.838,100.21,1.072,0.598,1.221,1.322,1.265,3.629,1.395
2022-01-19,2.985,4.78,8.0,2.875,117.145,100.201,1.076,0.582,1.203,1.294,1.228,3.625,1.378
2022-01-20,2.975,4.818,7.937,2.861,117.013,100.196,1.092,0.58,1.19,1.263,1.219,3.674,1.362
2022-01-21,2.941,4.784,7.853,2.858,117.306,100.223,1.083,0.566,1.169,1.232,1.221,3.672,1.344
2022-01-24,2.962,4.786,7.843,2.844,117.612,100.224,1.076,0.564,1.185,1.246,1.249,3.662,1.362
2022-01-25,2.881,4.68,7.586,2.765,117.59,100.237,1.049,0.552,1.156,1.23,1.223,3.671,1.327
2022-01-26,2.906,4.706,7.614,2.773,117.071,100.247,1.065,0.542,1.169,1.227,1.243,3.674,1.326
2022-01-27,2.815,4.625,7.432,2.755,116.994,100.267,1.041,0.534,1.129,1.194,1.207,3.606,1.291
2022-01-28,2.819,4.554,7.381,2.747,117.039,100.33,1.031,0.53,1.111,1.201,1.195,3.594,1.283
2022-02-07,2.83,4.626,7.487,2.806,117.037,100.355,1.045,0.536,1.114,1.194,1.209,3.62,1.284
2022-02-08,2.758,4.604,7.576,2.873,117.167,100.357,1.061,0.529,1.084,1.182,1.166,3.641,1.256
2022-02-09,2.791,4.643,7.68,2.879,117.173,100.335,1.063,0.533,1.094,1.209,1.172,3.658,1.26
2022-02-10,2.74,4.632,7.679,2.92,117.197,100.327,1.064,0.526,1.094,1.202,1.139,3.665,1.238
2022-02-11,2.66,4.596,7.587,2.923,116.761,100.343,1.064,0.509,1.077,1.176,1.114,3.645,1.217
2022-02-14,2.646,4.547,7.522,2.877,116.535,100.345,1.017,0.511,1.07,1.181,1.116,3.705,1.22
2022-02-15,2.726,4.589,7.588,2.858,116.625,100.358,1.017,0.533,1.109,1.209,1.163,3.742,1.25
2022-02-16,2.725,4.61,7.604,2.887,116.672,100.362,1.02,0.533,1.101,1.196,1.161,3.692,1.245
2022-02-17,2.744,4.62,7.606,2.873,116.751,100.366,1.012,0.534,1.112,1.202,1.193,3.726,1.255
2022-02-18,2.739,4.644,7.674,2.926,116.736,100.379,1.014,0.537,1.103,1.198,1.182,3.76,1.252
2022-02-21,2.713,4.627,7.708,2.952,116.52,100.38,1.013,0.537,1.097,1.2,1.176,3.754,1.241
2022-02-22,2.678,4.567,7.622,2.941,116.324,100.384,0.993,0.528,1.1,1.189,1.185,3.801,1.231
2022-02-23,2.754,4.615,7.735,2.91,116.524,100.384,1.005,0.539,1.168,1.235,1.225,3.772,1.279
2022-02-24,2.693,4.53,7.602,2.885,116.615,100.392,0.978,0.527,1.155,1.249,1.219,3.853,1.266
2022-02-25,2.763,4.565,7.656,2.865,116.687,100.402,0.979,0.544,1.16,1.242,1.243,3.807,1.29
2022-02-28,2.786,4.571,7.695,2.874,116.794,100.408,0.976,0.546,1.169,1.259,1.269,3.787,1.297
2022-03-01,2.795,4.609,7.715,2.904,116.522,100.42,0.986,0.548,1.169,1.28,1.269,3.786,1.29
2022-03-02,2.741,4.574,7.718,2.937,116.499,100.429,0.98,0.542,1.151,1.266,1.253,3.837,1.281
2022-03-03,2.704,4.545,7.709,2.972,116.267,100.443,0.981,0.536,1.128,1.239,1.234,3.827,1.26
2022-03-04,2.662,4.494,7.656,2.962,116.221,100.454,0.969,0.533,1.14,1.22,1.212,3.841,1.254
2022-03-07,2.543,4.346,7.481,2.942,116.384,100.462,0.943,0.515,1.097,1.202,1.171,3.926,1.217
2022-03-08,2.507,4.264,7.204,2.859,116.495,100.468,0.924,0.502,1.104,1.155,1.149,4.015,1.183
2022-03-09,2.483,4.224,7.079,2.802,116.125,100.478,0.901,0.487,1.112,1.126,1.148,4.061,1.184
2022-03-10,2.547,4.284,7.192,2.848,116.345,100.478,0.897,0.504,1.118,1.155,1.198,3.931,1.201
2022-03-11,2.583,4.312,7.294,2.868,116.618,100.493,0.916,0.516,1.118,1.16,1.189,3.937,1.212
2022-03-14,2.49,4.172,7.103,2.829,117.188,100.509,0.902,0.508,1.08,1.155,1.152,3.917,1.174
2022-03-15,2.421,3.973,6.684,2.671,116.849,100.505,0.871,0.488,1.041,1.108,1.13,3.832,1.142
2022-03-16,2.552,4.146,6.919,2.73,116.732,100.495,0.925,0.504,1.101,1.144,1.186,3.796,1.172
2022-03-17,2.624,4.23,7.032,2.76,116.65,100.505,0.921,0.524,1.116,1.155,1.194,3.845,1.189
2022-03-18,2.635,4.258,7.104,2.83,116.828,100.512,0.93,0.527,1.11,1.139,1.188,3.851,1.19
2022-03-21,2.636,4.252,7.131,2.849,116.685,100.543,0.916,0.532,1.117,1.157,1.199,3.841,1.2
2022-03-22,2.602,4.248,7.133,2.897,116.627,100.535,0.917,0.52,1.1,1.142,1.181,3.866,1.181
2022-03-23,2.629,4.273,7.181,2.893,116.667,100.541,0.916,0.532,1.099,1.166,1.185,3.835,1.191
2022-03-24,2.62,4.246,7.126,2.9,116.696,100.561,0.906,0.544,1.072,1.153,1.167,3.88,1.182
2022-03-25,2.565,4.169,7.035,2.901,116.886,100.567,0.897,0.527,1.06,1.143,1.134,3.907,1.153
2022-03-28,2.512,4.144,7.059,2.947,116.918,100.562,0.897,0.52,1.048,1.12,1.114,3.872,1.136
2022-03-29,2.511,4.126,7.021,2.965,116.96,100.579,0.889,0.525,1.027,1.132,1.118,3.849,1.125
2022-03-30,2.61,4.249,7.173,2.973,117.037,100.563,0.924,0.538,1.049,1.15,1.159,3.839,1.158
2022-03-31,2.574,4.218,7.111,3.012,116.882,100.61,0.917,0.535,1.022,1.127,1.123,3.833,1.137
2022-04-01,2.58,4.269,7.16,3.045,117.067,100.613,0.929,0.532,1.023,1.127,1.127,3.853,1.135
2022-04-06,2.55,4.257,7.144,3.09,117.174,100.628,0.929,0.53,0.989,1.103,1.1,3.836,1.103
2022-04-07,2.496,4.205,6.982,3.044,117.243,100.64,0.913,0.521,0.967,1.086,1.081,3.843,1.081
2022-04-08,2.491,4.233,7.005,3.079,117.48,100.654,0.925,0.516,0.972,1.076,1.074,3.852,1.072
2022-04-11,2.386,4.101,6.782,3.02,117.401,100.661,0.898,0.507,0.92,1.023,1.012,3.886,1.032
2022-04-12,2.44,4.171,6.893,3.01,117.463,100.656,0.925,0.519,0.934,1.039,1.026,3.908,1.038
2022-04-13,2.394,4.139,6.793,3.033,117.371,100.661,0.918,0.507,0.908,1.013,1.016,3.926,1.006
2022-04-14,2.389,4.183,6.883,3.089,117.51,100.668,0.931,0.51,0.927,1.013,1.007,3.931,1.017
2022-04-15,2.385,4.181,6.821,3.056,117.361,100.686,0.925,0.515,0.927,1.015,0.992,3.944,1.017
2022-04-18,2.412,4.161,6.827,2.992,117.177,100.685,0.902,0.514,0.962,1.044,1.013,3.967,1.047
2022-04-19,2.377,4.134,6.849,3.036,117.078,100.696,0.895,0.502,0.939,1.041,1.014,3.936,1.03
2022-04-20,2.288,4.064,6.691,2.949,116.908,100.695,0.88,0.494,0.927,1.024,0.973,3.886,1.013
2022-04-21,2.24,3.996,6.485,2.895,117.102,100.699,0.877,0.481,0.911,0.991,0.929,3.937,1.001
2022-04-22,2.225,4.006,6.446,2.925,117.082,100.705,0.879,0.48,0.885,0.976,0.921,3.951,0.983
2022-04-25,2.103,3.813,6.025,2.801,117.203,100.709,0.853,0.456,0.819,0.901,0.854,3.924,0.924
2022-04-26,2.086,3.783,5.915,2.762,117.305,100.719,0.811,0.463,0.799,0.862,0.835,3.89,0.909
2022-04-27,2.2,3.889,6.114,2.798,117.225,100.726,0.823,0.472,0.85,0.923,0.919,3.892,0.945
2022-04-28,2.158,3.915,6.097,2.844,117.078,100.75,0.806,0.469,0.841,0.927,0.916,3.89,0.941
2022-04-29,2.244,4.015,6.347,2.878,117.204,100.779,0.843,0.479,0.868,0.981,0.958,3.942,0.986
2022-05-05,2.212,4.0,6.391,2.867,117.174,100.769,0.83,0.48,0.874,1.018,0.956,3.929,0.994
2022-05-06,2.177,3.903,6.248,2.792,117.124,100.794,0.808,0.47,0.851,1.007,0.936,3.922,0.984
2022-05-09,2.162,3.871,6.303,2.784,117.251,100.801,0.809,0.465,0.846,1.033,0.947,3.939,0.987
2022-05-10,2.204,3.916,6.409,2.787,117.449,100.808,0.821,0.469,0.876,1.037,0.973,3.91,1.014
2022-05-11,2.272,3.971,6.452,2.785,117.334,100.806,0.826,0.479,0.908,1.032,1.013,3.89,1.045
2022-05-12,2.277,3.951,6.457,2.773,117.433,100.813,0.827,0.484,0.914,1.04,1.009,3.928,1.056
2022-05-13,2.285,3.982,6.531,2.828,117.475,100.836,0.833,0.483,0.912,1.043,1.01,3.888,1.055
2022-05-16,2.257,3.951,6.511,2.872,117.41,100.842,0.824,0.476,0.903,1.039,1.0,3.851,1.038
2022-05-17,2.293,4.0,6.546,2.862,117.447,100.839,0.83,0.471,0.933,1.052,1.033,3.877,1.052
2022-05-18,2.29,3.986,6.524,2.834,117.49,100.845,0.832,0.466,0.935,1.056,1.043,3.836,1.057
2022-05-19,2.306,3.995,6.585,2.837,117.472,100.851,0.83,0.465,0.952,1.063,1.077,3.85,1.08
2022-05-20,2.347,4.079,6.687,2.876,117.486,100.852,0.846,0.479,0.955,1.06,1.09,3.872,1.089
2022-05-23,2.332,4.047,6.715,2.88,117.615,100.86,0.848,0.479,0.962,1.057,1.088,3.875,1.089
2022-05-24,2.246,3.965,6.486,2.836,117.718,100.873,0.825,0.461,0.924,1.021,1.05,3.882,1.041
2022-05-25,2.253,3.982,6.59,2.865,117.855,100.875,0.828,0.463,0.927,1.032,1.055,3.887,1.049
2022-05-26,2.249,3.992,6.666,2.905,118.1,100.883,0.842,0.458,0.921,1.066,1.057,3.901,1.048
2022-05-27,2.251,4.002,6.666,2.904,118.12,100.893,0.839,0.462,0.914,1.063,1.052,3.917,1.036
2022-05-30,2.276,4.025,6.702,2.89,117.976,100.887,0.837,0.468,0.927,1.076,1.066,3.885,1.044
2022-05-31,2.334,4.089,6.807,2.894,117.783,100.891,0.847,0.478,0.946,1.081,1.088,3.877,1.078
2022-06-01,2.354,4.083,6.8,2.903,117.85,100.9,0.844,0.476,0.947,1.087,1.092,3.852,1.078
2022-06-02,2.386,4.094,6.882,2.885,117.755,100.896,0.848,0.469,0.985,1.111,1.12,3.877,1.126
2022-06-06,2.477,4.176,6.991,2.884,117.689,100.914,0.868,0.483,1.013,1.127,1.179,3.869,1.169
2022-06-07,2.478,4.182,6.987,2.899,117.696,100.926,0.868,0.49,0.993,1.124,1.179,3.854,1.16
2022-06-08,2.494,4.224,7.036,2.937,117.712,100.93,0.882,0.498,0.988,1.112,1.182,3.872,1.158
2022-06-09,2.423,4.19,6.951,2.944,117.89,100.937,0.883,0.488,0.956,1.086,1.164,3.881,1.128
2022-06-10,2.48,4.248,7.078,2.964,117.851,100.924,0.905,0.492,0.971,1.122,1.195,3.865,1.149
2022-06-13,2.469,4.196,7.057,2.92,117.927,100.958,0.894,0.482,0.957,1.123,1.207,3.926,1.134
2022-06-14,2.475,4.236,7.129,2.958,117.756,100.97,0.942,0.484,0.934,1.103,1.198,3.855,1.117
2022-06-15,2.497,4.285,7.099,2.961,117.762,100.967,0.971,0.492,0.947,1.109,1.188,3.834,1.111
2022-06-16,2.507,4.258,7.11,2.914,117.69,100.97,0.931,0.498,0.963,1.11,1.204,3.846,1.126
2022-06-17,2.584,4.321,7.178,2.907,117.73,100.981,0.927,0.514,0.959,1.114,1.249,3.874,1.143
2022-06-20,2.626,4.342,7.178,2.885,117.669,100.99,0.922,0.522,0.966,1.127,1.273,3.858,1.143
2022-06-21,2.615,4.34,7.126,2.891,117.688,100.994,0.918,0.517,0.957,1.105,1.254,3.852,1.131
2022-06-22,2.596,4.29,7.015,2.855,117.76,101.009,0.904,0.509,0.925,1.084,1.264,3.849,1.11
2022-06-23,2.68,4.365,7.17,2.879,117.738,100.995,0.937,0.512,0.949,1.145,1.296,3.854,1.132
2022-06-24,2.738,4.413,7.253,2.883,117.714,101.006,0.937,0.525,0.962,1.171,1.324,3.827,1.152
2022-06-27,2.741,4.461,7.283,2.91,117.424,101.016,0.938,0.535,0.976,1.171,1.33,3.853,1.152
2022-06-28,2.754,4.513,7.406,2.935,117.443,101.028,0.947,0.535,1.01,1.197,1.354,3.832,1.168
2022-06-29,2.683,4.458,7.289,2.947,117.417,101.038,0.926,0.533,0.993,1.163,1.292,3.821,1.14
2022-06-30,2.73,4.508,7.346,2.964,117.565,101.04,0.934,0.549,1.014,1.17,1.326,3.818,1.155
2022-07-01,2.699,4.493,7.333,2.969,117.6,101.061,0.924,0.546,1.01,1.167,1.321,3.784,1.142
2022-07-04,2.75,4.521,7.422,2.975,117.426,101.068,0.926,0.572,0.98,1.202,1.347,3.801,1.142
2022-07-05,2.739,4.511,7.412,2.989,117.426,101.092,0.915,0.575,0.975,1.19,1.359,3.797,1.139
2022-07-06,2.725,4.452,7.316,2.923,117.575,101.1,0.906,0.56,0.996,1.182,1.353,3.725,1.15
2022-07-07,2.769,4.468,7.346,2.936,117.699,101.094,0.903,0.551,0.991,1.203,1.391,3.676,1.161
2022-07-08,2.731,4.464,7.303,2.934,117.648,101.102,0.895,0.552,0.998,1.188,1.351,3.669,1.153
2022-07-11,2.69,4.388,7.206,2.907,117.772,101.109,0.886,0.546,0.971,1.178,1.308,3.669,1.129
2022-07-12,2.622,4.352,7.119,2.93,117.788,101.114,0.89,0.529,0.938,1.157,1.29,3.668,1.096
2022-07-13,2.665,4.359,7.145,2.928,117.907,101.112,0.888,0.53,0.924,1.151,1.325,3.646,1.099
2022-07-14,2.735,4.36,7.195,2.898,117.917,101.111,0.882,0.542,0.934,1.181,1.362,3.647,1.125
2022-07-15,2.68,4.295,7.074,2.858,118.069,101.13,0.859,0.529,0.931,1.161,1.343,3.622,1.121
2022-07-18,2.717,4.341,7.205,2.917,117.976,101.135,0.877,0.531,0.932,1.164,1.35,3.635,1.119
2022-07-19,2.67,4.319,7.231,2.921,117.912,101.14,0.884,0.523,0.925,1.17,1.319,3.627,1.11
2022-07-20,2.68,4.331,7.323,2.926,117.959,101.139,0.883,0.528,0.935,1.219,1.324,3.628,1.128
2022-07-21,2.67,4.286,7.252,2.882,118.094,101.146,0.876,0.527,0.959,1.196,1.303,3.599,1.142
2022-07-22,2.651,4.289,7.187,2.865,118.143,101.162,0.876,0.525,0.944,1.195,1.307,3.65,1.133
2022-07-25,2.629,4.271,7.116,2.874,118.186,101.174,0.867,0.521,0.932,1.181,1.282,3.663,1.124
2022-07-26,2.634,4.3,7.202,2.912,118.31,101.17,0.871,0.519,0.937,1.186,1.296,3.668,1.133
2022-07-27,2.637,4.276,7.233,2.912,118.377,101.173,0.87,0.51,0.926,1.197,1.316,3.659,1.147
2022-07-28,2.629,4.279,7.252,2.923,118.36,101.178,0.877,0.506,0.947,1.212,1.305,3.697,1.161
2022-07-29,2.594,4.22,7.194,2.901,118.774,101.192,0.869,0.491,0.922,1.191,1.299,3.749,1.139
2022-08-01,2.657,4.238,7.256,2.908,118.9,101.197,0.86,0.493,0.935,1.19,1.325,3.743,1.154
2022-08-02,2.605,4.167,7.075,2.845,119.035,101.197,0.835,0.482,0.931,1.174,1.293,3.773,1.149
2022-08-03,2.553,4.122,7.016,2.817,119.032,101.208,0.831,0.485,0.965,1.226,1.255,3.759,1.152
2022-08-04,2.565,4.153,7.04,2.821,119.192,101.218,0.836,0.496,0.983,1.2,1.255,3.76,1.167
2022-08-05,2.606,4.218,7.186,2.825,119.12,101.222,0.857,0.509,1.064,1.205,1.264,3.79,1.216
2022-08-08,2.596,4.204,7.226,2.856,118.992,101.227,0.858,0.503,1.051,1.23,1.275,3.769,1.206
2022-08-09,2.614,4.211,7.247,2.877,118.908,101.233,0.855,0.5,1.062,1.249,1.301,3.786,1.218
2022-08-10,2.579,4.166,7.233,2.861,119.104,101.237,0.852,0.489,1.051,1.251,1.288,3.794,1.208
2022-08-11,2.647,4.254,7.376,2.888,118.96,101.233,0.898,0.505,1.069,1.254,1.298,3.777,1.229
2022-08-12,2.613,4.255,7.363,2.915,118.873,101.248,0.894,0.506,1.043,1.227,1.281,3.795,1.201
2022-08-15,2.638,4.245,7.373,2.929,119.423,101.255,0.888,0.497,1.032,1.229,1.32,3.799,1.195
2022-08-16,2.652,4.235,7.392,2.939,119.612,101.258,0.888,0.491,1.023,1.231,1.328,3.796,1.19
2022-08-17,2.695,4.276,7.44,2.943,119.615,101.258,0.903,0.495,1.025,1.228,1.335,3.779,1.186
2022-08-18,2.693,4.239,7.413,2.919,119.793,101.266,0.897,0.485,1.032,1.237,1.343,3.761,1.2
2022-08-19,2.653,4.209,7.315,2.944,119.976,101.281,0.892,0.481,1.002,1.211,1.304,3.761,1.161
2022-08-22,2.699,4.236,7.407,2.97,119.872,101.279,0.89,0.484,1.002,1.227,1.326,3.753,1.158
2022-08-23,2.697,4.222,7.409,2.98,119.88,101.287,0.893,0.477,0.996,1.22,1.336,3.763,1.159
2022-08-24,2.6,4.145,7.197,2.936,119.884,101.298,0.881,0.472,0.949,1.172,1.29,3.787,1.119
2022-08-25,2.59,4.181,7.236,3.001,119.763,101.291,0.896,0.478,0.945,1.175,1.261,3.797,1.106
2022-08-26,2.566,4.175,7.22,2.98,119.631,101.299,0.889,0.479,0.929,1.153,1.255,3.798,1.095
2022-08-29,2.553,4.15,6.3,3.002,119.725,101.301,0.884,0.473,0.928,1.176,1.254,3.767,1.102
2022-08-30,2.538,4.141,6.291,2.975,119.88,101.311,0.883,0.471,0.935,1.166,1.238,3.783,1.098
2022-08-31,2.491,4.141,6.157,2.957,119.891,101.318,0.887,0.48,0.925,1.137,1.186,3.758,1.077
2022-09-01,2.463,4.107,6.135,2.985,119.984,101.322,0.879,0.478,0.917,1.132,1.175,3.73,1.076
2022-09-02,2.461,4.084,6.146,2.979,120.177,101.329,0.875,0.473,0.93,1.148,1.164,3.726,1.079
2022-09-05,2.467,4.082,6.177,3.033,120.1,101.335,0.881,0.465,0.924,1.151,1.173,3.765,1.074
2022-09-06,2.468,4.111,6.283,3.082,120.01,101.337,0.891,0.464,0.932,1.182,1.205,3.784,1.087
2022-09-07,2.493,4.119,6.299,3.074,120.001,101.338,0.886,0.463,0.955,1.192,1.224,3.759,1.102
2022-09-08,2.448,4.101,6.277,3.065,119.925,101.343,0.883,0.461,0.942,1.206,1.207,3.79,1.092
2022-09-09,2.476,4.159,6.315,3.108,119.954,101.348,0.899,0.475,0.939,1.2,1.206,3.785,1.083
2022-09-13,2.475,4.173,6.299,3.085,119.824,101.357,0.896,0.466,0.939,1.211,1.204,3.787,1.078
2022-09-14,2.431,4.127,6.251,3.059,119.69,101.364,0.886,0.464,0.942,1.221,1.178,3.76,1.08
2022-09-15,2.349,4.09,6.108,3.071,119.701,101.379,0.883,0.462,0.911,1.186,1.12,3.744,1.046
2022-09-16,2.297,4.0,5.956,2.981,119.475,101.396,0.834,0.448,0.905,1.181,1.098,3.728,1.045
2022-09-19,2.285,3.989,5.919,2.981,119.577,101.397,0.823,0.441,0.888,1.159,1.096,3.741,1.021
2022-09-20,2.297,3.991,5.949,2.978,119.848,101.398,0.823,0.442,0.889,1.163,1.128,3.754,1.028
2022-09-21,2.265,3.961,5.979,3.005,119.925,101.403,0.824,0.429,0.871,1.159,1.121,3.759,1.016
2022-09-22,2.252,3.932,5.97,3.017,119.91,101.403,0.821,0.421,0.868,1.182,1.121,3.753,1.021
2022-09-23,2.239,3.924,5.899,2.993,119.643,101.418,0.821,0.419,0.844,1.175,1.109,3.77,1.006
2022-09-26,2.253,3.899,5.806,2.945,119.069,101.415,0.804,0.416,0.845,1.139,1.122,3.736,1.004
2022-09-27,2.306,3.949,5.915,2.961,119.096,101.404,0.811,0.439,0.864,1.152,1.128,3.746,1.019
2022-09-28,2.249,3.893,5.776,2.94,119.127,101.418,0.796,0.434,0.839,1.11,1.083,3.751,0.999
2022-09-29,2.267,3.894,5.791,2.935,118.824,101.405,0.786,0.444,0.839,1.118,1.098,3.78,1.004
2022-09-30,2.221,3.868,5.713,2.96,118.901,101.485,0.783,0.442,0.819,1.086,1.062,3.783,0.981
2022-10-10,2.166,3.789,5.647,2.965,119.262,101.481,0.775,0.428,0.76,1.064,1.038,3.81,0.937
2022-10-11,2.192,3.786,5.682,2.955,119.346,101.491,0.782,0.426,0.749,1.07,1.065,3.802,0.932
2022-10-12,2.274,3.848,5.818,2.99,119.264,101.493,0.799,0.429,0.78,1.092,1.105,3.812,0.967
2022-10-13,2.282,3.815,5.833,2.944,119.323,101.499,0.796,0.438,0.774,1.099,1.095,3.817,0.969
2022-10-14,2.365,3.903,5.981,2.976,119.525,101.5,0.809,0.482,0.793,1.124,1.132,3.813,0.998
2022-10-17,2.362,3.902,6.008,2.967,119.541,101.504,0.812,0.481,0.81,1.155,1.12,3.792,1.005
2022-10-18,2.373,3.895,6.035,2.962,119.548,101.511,0.81,0.484,0.802,1.155,1.122,3.802,1.002
2022-10-19,2.355,3.836,5.984,2.959,119.643,101.514,0.802,0.474,0.797,1.148,1.112,3.793,0.993
2022-10-20,2.337,3.824,5.964,2.933,119.455,101.519,0.805,0.475,0.839,1.15,1.083,3.775,1.006
2022-10-21,2.321,3.802,5.964,2.946,119.576,101.528,0.808,0.473,0.824,1.152,1.079,3.771,1.012
2022-10-24,2.266,3.704,5.913,2.894,119.648,101.534,0.792,0.455,0.826,1.19,1.067,3.82,1.012
2022-10-25,2.241,3.688,5.866,2.866,119.619,101.525,0.778,0.444,0.821,1.193,1.085,3.827,1.016
2022-10-26,2.302,3.716,5.987,2.849,119.622,101.528,0.784,0.469,0.843,1.206,1.098,3.824,1.051
2022-10-27,2.265,3.69,5.969,2.863,119.87,101.536,0.787,0.46,0.848,1.203,1.09,3.817,1.048
2022-10-28,2.187,3.604,5.779,2.814,119.98,101.557,0.77,0.45,0.837,1.179,1.046,3.82,1.038
2022-10-31,2.202,3.565,5.814,2.747,120.258,101.558,0.77,0.446,0.855,1.21,1.036,3.807,1.06
2022-11-01,2.275,3.703,5.959,2.767,120.081,101.552,0.793,0.464,0.86,1.2,1.079,3.81,1.071
2022-11-02,2.305,3.737,6.002,2.8,119.791,101.567,0.795,0.471,0.862,1.196,1.093,3.817,1.084
2022-11-03,2.309,3.707,6.005,2.781,119.998,101.572,0.791,0.468,0.89,1.201,1.096,3.805,1.096
2022-11-04,2.383,3.834,6.157,2.829,119.821,101.578,0.816,0.478,0.898,1.208,1.15,3.804,1.121
2022-11-07,2.379,3.834,6.141,2.854,119.902,101.577,0.815,0.479,0.885,1.186,1.15,3.832,1.108
2022-11-08,2.363,3.811,6.147,2.854,119.968,101.585,0.81,0.47,0.875,1.187,1.146,3.839,1.098
2022-11-09,2.326,3.771,6.13,2.852,120.08,101.591,0.807,0.467,0.867,1.177,1.122,3.945,1.085
2022-11-10,2.288,3.75,6.109,2.859,120.049,101.605,0.812,0.464,0.843,1.153,1.095,3.925,1.067
2022-11-11,2.33,3.848,6.145,2.921,119.766,101.601,0.833,0.467,0.855,1.164,1.107,3.952,1.069
2022-11-14,2.302,3.85,6.135,2.91,119.129,101.593,0.838,0.479,0.864,1.149,1.073,3.913,1.071
2022-11-15,2.361,3.925,6.241,2.92,118.999,101.592,0.869,0.482,0.92,1.169,1.098,3.933,1.1
2022-11-16,2.33,3.896,6.212,2.911,118.648,101.614,0.855,0.482,0.904,1.171,1.071,3.954,1.081
2022-11-17,2.316,3.879,6.225,2.89,119.0,101.612,0.859,0.48,0.926,1.179,1.056,3.958,1.088
2022-11-18,2.315,3.866,6.213,2.877,118.966,101.622,0.848,0.487,0.903,1.16,1.054,3.952,1.076
2022-11-21,2.319,3.833,6.206,2.866,119.176,101.629,0.832,0.482,0.895,1.17,1.065,3.936,1.079
2022-11-22,2.273,3.831,6.14,2.885,119.006,101.637,0.834,0.473,0.887,1.172,1.041,3.932,1.061
2022-11-23,2.269,3.834,6.129,2.901,119.232,101.632,0.834,0.463,0.879,1.166,1.061,3.932,1.063
2022-11-24,2.264,3.816,6.13,2.917,119.53,101.642,0.831,0.465,0.871,1.156,1.06,3.947,1.06
2022-11-25,2.242,3.837,6.098,2.966,119.326,101.65,0.839,0.465,0.864,1.137,1.035,3.959,1.045
2022-11-28,2.233,3.792,6.071,2.948,119.02,101.649,0.827,0.457,0.853,1.136,1.026,3.962,1.038
2022-11-29,2.268,3.908,6.171,3.034,118.587,101.647,0.858,0.468,0.869,1.137,1.029,3.951,1.048
2022-11-30,2.265,3.911,6.157,3.014,118.737,101.665,0.855,0.464,0.864,1.134,1.036,3.944,1.041
2022-12-01,2.311,3.956,6.19,2.993,118.86,101.654,0.862,0.473,0.876,1.148,1.056,3.956,1.054
2022-12-02,2.316,3.933,6.175,2.972,118.957,101.666,0.857,0.469,0.869,1.133,1.057,3.979,1.054
2022-12-05,2.313,4.004,6.218,3.025,118.849,101.672,0.885,0.471,0.874,1.137,1.041,3.94,1.051
2022-12-06,2.319,4.027,6.215,3.013,118.589,101.681,0.881,0.471,0.891,1.143,1.044,3.898,1.049
2022-12-07,2.343,4.015,6.207,2.998,118.613,101.686,0.876,0.471,0.882,1.135,1.057,3.898,1.046
2022-12-08,2.338,4.024,6.197,3.013,118.901,101.687,0.875,0.47,0.867,1.118,1.06,3.91,1.044
2022-12-09,2.348,4.058,6.206,3.02,118.761,101.696,0.879,0.47,0.877,1.113,1.056,3.924,1.044
2022-12-12,2.333,4.016,6.183,2.958,118.781,101.699,0.859,0.473,0.893,1.122,1.038,3.921,1.048
2022-12-13,2.305,4.005,6.149,2.972,118.593,101.701,0.859,0.471,0.879,1.102,1.02,3.924,1.031
2022-12-14,2.299,4.015,6.123,2.966,118.888,101.706,0.865,0.47,0.879,1.095,1.011,3.963,1.026
2022-12-15,2.326,4.013,6.122,2.931,118.921,101.731,0.859,0.468,0.892,1.1,1.032,3.933,1.033
2022-12-16,2.298,4.017,6.099,2.953,118.937,101.744,0.856,0.47,0.873,1.085,1.006,3.915,1.02
2022-12-19,2.274,3.959,5.97,2.914,119.149,101.746,0.833,0.458,0.851,1.071,1.012,3.942,0.996
2022-12-20,2.243,3.896,5.906,2.88,119.08,101.749,0.829,0.451,0.852,1.072,1.001,3.943,0.994
2022-12-21,2.24,3.893,5.876,2.883,119.133,101.743,0.828,0.452,0.841,1.055,0.986,3.981,0.981
2022-12-22,2.235,3.901,5.813,2.861,119.137,101.744,0.827,0.46,0.826,1.045,0.964,3.981,0.971
2022-12-23,2.222,3.891,5.791,2.851,119.122,101.755,0.826,0.464,0.807,1.033,0.948,3.948,0.962
2022-12-26,2.262,3.9,5.86,2.844,119.037,101.75,0.825,0.463,0.83,1.064,0.99,3.953,0.992
2022-12-27,2.293,3.947,5.9,2.872,119.008,101.763,0.836,0.469,0.84,1.072,1.001,3.963,1.004
2022-12-28,2.267,3.934,5.884,2.878,119.032,101.767,0.832,0.469,0.832,1.059,0.995,3.966,0.998
2022-12-29,2.277,3.922,5.881,2.849,119.171,101.729,0.828,0.476,0.828,1.077,0.992,3.96,1.004
2022-12-30,2.279,3.938,5.887,2.863,119.333,100.152,0.832,0.478,0.824,1.076,0.987,3.986,1.003
2023-01-03,2.289,3.949,5.97,2.876,119.34,100.112,0.829,0.477,0.836,1.1,1.0,3.987,1.023
2023-01-04,2.267,3.954,5.968,2.897,119.439,100.115,0.83,0.48,0.83,1.096,0.978,4.002,1.016
2023-01-05,2.33,4.029,6.027,2.902,119.441,100.109,0.846,0.494,0.838,1.102,1.002,4.001,1.026
2023-01-06,2.35,4.045,6.04,2.897,119.291,100.128,0.846,0.491,0.835,1.096,1.036,3.972,1.032
2023-01-09,2.365,4.07,6.052,2.899,119.349,100.132,0.862,0.495,0.841,1.083,1.041,4.015,1.032
2023-01-10,2.401,4.076,6.067,2.883,119.256,100.148,0.859,0.502,0.847,1.073,1.046,4.013,1.032
2023-01-11,2.374,4.076,6.039,2.905,119.12,100.142,0.855,0.499,0.839,1.061,1.035,4.025,1.014
2023-01-12,2.382,4.082,6.033,2.892,119.152,100.139,0.862,0.496,0.836,1.065,1.047,4.019,1.016
2023-01-13,2.417,4.144,6.084,2.907,119.133,100.153,0.879,0.511,0.837,1.062,1.045,4.027,1.017
2023-01-16,2.462,4.143,6.143,2.788,118.913,100.144,0.909,0.531,0.861,1.079,1.052,4.05,1.035
2023-01-17,2.47,4.139,6.151,2.78,118.942,100.16,0.918,0.528,0.882,1.088,1.058,4.066,1.045
2023-01-18,2.468,4.13,6.175,2.783,118.866,100.184,0.914,0.523,0.879,1.092,1.064,4.056,1.05
2023-01-19,2.496,4.158,6.232,2.789,118.829,100.188,0.934,0.534,0.9,1.11,1.061,4.068,1.068
2023-01-20,2.507,4.181,6.277,2.817,118.969,100.235,0.929,0.532,0.903,1.118,1.081,4.101,1.073
2023-01-30,2.533,4.205,6.298,2.801,119.049,100.228,0.921,0.527,0.898,1.143,1.099,4.096,1.074
2023-01-31,2.507,4.159,6.303,2.809,119.127,100.229,0.918,0.513,0.879,1.147,1.102,4.069,1.058
2023-02-01,2.537,4.19,6.375,2.813,119.137,100.242,0.939,0.518,0.893,1.159,1.112,4.091,1.071
2023-02-02,2.524,4.18,6.385,2.817,119.201,100.276,0.921,0.52,0.906,1.143,1.099,4.125,1.075
2023-02-03,2.5,4.137,6.357,2.799,119.305,100.32,0.914,0.515,0.909,1.157,1.08,4.071,1.078
2023-02-06,2.468,4.08,6.328,2.784,119.31,100.318,0.896,0.503,0.896,1.148,1.067,4.018,1.068
2023-02-07,2.461,4.09,6.331,2.795,119.285,100.271,0.9,0.504,0.893,1.143,1.068,4.01,1.063
2023-02-08,2.447,4.073,6.285,2.788,119.228,100.276,0.891,0.505,0.883,1.124,1.064,4.01,1.054
2023-02-09,2.493,4.127,6.376,2.797,119.241,100.271,0.906,0.512,0.923,1.148,1.077,4.019,1.082
2023-02-10,2.465,4.103,6.356,2.8,119.328,100.294,0.898,0.51,0.914,1.137,1.058,3.993,1.068
2023-02-13,2.495,4.135,6.394,2.805,119.355,100.293,0.903,0.514,0.919,1.144,1.062,4.018,1.069
2023-02-14,2.49,4.144,6.411,2.822,119.375,100.299,0.9,0.515,0.915,1.138,1.057,4.015,1.065
2023-02-15,2.468,4.116,6.399,2.809,119.33,100.306,0.892,0.507,0.926,1.144,1.051,4.002,1.067
2023-02-16,2.436,4.087,6.314,2.794,119.341,100.305,0.888,0.505,0.902,1.123,1.031,4.001,1.049
2023-02-17,2.378,4.029,6.26,2.799,119.377,100.326,0.872,0.502,0.872,1.112,1.007,3.992,1.029
2023-02-20,2.403,4.134,6.358,2.843,119.349,100.324,0.906,0.509,0.881,1.116,1.018,4.01,1.042
2023-02-21,2.395,4.139,6.395,2.879,119.329,100.328,0.908,0.506,0.877,1.125,1.025,4.005,1.038
2023-02-22,2.377,4.099,6.389,2.883,119.353,100.333,0.899,0.503,0.875,1.129,1.016,4.017,1.032
2023-02-23,2.385,4.099,6.378,2.894,119.36,100.342,0.906,0.498,0.872,1.122,1.029,4.008,1.035
2023-02-24,2.357,4.06,6.364,2.886,119.344,100.357,0.893,0.494,0.873,1.14,1.012,4.021,1.033
2023-02-27,2.34,4.045,6.331,2.891,119.32,100.354,0.881,0.489,0.855,1.135,1.011,4.01,1.028
2023-02-28,2.359,4.071,6.372,2.898,119.303,100.355,0.889,0.494,0.86,1.137,1.013,4.015,1.033
2023-03-01,2.372,4.12,6.411,2.915,119.324,100.367,0.9,0.496,0.871,1.144,1.011,4.029,1.038
2023-03-02,2.347,4.115,6.404,2.929,119.295,100.376,0.899,0.491,0.864,1.145,0.995,4.026,1.032
2023-03-03,2.352,4.124,6.401,2.944,119.277,100.391,0.905,0.492,0.886,1.168,0.997,4.044,1.043
2023-03-06,2.361,4.099,6.403,2.93,119.436,100.401,0.891,0.49,0.891,1.175,1.014,4.071,1.053
2023-03-07,2.312,4.042,6.303,2.923,119.573,100.415,0.876,0.482,0.865,1.15,1.003,4.076,1.034
2023-03-08,2.308,4.026,6.313,2.921,119.698,100.411,0.874,0.48,0.874,1.166,0.996,4.033,1.038
2023-03-09,2.303,4.016,6.306,2.917,119.696,100.426,0.871,0.48,0.883,1.156,0.991,4.033,1.041
2023-03-10,2.3,3.961,6.226,2.877,119.74,100.438,0.86,0.48,0.878,1.138,0.981,4.061,1.037
2023-03-13,2.287,4.005,6.261,2.91,119.78,100.426,0.863,0.477,0.879,1.15,0.97,4.089,1.04
2023-03-14,2.276,3.98,6.21,2.895,119.819,100.429,0.855,0.477,0.906,1.144,0.959,4.142,1.055
2023-03-15,2.268,3.979,6.242,2.919,119.769,100.435,0.86,0.475,0.906,1.142,0.959,4.139,1.048
2023-03-16,2.233,3.933,6.165,2.898,119.886,100.436,0.853,0.473,0.904,1.112,0.928,4.174,1.032
2023-03-17,2.228,3.954,6.201,2.917,119.962,100.445,0.868,0.463,0.922,1.121,0.921,4.198,1.056
2023-03-20,2.226,3.932,6.182,2.904,119.999,100.454,0.859,0.456,0.939,1.107,0.927,4.327,1.068
2023-03-21,2.265,3.975,6.247,2.896,119.827,100.458,0.866,0.471,0.936,1.129,0.941,4.286,1.07
2023-03-22,2.27,3.993,6.281,2.91,119.877,100.471,0.86,0.472,0.938,1.126,0.944,4.223,1.074
2023-03-23,2.288,4.031,6.316,2.912,119.853,100.484,0.869,0.472,0.979,1.135,0.941,4.253,1.099
2023-03-24,2.297,4.026,6.324,2.894,119.815,100.494,0.873,0.469,0.971,1.126,0.943,4.275,1.104
2023-03-27,2.323,4.005,6.321,2.873,119.853,100.493,0.876,0.474,0.959,1.114,0.951,4.246,1.098
2023-03-28,2.298,3.997,6.305,2.878,119.845,100.496,0.868,0.475,0.931,1.097,0.938,4.225,1.08
2023-03-29,2.297,3.997,6.279,2.876,119.92,100.493,0.865,0.471,0.96,1.086,0.943,4.24,1.103
2023-03-30,2.313,4.04,6.312,2.887,119.798,100.491,0.868,0.473,0.969,1.088,0.949,4.248,1.108
2023-03-31,2.327,4.05,6.359,2.894,119.852,100.488,0.867,0.47,0.977,1.091,0.953,4.281,1.124
2023-04-03,2.366,4.08,6.423,2.915,119.874,100.527,0.902,0.466,1.028,1.109,0.958,4.221,1.169
2023-04-04,2.35,4.1,6.427,2.928,119.917,100.55,0.906,0.469,1.042,1.107,0.936,4.269,1.172
2023-04-06,2.354,4.088,6.426,2.911,119.938,100.569,0.899,0.472,1.089,1.122,0.938,4.33,1.193
2023-04-07,2.369,4.117,6.475,2.912,120.02,100.582,0.91,0.483,1.102,1.125,0.939,4.328,1.207
2023-04-10,2.368,4.102,6.432,2.909,120.09,100.575,0.901,0.487,1.062,1.117,0.958,4.287,1.172
2023-04-11,2.362,4.092,6.431,2.932,120.099,100.579,0.91,0.485,1.058,1.109,0.956,4.311,1.165
2023-04-12,2.353,4.088,6.453,2.966,120.224,100.589,0.913,0.481,1.074,1.111,0.939,4.341,1.173
2023-04-13,2.332,4.063,6.425,2.973,120.254,100.596,0.902,0.489,1.032,1.107,0.934,4.346,1.143
2023-04-14,2.355,4.084,6.44,2.965,120.194,100.606,0.9,0.488,1.085,1.109,0.947,4.366,1.182
2023-04-17,2.364,4.145,6.472,2.999,120.186,100.614,0.926,0.49,1.074,1.112,0.956,4.324,1.186
2023-04-18,2.354,4.152,6.459,3.018,120.214,100.635,0.923,0.485,1.049,1.107,0.961,4.305,1.172
2023-04-19,2.339,4.119,6.429,3.013,120.33,100.636,0.909,0.481,1.053,1.099,0.95,4.297,1.178
2023-04-20,2.314,4.103,6.422,3.009,120.239,100.633,0.912,0.471,1.084,1.092,0.924,4.308,1.211
2023-04-21,2.269,4.03,6.269,2.992,120.407,100.646,0.877,0.464,1.021,1.091,0.914,4.288,1.164
2023-04-24,2.234,3.979,6.227,2.987,120.51,100.645,0.862,0.462,0.993,1.077,0.895,4.277,1.142
2023-04-25,2.193,3.96,6.133,3.009,120.525,100.648,0.866,0.455,0.97,1.056,0.862,4.316,1.12
2023-04-26,2.226,3.951,6.159,3.015,120.573,100.651,0.864,0.455,0.943,1.066,0.908,4.323,1.116
2023-04-27,2.24,3.986,6.185,3.023,120.664,100.671,0.871,0.459,0.945,1.088,0.912,4.333,1.112
2023-04-28,2.255,4.025,6.277,3.059,120.749,100.692,0.888,0.461,0.961,1.091,0.907,4.298,1.133
2023-05-04,2.23,4.025,6.278,3.13,120.964,100.717,0.899,0.462,0.932,1.09,0.899,4.395,1.109
2023-05-05,2.202,4.009,6.222,3.158,121.165,100.742,0.912,0.455,0.922,1.077,0.887,4.415,1.093
2023-05-08,2.213,4.054,6.261,3.249,121.035,100.735,0.932,0.457,0.924,1.112,0.893,4.368,1.102
2023-05-09,2.18,4.019,6.204,3.211,121.149,100.736,0.941,0.453,0.904,1.092,0.877,4.377,1.078
2023-05-10,2.199,3.988,6.193,3.143,121.311,100.754,0.915,0.454,0.892,1.083,0.894,4.398,1.069
2023-05-11,2.211,3.983,6.174,3.136,121.487,100.784,0.914,0.452,0.896,1.073,0.905,4.394,1.07
2023-05-12,2.185,3.932,6.114,3.123,121.365,100.801,0.902,0.449,0.885,1.057,0.89,4.365,1.056
2023-05-15,2.234,3.995,6.182,3.116,121.36,100.787,0.915,0.459,0.893,1.088,0.924,4.382,1.067
2023-05-16,2.228,3.978,6.141,3.096,121.316,100.78,0.908,0.463,0.9,1.081,0.922,4.369,1.068
2023-05-17,2.229,3.951,6.143,3.083,121.305,100.779,0.904,0.459,0.907,1.108,0.921,4.353,1.072
2023-05-18,2.215,3.95,6.153,3.111,121.296,100.775,0.902,0.455,0.911,1.106,0.906,4.345,1.078
2023-05-19,2.215,3.944,6.158,3.068,121.427,100.784,0.889,0.459,0.93,1.107,0.9,4.33,1.084
2023-05-22,2.214,3.964,6.149,3.058,121.453,100.789,0.887,0.462,0.922,1.1,0.906,4.347,1.075
2023-05-23,2.187,3.907,6.084,3.02,121.708,100.79,0.874,0.462,0.903,1.082,0.898,4.33,1.06
2023-05-24,2.183,3.854,6.038,2.978,121.667,100.793,0.862,0.455,0.905,1.077,0.902,4.352,1.055
2023-05-25,2.184,3.845,6.02,2.963,121.564,100.798,0.863,0.452,0.914,1.081,0.906,4.335,1.065
2023-05-26,2.167,3.85,6.073,2.991,121.352,100.815,0.865,0.453,0.929,1.078,0.886,4.31,1.082
2023-05-29,2.143,3.834,6.066,3.022,121.459,100.82,0.857,0.452,0.936,1.08,0.864,4.314,1.072
2023-05-30,2.155,3.838,6.099,3.021,121.465,100.82,0.86,0.447,0.941,1.072,0.863,4.3,1.09
2023-05-31,2.131,3.802,6.092,2.988,121.504,100.83,0.854,0.437,0.949,1.076,0.851,4.365,1.097
2023-06-01,2.148,3.81,6.102,2.985,121.654,100.836,0.856,0.441,0.946,1.086,0.852,4.362,1.1
2023-06-02,2.175,3.863,6.154,2.984,121.579,100.851,0.862,0.443,0.942,1.08,0.868,4.375,1.1
2023-06-05,2.143,3.845,6.141,3.002,121.626,100.857,0.857,0.44,0.945,1.069,0.852,4.324,1.096
2023-06-06,2.106,3.808,6.027,2.992,121.76,100.866,0.844,0.433,0.916,1.046,0.841,4.357,1.067
2023-06-07,2.075,3.796,6.031,3.023,121.869,100.873,0.847,0.426,0.919,1.038,0.827,4.363,1.065
2023-06-08,2.071,3.828,6.018,3.06,121.844,100.878,0.857,0.423,0.901,1.036,0.827,4.338,1.053
2023-06-09,2.086,3.844,6.069,3.041,121.977,100.872,0.854,0.428,0.914,1.042,0.834,4.375,1.077
2023-06-12,2.095,3.848,6.087,3.01,122.058,100.89,0.847,0.428,0.912,1.038,0.836,4.378,1.071
2023-06-13,2.111,3.877,6.105,3.003,122.279,100.892,0.851,0.429,0.942,1.04,0.836,4.388,1.084
2023-06-14,2.106,3.877,6.112,2.985,122.598,100.897,0.852,0.431,0.939,1.039,0.826,4.363,1.08
2023-06-15,2.179,3.942,6.166,2.994,122.245,100.892,0.864,0.441,0.934,1.047,0.866,4.329,1.08
2023-06-16,2.208,3.979,6.209,2.989,121.794,100.904,0.869,0.443,0.941,1.064,0.875,4.359,1.098
2023-06-19,2.207,3.949,6.201,2.952,121.888,100.918,0.861,0.438,0.945,1.072,0.868,4.366,1.1
2023-06-20,2.21,3.942,6.198,2.925,121.866,100.921,0.858,0.436,0.943,1.103,0.867,4.374,1.101
2023-06-21,2.156,3.887,6.073,2.908,122.01,100.943,0.843,0.425,0.905,1.09,0.856,4.356,1.066
2023-06-26,2.133,3.843,5.972,2.862,122.169,100.947,0.823,0.423,0.892,1.072,0.859,4.354,1.057
2023-06-27,2.138,3.869,6.017,2.915,121.972,100.955,0.83,0.424,0.891,1.09,0.862,4.35,1.06
2023-06-28,2.126,3.877,6.031,2.935,121.989,100.95,0.831,0.421,0.887,1.097,0.867,4.335,1.055
2023-06-29,2.129,3.859,6.022,2.933,122.031,100.94,0.828,0.421,0.885,1.103,0.864,4.343,1.047
2023-06-30,2.164,3.882,6.095,2.938,122.262,100.979,0.842,0.425,0.894,1.124,0.879,4.349,1.052
2023-07-03,2.171,3.927,6.124,2.973,122.203,100.995,0.855,0.429,0.899,1.132,0.884,4.358,1.055
2023-07-04,2.174,3.934,6.138,2.95,122.217,101.004,0.853,0.432,0.918,1.134,0.878,4.364,1.061
2023-07-05,2.156,3.907,6.107,2.948,122.233,101.012,0.849,0.428,0.91,1.119,0.869,4.367,1.051
2023-07-06,2.137,3.879,6.072,2.941,122.276,101.037,0.847,0.422,0.911,1.112,0.864,4.365,1.048
2023-07-07,2.118,3.868,6.056,2.959,122.309,101.046,0.852,0.421,0.896,1.101,0.85,4.359,1.037
2023-07-10,2.145,3.884,6.077,2.966,122.331,101.036,0.852,0.423,0.898,1.106,0.875,4.37,1.039
2023-07-11,2.161,3.91,6.127,2.964,122.426,101.037,0.858,0.427,0.921,1.112,0.872,4.374,1.046
2023-07-12,2.139,3.891,6.066,2.946,122.447,101.039,0.849,0.425,0.901,1.092,0.874,4.371,1.03
2023-07-13,2.182,3.954,6.15,2.977,122.395,101.043,0.865,0.433,0.919,1.099,0.881,4.408,1.039
2023-07-14,2.169,3.952,6.126,2.992,122.346,101.057,0.863,0.431,0.921,1.094,0.867,4.388,1.036
2023-07-17,2.152,3.924,6.111,2.975,122.463,101.066,0.858,0.427,0.912,1.099,0.861,4.406,1.028
2023-07-18,2.147,3.918,6.102,2.968,122.638,101.083,0.86,0.43,0.913,1.1,0.856,4.422,1.025
2023-07-19,2.125,3.916,6.093,2.987,122.614,101.072,0.866,0.426,0.904,1.091,0.844,4.473,1.019
2023-07-20,2.103,3.888,6.027,2.978,122.623,101.081,0.859,0.424,0.887,1.07,0.843,4.47,1.007
2023-07-21,2.11,3.89,6.03,2.978,122.771,101.089,0.862,0.429,0.883,1.067,0.836,4.453,1.0
2023-07-24,2.09,3.873,6.02,2.976,122.854,101.094,0.861,0.431,0.877,1.075,0.824,4.442,0.995
2023-07-25,2.136,3.985,6.118,3.018,122.392,101.094,0.908,0.436,0.89,1.084,0.842,4.42,1.009
2023-07-26,2.135,3.976,6.107,3.025,122.51,101.099,0.904,0.44,0.888,1.076,0.844,4.439,1.006
2023-07-27,2.129,3.972,6.065,3.034,122.644,101.11,0.897,0.441,0.875,1.073,0.838,4.448,0.997
2023-07-28,2.163,4.068,6.157,3.086,122.603,101.1,0.973,0.448,0.878,1.071,0.846,4.404,1.007
2023-07-31,2.182,4.084,6.196,3.106,122.454,101.109,0.974,0.437,0.888,1.078,0.855,4.409,1.015
2023-08-01,2.168,4.066,6.201,3.11,122.545,101.129,0.965,0.435,0.888,1.081,0.85,4.426,1.014
2023-08-02,2.164,4.037,6.179,3.071,122.651,101.14,0.973,0.428,0.888,1.073,0.845,4.425,1.012
2023-08-03,2.187,4.073,6.2,3.087,122.714,101.16,1.011,0.434,0.89,1.072,0.858,4.406,1.015
2023-08-04,2.204,4.094,6.241,3.076,122.715,101.174,1.022,0.431,0.885,1.071,0.864,4.401,1.021
2023-08-07,2.185,4.063,6.2,3.048,122.758,101.167,1.02,0.418,0.88,1.067,0.859,4.41,1.014
2023-08-08,2.177,4.048,6.179,3.043,122.795,101.172,1.012,0.42,0.877,1.054,0.855,4.414,1.01
2023-08-09,2.174,4.04,6.137,3.033,122.835,101.172,1.009,0.426,0.867,1.05,0.852,4.411,1.001
2023-08-10,2.184,4.045,6.135,3.054,122.819,101.178,1.03,0.427,0.87,1.05,0.858,4.396,1.003
2023-08-11,2.129,3.95,6.014,3.012,122.836,101.193,0.985,0.421,0.85,1.04,0.838,4.415,0.983
2023-08-14,2.113,3.923,6.021,3.006,122.949,101.203,0.975,0.423,0.844,1.042,0.828,4.421,0.974
2023-08-15,2.096,3.919,5.988,3.03,123.279,101.215,0.992,0.419,0.823,1.031,0.815,4.431,0.96
2023-08-16,2.082,3.889,5.945,3.029,123.475,101.228,0.995,0.42,0.805,1.015,0.806,4.433,0.944
2023-08-17,2.094,3.902,5.981,3.028,123.465,101.204,0.995,0.422,0.813,1.047,0.808,4.429,0.954
2023-08-18,2.065,3.852,5.888,3.029,123.54,101.221,0.977,0.416,0.802,1.037,0.799,4.421,0.95
2023-08-21,2.035,3.8,5.811,3.004,123.819,101.234,0.944,0.412,0.792,1.02,0.783,4.438,0.936
2023-08-22,2.038,3.823,5.838,3.022,123.675,101.224,0.959,0.41,0.804,1.033,0.773,4.431,0.946
2023-08-23,1.987,3.768,5.738,3.028,123.663,101.231,0.938,0.402,0.783,1.01,0.75,4.452,0.922
2023-08-24,2.014,3.791,5.754,3.012,123.636,101.237,0.95,0.412,0.797,1.011,0.759,4.464,0.929
2023-08-25,1.991,3.784,5.686,3.015,123.579,101.242,0.957,0.409,0.778,0.994,0.755,4.448,0.912
2023-08-28,2.01,3.837,5.749,3.057,123.491,101.244,0.981,0.415,0.782,1.003,0.76,4.45,0.922
2023-08-29,2.067,3.859,5.874,3.057,123.271,101.245,0.975,0.421,0.813,1.031,0.775,4.462,0.97
2023-08-30,2.066,3.858,5.875,3.027,123.342,101.254,0.946,0.421,0.836,1.04,0.774,4.477,0.988
2023-08-31,2.052,3.839,5.846,2.994,123.427,101.264,0.927,0.419,0.844,1.035,0.765,4.494,0.987
2023-09-01,2.049,3.862,5.852,3.022,123.304,101.306,0.928,0.416,0.838,1.029,0.764,4.489,0.98
2023-09-04,2.067,3.92,5.936,3.068,122.942,101.299,0.936,0.42,0.85,1.038,0.772,4.506,0.989
2023-09-05,2.057,3.893,5.893,3.044,123.012,101.291,0.926,0.418,0.848,1.036,0.774,4.508,0.975
2023-09-06,2.049,3.883,5.891,3.041,122.869,101.293,0.924,0.412,0.871,1.053,0.767,4.505,0.979
2023-09-07,2.003,3.83,5.809,3.033,122.76,101.301,0.919,0.405,0.838,1.038,0.748,4.504,0.942
2023-09-08,1.998,3.809,5.807,3.014,122.848,101.309,0.923,0.405,0.846,1.062,0.737,4.536,0.944
2023-09-11,2.011,3.837,5.874,3.035,122.835,101.312,0.938,0.415,0.848,1.054,0.743,4.545,0.951
2023-09-12,1.998,3.832,5.876,3.03,122.866,101.314,0.927,0.413,0.839,1.048,0.744,4.546,0.945
2023-09-13,1.974,3.807,5.817,3.045,122.98,101.322,0.917,0.411,0.83,1.031,0.734,4.557,0.932
2023-09-14,1.96,3.804,5.812,3.083,123.109,101.32,0.922,0.411,0.818,1.029,0.727,4.592,0.925
2023-09-15,1.954,3.787,5.813,3.085,122.971,101.331,0.917,0.417,0.829,1.03,0.72,4.548,0.929
2023-09-18,1.968,3.8,5.825,3.087,122.79,101.335,0.915,0.423,0.815,1.022,0.728,4.524,0.923
2023-09-19,1.952,3.795,5.8,3.108,122.796,101.338,0.916,0.421,0.811,1.008,0.719,4.559,0.917
2023-09-20,1.936,3.777,5.759,3.116,122.766,101.342,0.913,0.419,0.8,0.998,0.711,4.594,0.908
2023-09-21,1.917,3.742,5.713,3.097,122.798,101.341,0.906,0.415,0.798,0.999,0.703,4.58,0.904
2023-09-22,1.964,3.817,5.811,3.111,122.635,101.346,0.933,0.419,0.815,1.012,0.715,4.561,0.927
2023-09-25,1.953,3.789,5.778,3.105,122.48,101.367,0.912,0.425,0.807,0.999,0.712,4.581,0.919
2023-09-26,1.938,3.768,5.759,3.092,122.389,101.368,0.912,0.423,0.8,0.989,0.704,4.578,0.92
2023-09-27,1.956,3.778,5.784,3.081,122.376,101.377,0.913,0.432,0.8,0.991,0.719,4.511,0.925
2023-09-28,1.953,3.764,5.792,3.077,122.689,101.446,0.908,0.428,0.81,1.004,0.719,4.436,0.932
2023-10-09,1.947,3.754,5.76,3.072,122.72,101.467,0.896,0.433,0.815,1.01,0.712,4.405,0.93
2023-10-10,1.938,3.727,5.732,3.043,122.738,101.486,0.893,0.426,0.822,1.008,0.707,4.348,0.924
2023-10-11,1.954,3.735,5.727,3.034,122.525,101.472,0.89,0.435,0.835,0.996,0.707,4.355,0.937
2023-10-12,1.968,3.771,5.77,3.06,122.552,101.473,0.902,0.437,0.84,0.996,0.725,4.39,0.943
2023-10-13,1.945,3.736,5.74,3.056,122.703,101.491,0.892,0.435,0.839,0.981,0.71,4.405,0.934
2023-10-16,1.906,3.693,5.683,3.075,122.803,101.491,0.89,0.428,0.815,0.973,0.693,4.46,0.916
2023-10-17,1.912,3.705,5.694,3.071,122.731,101.497,0.903,0.427,0.824,0.977,0.699,4.48,0.924
2023-10-18,1.887,3.677,5.626,3.048,122.704,101.518,0.902,0.42,0.812,0.961,0.687,4.523,0.913
2023-10-19,1.867,3.6,5.561,3.003,122.519,101.529,0.897,0.415,0.822,0.95,0.677,4.547,0.911
2023-10-20,1.85,3.582,5.523,2.98,122.701,101.526,0.899,0.408,0.806,0.937,0.686,4.597,0.904
2023-10-23,1.815,3.544,5.376,2.95,122.831,101.529,0.877,0.409,0.785,0.927,0.664,4.572,0.883
2023-10-24,1.832,3.549,5.44,2.971,122.681,101.529,0.905,0.411,0.8,0.933,0.667,4.575,0.893
2023-10-25,1.815,3.569,5.467,2.994,122.799,101.517,0.905,0.408,0.805,0.945,0.666,4.557,0.891
2023-10-26,1.829,3.582,5.491,3.004,122.831,101.516,0.903,0.412,0.801,0.957,0.657,4.59,0.892
2023-10-27,1.881,3.636,5.595,3.015,122.841,101.53,0.908,0.426,0.817,0.964,0.684,4.599,0.906
2023-10-30,1.926,3.652,5.64,2.974,122.89,101.538,0.903,0.438,0.854,0.974,0.692,4.609,0.92
2023-10-31,1.916,3.644,5.627,2.982,123.05,101.547,0.903,0.438,0.854,0.972,0.68,4.62,0.917
2023-11-01,1.908,3.642,5.615,2.979,123.176,101.572,0.903,0.435,0.849,0.97,0.676,4.603,0.913
2023-11-02,1.89,3.625,5.564,2.988,123.297,101.583,0.897,0.433,0.838,0.951,0.663,4.613,0.903
2023-11-03,1.918,3.653,5.605,2.974,123.285,101.574,0.906,0.435,0.86,0.969,0.671,4.61,0.918
2023-11-06,1.981,3.701,5.7,2.955,123.272,101.57,0.942,0.445,0.878,0.982,0.694,4.587,0.934
2023-11-07,1.967,3.69,5.709,2.957,123.336,101.586,0.946,0.442,0.88,0.978,0.689,4.569,0.935
2023-11-08,1.971,3.679,5.705,2.956,123.344,101.588,0.938,0.445,0.882,0.977,0.691,4.551,0.943
2023-11-09,1.967,3.682,5.693,2.981,123.351,101.593,0.934,0.441,0.871,0.974,0.699,4.521,0.937
2023-11-10,1.955,3.655,5.673,2.973,123.368,101.607,0.934,0.44,0.869,0.976,0.689,4.554,0.931
2023-11-13,1.958,3.65,5.704,2.978,123.423,101.611,0.929,0.435,0.872,1.006,0.692,4.538,0.937
2023-11-14,1.953,3.65,5.728,2.968,123.352,101.614,0.94,0.435,0.881,1.013,0.689,4.558,0.946
2023-11-15,1.963,3.675,5.765,2.977,123.316,101.614,0.942,0.44,0.878,1.01,0.699,4.577,0.942
2023-11-16,1.925,3.639,5.707,2.979,123.414,101.634,0.933,0.432,0.865,1.0,0.682,4.559,0.928
2023-11-17,1.934,3.634,5.726,2.969,123.464,101.642,0.937,0.435,0.868,1.0,0.682,4.572,0.932
2023-11-20,1.942,3.645,5.758,2.973,123.461,101.659,0.933,0.439,0.865,1.019,0.682,4.522,0.934
2023-11-21,1.931,3.65,5.741,2.989,123.488,101.658,0.933,0.439,0.853,1.006,0.678,4.516,0.927
2023-11-22,1.899,3.611,5.668,2.981,123.421,101.663,0.923,0.433,0.841,0.993,0.662,4.499,0.913
2023-11-23,1.911,3.63,5.719,3.001,123.254,101.668,0.926,0.435,0.848,1.0,0.664,4.495,0.918
2023-11-24,1.888,3.605,5.673,3.009,123.272,101.692,0.919,0.434,0.834,0.983,0.655,4.499,0.906
2023-11-27,1.878,3.581,5.659,3.0,123.234,101.684,0.906,0.43,0.847,0.987,0.644,4.546,0.909
2023-11-28,1.89,3.585,5.685,2.994,123.325,101.683,0.905,0.436,0.847,0.989,0.647,4.56,0.913
2023-11-29,1.867,3.558,5.656,2.981,123.288,101.683,0.897,0.434,0.847,0.984,0.636,4.591,0.906
2023-11-30,1.874,3.562,5.637,2.99,123.332,101.691,0.898,0.436,0.844,0.978,0.633,4.589,0.907
2023-12-01,1.881,3.548,5.664,3.002,123.442,101.721,0.905,0.434,0.847,0.981,0.629,4.589,0.91
2023-12-04,1.858,3.524,5.652,3.008,123.375,101.724,0.904,0.422,0.84,0.987,0.624,4.643,0.906
2023-12-05,1.823,3.458,5.565,2.972,123.38,101.727,0.891,0.416,0.815,0.964,0.617,4.58,0.89
2023-12-06,1.834,3.463,5.577,2.969,123.335,101.728,0.887,0.417,0.814,0.965,0.63,4.578,0.892
2023-12-07,1.829,3.454,5.582,2.97,123.381,101.738,0.892,0.412,0.806,0.958,0.625,4.584,0.891
2023-12-08,1.843,3.461,5.594,2.971,123.429,101.723,0.886,0.416,0.817,0.944,0.623,4.591,0.91
2023-12-11,1.868,3.485,5.656,2.997,123.657,101.745,0.901,0.419,0.832,0.963,0.624,4.557,0.923
2023-12-12,1.856,3.493,5.666,3.009,123.598,101.763,0.897,0.417,0.832,0.968,0.621,4.539,0.917
2023-12-13,1.822,3.435,5.607,2.987,123.75,101.776,0.887,0.413,0.824,0.963,0.604,4.529,0.907
2023-12-14,1.812,3.419,5.588,2.995,123.741,101.777,0.885,0.412,0.821,0.959,0.601,4.598,0.902
2023-12-15,1.802,3.412,5.544,2.978,123.82,101.784,0.884,0.407,0.814,0.951,0.604,4.59,0.895
2023-12-18,1.773,3.398,5.483,2.975,123.905,101.785,0.88,0.407,0.8,0.932,0.589,4.576,0.886
2023-12-19,1.781,3.4,5.474,2.967,123.917,101.788,0.88,0.403,0.808,0.929,0.593,4.589,0.892
2023-12-20,1.755,3.369,5.412,2.965,123.871,101.796,0.855,0.401,0.8,0.908,0.587,4.604,0.881
2023-12-21,1.787,3.4,5.426,2.945,123.926,101.792,0.854,0.405,0.805,0.916,0.604,4.605,0.893
2023-12-22,1.78,3.406,5.41,2.941,124.018,101.811,0.855,0.403,0.795,0.933,0.612,4.627,0.888
2023-12-25,1.783,3.415,5.403,2.939,124.12,101.823,0.847,0.404,0.79,0.946,0.615,4.634,0.883
2023-12-26,1.761,3.395,5.356,2.922,124.178,101.822,0.838,0.401,0.771,0.936,0.613,4.647,0.868
2023-12-27,1.763,3.405,5.372,2.934,124.276,101.825,0.844,0.403,0.782,0.935,0.608,4.66,0.873
2023-12-28,1.833,3.489,5.475,2.916,124.276,101.809,0.863,0.41,0.799,0.949,0.65,4.662,0.894
2023-12-29,1.842,3.499,5.519,2.931,124.502,100.083,0.864,0.411,0.804,0.96,0.645,4.648,0.897
2024-01-02,1.806,3.453,5.497,2.97,124.73,100.111,0.854,0.407,0.79,0.966,0.631,4.666,0.886
2024-01-03,1.787,3.443,5.49,3.01,124.411,100.113,0.855,0.405,0.776,0.956,0.634,4.663,0.874
2024-01-04,1.754,3.413,5.446,3.034,124.659,100.12,0.847,0.401,0.764,0.945,0.621,4.651,0.866
2024-01-05,1.728,3.396,5.376,3.044,125.017,100.138,0.84,0.393,0.749,0.915,0.615,4.664,0.849
2024-01-08,1.699,3.349,5.25,3.015,124.83,100.138,0.825,0.389,0.724,0.888,0.606,4.65,0.824
2024-01-09,1.706,3.357,5.262,3.038,124.982,100.142,0.823,0.39,0.725,0.883,0.617,4.649,0.824
2024-01-10,1.698,3.341,5.249,3.023,124.941,100.15,0.818,0.386,0.717,0.874,0.621,4.631,0.818
2024-01-11,1.732,3.36,5.312,2.995,124.862,100.148,0.826,0.39,0.727,0.89,0.638,4.631,0.829
2024-01-12,1.714,3.349,5.292,3.01,124.729,100.17,0.818,0.384,0.713,0.888,0.636,4.646,0.818
2024-01-15,1.698,3.345,5.279,3.024,124.748,100.179,0.817,0.385,0.719,0.867,0.626,4.673,0.813
2024-01-16,1.708,3.367,5.274,3.034,124.711,100.178,0.826,0.385,0.717,0.86,0.636,4.677,0.817
2024-01-17,1.656,3.292,5.141,2.997,124.858,100.182,0.811,0.376,0.696,0.832,0.614,4.631,0.795
2024-01-18,1.683,3.268,5.146,2.972,124.95,100.191,0.818,0.381,0.711,0.839,0.632,4.616,0.806
2024-01-19,1.669,3.275,5.106,2.95,125.016,100.208,0.812,0.381,0.707,0.825,0.625,4.643,0.803
2024-01-22,1.623,3.206,4.87,2.881,125.127,100.224,0.795,0.374,0.677,0.788,0.605,4.625,0.776
2024-01-23,1.642,3.228,4.948,2.768,125.066,100.216,0.81,0.375,0.684,0.799,0.611,4.632,0.786
2024-01-24,1.65,3.279,5.018,2.836,125.079,100.216,0.848,0.379,0.682,0.812,0.607,4.626,0.788
2024-01-25,1.675,3.335,5.166,2.908,125.089,100.205,0.854,0.382,0.698,0.848,0.617,4.605,0.804
2024-01-26,1.637,3.329,5.109,2.949,125.18,100.233,0.854,0.371,0.675,0.839,0.605,4.625,0.785
2024-01-29,1.58,3.299,5.013,2.964,125.25,100.241,0.839,0.36,0.655,0.823,0.576,4.634,0.764
2024-01-30,1.544,3.243,4.911,2.93,125.599,100.254,0.828,0.353,0.628,0.81,0.562,4.647,0.735
2024-01-31,1.533,3.222,4.783,2.934,125.804,100.26,0.82,0.341,0.611,0.777,0.551,4.653,0.722
2024-02-01,1.548,3.218,4.765,2.904,125.817,100.268,0.817,0.344,0.618,0.774,0.553,4.668,0.726
2024-02-02,1.508,3.188,4.637,2.912,125.79,100.28,0.799,0.334,0.592,0.747,0.534,4.679,0.707
2024-02-05,1.527,3.208,4.535,2.918,125.985,100.287,0.781,0.34,0.578,0.724,0.523,4.643,0.709
2024-02-06,1.623,3.311,4.913,2.96,125.657,100.279,0.826,0.363,0.622,0.771,0.555,4.633,0.757
2024-02-07,1.66,3.34,5.225,3.004,125.727,100.297,0.838,0.372,0.637,0.809,0.567,4.642,0.777
2024-02-08,1.681,3.362,5.249,3.005,125.9,100.393,0.846,0.368,0.664,0.832,0.58,4.662,0.786
2024-02-19,1.697,3.389,5.215,3.075,125.923,100.346,0.835,0.369,0.674,0.831,0.577,4.644,0.798
2024-02-20,1.696,3.401,5.215,3.119,126.009,100.353,0.846,0.371,0.669,0.83,0.575,4.642,0.79
2024-02-21,1.703,3.449,5.212,3.112,126.094,100.35,0.854,0.375,0.672,0.834,0.583,4.642,0.791
2024-02-22,1.71,3.475,5.257,3.17,126.071,100.353,0.863,0.376,0.684,0.843,0.587,4.639,0.799
2024-02-23,1.709,3.478,5.281,3.152,126.252,100.369,0.865,0.375,0.688,0.851,0.593,4.63,0.801
2024-02-26,1.704,3.443,5.271,3.083,126.353,100.376,0.857,0.374,0.693,0.855,0.587,4.651,0.806
2024-02-27,1.746,3.484,5.398,3.1,126.54,100.378,0.873,0.378,0.726,0.882,0.597,4.646,0.836
2024-02-28,1.701,3.448,5.259,3.094,126.702,100.377,0.859,0.372,0.689,0.849,0.588,4.645,0.808
2024-02-29,1.761,3.503,5.431,3.112,126.904,100.374,0.876,0.379,0.736,0.883,0.61,4.647,0.847
2024-03-01,1.775,3.53,5.467,3.107,126.438,100.402,0.881,0.378,0.745,0.897,0.614,4.667,0.855
2024-03-04,1.783,3.527,5.465,3.134,126.596,100.413,0.87,0.387,0.749,0.897,0.616,4.725,0.856
2024-03-05,1.78,3.556,5.438,3.155,126.623,100.422,0.864,0.386,0.745,0.903,0.607,4.789,0.857
2024-03-06,1.782,3.542,5.433,3.153,127.027,100.429,0.863,0.384,0.734,0.899,0.618,4.824,0.85
2024-03-07,1.742,3.523,5.363,3.172,127.161,100.432,0.854,0.369,0.719,0.878,0.603,4.885,0.832
2024-03-08,1.756,3.533,5.434,3.189,127.132,100.442,0.856,0.37,0.738,0.892,0.616,4.881,0.841
2024-03-11,1.84,3.581,5.536,3.157,127.005,100.444,0.867,0.38,0.746,0.904,0.65,4.899,0.857
2024-03-12,1.851,3.586,5.505,3.086,126.52,100.449,0.873,0.389,0.75,0.907,0.65,4.879,0.856
2024-03-13,1.841,3.565,5.497,3.068,126.47,100.454,0.861,0.385,0.75,0.909,0.646,4.87,0.853
2024-03-14,1.832,3.552,5.474,3.077,126.428,100.463,0.854,0.387,0.738,0.893,0.637,4.877,0.842
2024-03-15,1.833,3.561,5.549,3.071,126.574,100.478,0.858,0.384,0.741,0.901,0.637,4.899,0.847
2024-03-18,1.875,3.592,5.62,3.054,126.681,100.483,0.878,0.386,0.763,0.922,0.651,4.86,0.864
2024-03-19,1.853,3.569,5.561,3.052,126.965,100.486,0.862,0.381,0.753,0.918,0.642,4.87,0.852
2024-03-20,1.856,3.572,5.575,3.058,126.826,100.492,0.865,0.379,0.755,0.92,0.643,4.88,0.854
2024-03-21,1.846,3.57,5.548,3.062,126.826,100.498,0.869,0.376,0.754,0.92,0.635,4.978,0.846
2024-03-22,1.817,3.539,5.465,3.068,126.82,100.514,0.854,0.371,0.746,0.907,0.618,4.946,0.832
2024-03-25,1.781,3.52,5.384,3.078,126.645,100.532,0.829,0.369,0.726,0.886,0.608,4.956,0.82
2024-03-26,1.792,3.531,5.36,3.061,126.664,100.529,0.831,0.367,0.716,0.884,0.622,4.966,0.81
2024-03-27,1.742,3.493,5.236,3.06,126.75,100.52,0.816,0.363,0.69,0.852,0.602,4.99,0.789
2024-03-28,1.758,3.51,5.303,3.052,126.773,100.513,0.818,0.365,0.704,0.886,0.606,5.029,0.799
2024-03-29,1.768,3.526,5.371,3.072,126.914,100.568,0.822,0.363,0.705,0.9,0.613,5.126,0.8
2024-04-01,1.822,3.584,5.484,3.067,126.762,100.559,0.833,0.369,0.714,0.909,0.633,5.155,0.813
2024-04-02,1.808,3.572,5.462,3.088,126.816,100.59,0.827,0.363,0.703,0.899,0.638,5.159,0.806
2024-04-03,1.79,3.558,5.459,3.125,127.083,100.62,0.822,0.361,0.698,0.885,0.634,5.231,0.794
2024-04-08,1.758,3.529,5.379,3.135,127.135,100.633,0.808,0.354,0.678,0.867,0.621,5.354,0.778
2024-04-09,1.777,3.523,5.424,3.12,127.275,100.622,0.809,0.361,0.685,0.871,0.635,5.369,0.785
2024-04-10,1.739,3.497,5.361,3.131,127.178,100.622,0.794,0.355,0.665,0.855,0.623,5.388,0.773
2024-04-11,1.731,3.494,5.386,3.171,127.159,100.602,0.791,0.353,0.664,0.851,0.62,5.348,0.774
2024-04-12,1.713,3.466,5.357,3.164,127.394,100.618,0.778,0.348,0.669,0.847,0.604,5.504,0.773
2024-04-15,1.746,3.539,5.428,3.23,127.51,100.618,0.791,0.352,0.676,0.868,0.614,5.417,0.785
2024-04-16,1.713,3.507,5.28,3.244,127.521,100.626,0.777,0.348,0.652,0.833,0.594,5.452,0.768
2024-04-17,1.747,3.553,5.421,3.277,127.566,100.624,0.792,0.354,0.681,0.862,0.608,5.461,0.785
2024-04-18,1.738,3.559,5.431,3.286,127.785,100.632,0.798,0.35,0.675,0.866,0.606,5.445,0.781
2024-04-19,1.705,3.531,5.394,3.308,127.814,100.644,0.792,0.347,0.654,0.877,0.589,5.471,0.765
2024-04-22,1.703,3.524,5.349,3.221,127.902,100.648,0.794,0.349,0.657,0.89,0.587,5.364,0.766
2024-04-23,1.705,3.499,5.287,3.173,128.199,100.654,0.792,0.353,0.655,0.875,0.58,5.232,0.763
2024-04-24,1.719,3.513,5.349,3.174,127.627,100.654,0.793,0.351,0.669,0.893,0.575,5.287,0.773
2024-04-25,1.716,3.523,5.341,3.193,127.689,100.662,0.792,0.351,0.671,0.883,0.575,5.288,0.768
2024-04-26,1.774,3.573,5.461,3.164,127.393,100.662,0.843,0.359,0.689,0.892,0.586,5.329,0.787
2024-04-29,1.837,3.616,5.567,3.13,126.777,100.672,0.853,0.369,0.713,0.903,0.613,5.294,0.812
2024-04-30,1.816,3.598,5.529,3.143,127.244,100.705,0.837,0.368,0.704,0.891,0.601,5.286,0.804
2024-05-06,1.853,3.648,5.614,3.16,127.336,100.706,0.843,0.377,0.711,0.899,0.612,5.254,0.813
2024-05-07,1.85,3.65,5.613,3.16,127.655,100.715,0.838,0.377,0.707,0.923,0.615,5.268,0.806
2024-05-08,1.821,3.621,5.542,3.182,127.781,100.721,0.826,0.372,0.695,0.91,0.603,5.261,0.797
2024-05-09,1.856,3.656,5.643,3.193,127.6,100.718,0.833,0.373,0.712,0.94,0.622,5.25,0.815
2024-05-10,1.84,3.658,5.623,3.212,127.425,100.739,0.84,0.371,0.697,0.932,0.615,5.369,0.804
2024-05-13,1.817,3.655,5.594,3.216,127.69,100.738,0.841,0.371,0.687,0.922,0.608,5.337,0.798
2024-05-14,1.813,3.649,5.588,3.203,127.753,100.743,0.846,0.376,0.688,0.917,0.606,5.329,0.796
2024-05-15,1.797,3.623,5.539,3.202,127.664,100.747,0.825,0.37,0.678,0.905,0.599,5.37,0.784
2024-05-16,1.801,3.635,5.513,3.209,127.58,100.749,0.823,0.369,0.679,0.901,0.596,5.417,0.781
2024-05-17,1.824,3.676,5.504,3.23,127.41,100.758,0.835,0.369,0.689,0.918,0.601,5.416,0.79
2024-05-20,1.831,3.684,5.524,3.269,127.633,100.767,0.836,0.369,0.69,0.928,0.604,5.55,0.789
2024-05-21,1.818,3.672,5.484,3.285,127.551,100.77,0.83,0.365,0.685,0.914,0.597,5.481,0.783
2024-05-22,1.839,3.68,5.478,3.285,127.647,100.776,0.834,0.364,0.688,0.91,0.621,5.492,0.789
2024-05-23,1.811,3.643,5.383,3.243,127.791,100.796,0.816,0.359,0.675,0.903,0.604,5.366,0.777
2024-05-24,1.781,3.602,5.331,3.238,127.736,100.818,0.806,0.355,0.658,0.883,0.599,5.319,0.761
2024-05-27,1.792,3.632,5.383,3.295,127.714,100.81,0.812,0.357,0.681,0.89,0.598,5.338,0.772
2024-05-28,1.769,3.609,5.336,3.286,127.878,100.807,0.805,0.355,0.683,0.885,0.594,5.334,0.769
2024-05-29,1.772,3.61,5.347,3.289,127.984,100.8,0.806,0.355,0.677,0.881,0.605,5.37,0.769
2024-05-30,1.777,3.596,5.336,3.266,127.991,100.816,0.805,0.353,0.694,0.896,0.605,5.317,0.777
2024-05-31,1.772,3.582,5.335,3.273,127.798,100.818,0.804,0.352,0.693,0.905,0.598,5.343,0.778
2024-06-03,1.782,3.587,5.294,3.242,127.879,100.831,0.794,0.35,0.705,0.901,0.598,5.296,0.785
2024-06-04,1.806,3.612,5.365,3.255,127.888,100.83,0.801,0.357,0.703,0.91,0.606,5.346,0.789
2024-06-05,1.796,3.599,5.307,3.217,128.029,100.838,0.797,0.357,0.706,0.916,0.6,5.324,0.788
2024-06-06,1.785,3.599,5.269,3.234,128.066,100.846,0.787,0.353,0.703,0.898,0.592,5.398,0.779
2024-06-07,1.748,3.576,5.244,3.261,128.168,100.861,0.781,0.352,0.703,0.902,0.581,5.399,0.775
2024-06-11,1.752,3.551,5.256,3.205,128.186,100.861,0.782,0.353,0.732,0.911,0.58,5.237,0.794
2024-06-12,1.743,3.547,5.271,3.246,128.138,100.863,0.782,0.354,0.729,0.91,0.576,5.267,0.793
2024-06-13,1.742,3.534,5.244,3.218,128.234,100.865,0.781,0.349,0.736,0.914,0.575,5.269,0.796
2024-06-14,1.756,3.554,5.269,3.223,128.301,100.87,0.799,0.347,0.733,0.903,0.574,5.271,0.791
2024-06-17,1.768,3.544,5.251,3.181,128.372,100.882,0.797,0.347,0.748,0.905,0.577,5.279,0.794
2024-06-18,1.776,3.555,5.278,3.188,128.489,100.886,0.804,0.343,0.748,0.91,0.576,5.284,0.794
2024-06-19,1.753,3.545,5.224,3.188,128.512,100.891,0.795,0.341,0.749,0.898,0.567,5.305,0.787
2024-06-20,1.728,3.522,5.146,3.194,128.61,100.896,0.787,0.336,0.75,0.88,0.555,5.351,0.791
2024-06-21,1.723,3.516,5.155,3.199,128.509,100.906,0.789,0.334,0.752,0.882,0.553,5.376,0.795
2024-06-24,1.696,3.499,5.047,3.157,128.624,100.913,0.78,0.331,0.73,0.86,0.542,5.29,0.774
2024-06-25,1.666,3.478,5.003,3.17,128.764,100.913,0.768,0.329,0.702,0.847,0.534,5.302,0.751
2024-06-26,1.699,3.499,5.072,3.178,128.819,100.916,0.777,0.334,0.719,0.865,0.543,5.271,0.764
2024-06-27,1.67,3.48,4.988,3.178,128.984,100.925,0.768,0.329,0.707,0.852,0.531,5.242,0.75
2024-06-28,1.652,3.487,4.996,3.201,129.13,100.933,0.752,0.326,0.71,0.879,0.526,5.297,0.745
2024-07-01,1.65,3.501,5.055,3.269,128.72,100.947,0.753,0.327,0.706,0.879,0.53,5.299,0.743
2024-07-02,1.633,3.496,5.009,3.271,128.925,100.959,0.749,0.323,0.693,0.872,0.522,5.306,0.732
2024-07-03,1.629,3.49,4.966,3.249,129.036,100.954,0.75,0.322,0.703,0.857,0.523,5.34,0.734
2024-07-04,1.616,3.475,4.895,3.235,129.09,100.963,0.736,0.317,0.69,0.847,0.514,5.365,0.723
2024-07-05,1.623,3.458,4.93,3.218,128.85,100.969,0.738,0.325,0.69,0.849,0.516,5.381,0.731
2024-07-08,1.596,3.434,4.848,3.207,128.474,100.972,0.718,0.317,0.689,0.834,0.505,5.384,0.724
2024-07-09,1.62,3.471,4.936,3.233,128.792,100.967,0.732,0.319,0.718,0.847,0.508,5.362,0.742
2024-07-10,1.618,3.463,4.908,3.167,128.787,100.973,0.733,0.319,0.716,0.846,0.508,5.397,0.743
2024-07-11,1.654,3.509,5.007,3.162,128.872,100.974,0.744,0.329,0.724,0.867,0.526,5.417,0.751
2024-07-12,1.653,3.519,4.985,3.158,129.033,100.986,0.743,0.329,0.729,0.863,0.527,5.446,0.752
2024-07-15,1.64,3.526,4.949,3.195,129.14,100.996,0.742,0.326,0.732,0.859,0.521,5.442,0.748
2024-07-16,1.664,3.551,4.966,3.182,129.113,100.995,0.748,0.327,0.753,0.864,0.531,5.505,0.764
2024-07-17,1.663,3.556,4.931,3.169,129.255,100.999,0.753,0.335,0.744,0.858,0.531,5.576,0.762
2024-07-18,1.686,3.577,4.954,3.173,129.179,101.0,0.758,0.338,0.749,0.877,0.537,5.573,0.769
2024-07-19,1.692,3.6,4.946,3.15,129.209,101.017,0.767,0.341,0.768,0.89,0.542,5.425,0.784
2024-07-22,1.693,3.571,4.934,3.118,129.472,101.013,0.773,0.342,0.77,0.895,0.541,5.421,0.787
2024-07-23,1.64,3.501,4.794,3.097,129.706,101.019,0.755,0.332,0.733,0.87,0.529,5.394,0.756
2024-07-24,1.619,3.479,4.737,3.099,129.819,101.022,0.745,0.328,0.722,0.873,0.525,5.465,0.746
2024-07-25,1.614,3.459,4.731,3.085,129.836,101.024,0.754,0.328,0.715,0.866,0.535,5.327,0.748
2024-07-26,1.627,3.474,4.806,3.067,130.043,101.035,0.767,0.328,0.719,0.895,0.54,5.35,0.753
2024-07-29,1.604,3.454,4.776,3.079,130.139,101.04,0.761,0.322,0.71,0.902,0.529,5.387,0.74
2024-07-30,1.601,3.431,4.772,3.064,130.203,101.044,0.764,0.32,0.719,0.907,0.526,5.394,0.743
2024-07-31,1.658,3.508,4.975,3.093,130.356,101.038,0.806,0.334,0.747,0.92,0.54,5.436,0.778
2024-08-01,1.636,3.483,4.93,3.096,130.568,101.053,0.8,0.332,0.751,0.922,0.534,5.48,0.774
2024-08-02,1.609,3.447,4.864,3.088,130.585,101.069,0.785,0.334,0.729,0.913,0.525,5.505,0.762
2024-08-05,1.576,3.408,4.77,3.047,130.949,101.079,0.78,0.334,0.694,0.884,0.52,5.366,0.738
2024-08-06,1.597,3.408,4.821,3.036,130.514,101.079,0.781,0.338,0.7,0.906,0.53,5.327,0.748
2024-08-07,1.589,3.401,4.823,3.048,130.853,101.084,0.777,0.336,0.693,0.912,0.531,5.352,0.742
2024-08-08,1.582,3.405,4.833,3.059,130.425,101.079,0.781,0.338,0.697,0.883,0.527,5.349,0.745
2024-08-09,1.566,3.393,4.792,3.048,130.161,101.095,0.774,0.331,0.697,0.873,0.521,5.396,0.742
2024-08-12,1.563,3.389,4.794,3.068,129.312,101.099,0.772,0.336,0.691,0.865,0.518,5.437,0.742
2024-08-13,1.578,3.394,4.804,3.069,129.705,101.101,0.781,0.332,0.697,0.875,0.522,5.474,0.746
2024-08-14,1.555,3.37,4.737,3.062,130.129,101.103,0.775,0.328,0.688,0.864,0.515,5.456,0.736
2024-08-15,1.565,3.408,4.774,3.091,129.971,101.106,0.784,0.329,0.692,0.867,0.519,5.443,0.743
2024-08-16,1.561,3.41,4.746,3.096,130.088,101.121,0.779,0.329,0.69,0.856,0.514,5.453,0.74
2024-08-19,1.559,3.419,4.754,3.126,130.285,101.122,0.778,0.326,0.689,0.853,0.512,5.513,0.739
2024-08-20,1.539,3.403,4.672,3.091,130.232,101.129,0.772,0.322,0.677,0.839,0.508,5.513,0.728
2024-08-21,1.529,3.388,4.663,3.058,130.091,101.127,0.768,0.32,0.673,0.834,0.506,5.537,0.726
2024-08-22,1.516,3.379,4.607,3.061,130.356,101.14,0.757,0.318,0.663,0.831,0.502,5.523,0.719
2024-08-23,1.517,3.393,4.608,3.059,130.412,101.144,0.763,0.317,0.659,0.832,0.499,5.504,0.72
2024-08-26,1.515,3.394,4.613,3.043,130.421,101.146,0.763,0.315,0.658,0.825,0.506,5.538,0.715
2024-08-27,1.5,3.377,4.567,3.05,130.157,101.15,0.755,0.315,0.647,0.811,0.502,5.534,0.708
2024-08-28,1.501,3.357,4.568,3.037,130.313,101.154,0.757,0.314,0.648,0.819,0.502,5.528,0.704
2024-08-29,1.513,3.347,4.632,2.981,130.158,101.151,0.761,0.317,0.656,0.833,0.512,5.535,0.713
2024-08-30,1.552,3.392,4.712,2.99,130.142,101.159,0.78,0.323,0.68,0.843,0.52,5.522,0.728
2024-09-02,1.507,3.332,4.617,3.005,130.382,101.189,0.76,0.316,0.654,0.812,0.507,5.491,0.703
2024-09-03,1.525,3.344,4.666,2.978,130.547,101.182,0.766,0.32,0.659,0.824,0.512,5.501,0.708
2024-09-04,1.525,3.323,4.654,2.977,130.627,101.187,0.766,0.319,0.654,0.822,0.515,5.463,0.705
2024-09-05,1.536,3.33,4.675,2.979,130.77,101.194,0.772,0.322,0.653,0.826,0.516,5.502,0.705
2024-09-06,1.508,3.302,4.611,2.955,130.772,101.206,0.778,0.316,0.643,0.814,0.505,5.517,0.696
2024-09-09,1.513,3.261,4.578,2.9,130.872,101.199,0.777,0.316,0.639,0.811,0.502,5.477,0.687
2024-09-10,1.512,3.261,4.576,2.907,131.022,101.201,0.772,0.314,0.645,0.817,0.5,5.513,0.692
2024-09-11,1.528,3.254,4.588,2.843,131.199,101.204,0.772,0.315,0.643,0.816,0.507,5.542,0.695
2024-09-12,1.525,3.243,4.57,2.853,131.093,101.203,0.77,0.311,0.635,0.812,0.509,5.531,0.69
2024-09-13,1.509,3.228,4.522,2.845,131.347,101.228,0.772,0.31,0.627,0.805,0.497,5.611,0.683
2024-09-18,1.504,3.238,4.537,2.878,131.562,101.221,0.772,0.309,0.624,0.805,1.597,5.609,0.678
2024-09-19,1.519,3.265,4.6,2.873,131.484,101.222,0.783,0.312,0.629,0.806,1.614,5.6,0.683
2024-09-20,1.508,3.274,4.568,2.874,131.693,101.248,0.782,0.308,0.625,0.791,1.594,5.663,0.678
2024-09-23,1.501,3.283,4.567,2.905,131.758,101.249,0.782,0.307,0.619,0.795,1.586,5.711,0.674
2024-09-24,1.587,3.427,4.779,3.039,131.289,101.235,0.83,0.317,0.643,0.821,1.662,5.697,0.699
2024-09-25,1.61,3.474,4.813,3.085,131.706,101.255,0.845,0.322,0.647,0.833,1.683,5.74,0.7
2024-09-26,1.686,3.64,5.061,3.189,131.346,101.246,0.904,0.335,0.678,0.863,1.737,5.751,0.728
2024-09-27,1.86,3.869,5.493,3.178,130.263,101.315,0.994,0.363,0.722,0.909,1.854,5.708,0.792
2024-09-30,2.232,4.233,5.995,3.399,129.767,101.294,1.093,0.399,0.794,1.0,2.039,5.707,0.95
2024-10-08,2.678,4.412,6.246,3.404,129.941,101.3,1.202,0.439,0.873,1.1,2.243,5.714,1.14
2024-10-09,2.242,4.022,5.863,3.148,130.197,101.318,1.134,0.4,0.96,1.015,2.089,5.64,1.096
2024-10-10,2.174,4.086,5.789,3.27,130.765,101.378,1.068,0.4,0.925,1.021,2.082,5.676,1.026
2024-10-11,2.06,3.977,5.556,3.226,130.674,101.472,1.069,0.379,0.874,0.968,1.976,5.739,0.951
2024-10-14,2.116,4.04,5.693,3.312,130.684,101.488,1.076,0.382,0.909,1.008,2.01,5.799,0.974
2024-10-15,2.045,3.931,5.551,3.231,130.86,101.379,1.037,0.37,0.892,1.0,1.957,5.799,0.946
2024-10-16,2.0,3.906,5.546,3.279,130.857,101.336,1.044,0.363,0.874,0.987,1.915,5.884,0.923
2024-10-17,1.995,3.863,5.502,3.231,131.06,101.341,1.038,0.36,0.878,0.993,1.889,5.905,0.926
2024-10-18,2.156,4.016,5.737,3.252,131.001,101.292,1.114,0.376,0.966,1.033,1.988,5.945,1.041
2024-10-21,2.167,4.016,5.793,3.232,131.012,101.348,1.088,0.377,1.007,1.085,2.026,6.02,1.05
2024-10-22,2.175,4.04,5.846,3.244,130.929,101.355,1.095,0.381,0.99,1.061,2.066,6.018,1.037
2024-10-23,2.162,4.055,5.869,3.245,130.683,101.357,1.089,0.382,0.976,1.087,2.133,6.056,1.032
2024-10-24,2.132,4.011,5.818,3.226,130.64,101.373,1.087,0.376,0.978,1.06,2.072,5.995,1.029
2024-10-25,2.196,4.04,5.907,3.224,130.561,101.372,1.097,0.382,0.984,1.071,2.198,5.998,1.045
2024-10-28,2.188,4.046,5.975,3.245,130.506,101.378,1.098,0.385,0.981,1.088,2.192,6.017,1.039
2024-10-29,2.135,4.013,5.916,3.2,130.695,101.379,1.085,0.378,0.973,1.078,2.142,6.068,1.028
2024-10-30,2.111,3.971,5.934,3.165,130.686,101.385,1.083,0.373,0.963,1.08,2.12,6.14,1.008
2024-10-31,2.122,3.971,6.0,3.146,130.716,101.394,1.114,0.37,0.986,1.087,2.164,6.103,1.02
2024-11-01,2.084,3.979,5.946,3.175,130.919,101.41,1.102,0.371,0.943,1.056,2.14,6.051,0.99
2024-11-04,2.145,4.032,6.033,3.189,130.938,101.413,1.142,0.375,0.959,1.079,2.156,6.006,1.004
2024-11-05,2.249,4.137,6.216,3.218,130.994,101.406,1.207,0.383,1.007,1.151,2.217,6.006,1.05
2024-11-06,2.223,4.111,6.223,3.19,131.078,101.419,1.202,0.382,1.018,1.161,2.216,5.994,1.053
2024-11-07,2.306,4.248,6.343,3.259,131.106,101.407,1.318,0.397,1.049,1.153,2.232,5.86,1.087
2024-11-08,2.282,4.194,6.326,3.226,131.284,101.43,1.264,0.394,1.056,1.185,2.23,5.898,1.081
2024-11-11,2.349,4.215,6.432,3.193,131.324,101.433,1.263,0.397,1.121,1.217,2.306,5.905,1.13
2024-11-12,2.345,4.169,6.372,3.173,131.6,101.441,1.233,0.402,1.094,1.168,2.299,5.807,1.105
2024-11-13,2.372,4.195,6.353,3.193,131.588,101.44,1.23,0.399,1.095,1.17,2.318,5.796,1.116
2024-11-14,2.288,4.124,6.181,3.167,131.562,101.444,1.208,0.387,1.051,1.123,2.245,5.68,1.08
2024-11-15,2.204,4.055,6.021,3.17,131.625,101.448,1.16,0.38,1.008,1.084,2.168,5.683,1.04
2024-11-18,2.149,4.038,5.931,3.218,131.41,101.451,1.146,0.375,0.983,1.062,2.138,5.758,1.02
2024-11-19,2.215,4.058,6.024,3.209,131.467,101.453,1.167,0.379,1.017,1.08,2.216,5.858,1.052
2024-11-20,2.223,4.068,6.085,3.215,131.532,101.465,1.169,0.387,1.017,1.094,2.21,5.857,1.055
2024-11-21,2.223,4.073,6.08,3.218,131.683,101.47,1.182,0.385,1.022,1.093,2.209,5.933,1.064
2024-11-22,2.136,3.953,5.84,3.142,131.762,101.49,1.125,0.371,0.979,1.054,2.13,6.01,1.022
2024-11-25,2.132,3.931,5.825,3.148,131.926,101.48,1.115,0.368,0.968,1.04,2.152,5.916,1.008
2024-11-26,2.109,3.923,5.785,3.159,132.1,101.485,1.114,0.37,0.959,1.028,2.112,5.844,1.002
2024-11-27,2.165,3.987,5.896,3.189,131.975,101.482,1.143,0.376,0.99,1.062,2.153,5.899,1.038
2024-11-28,2.128,3.958,5.858,3.186,132.164,101.495,1.131,0.373,0.988,1.055,2.135,5.869,1.034
2024-11-29,2.179,4.001,5.944,3.201,132.309,101.496,1.162,0.377,1.005,1.066,2.16,5.923,1.06
2024-12-02,2.211,4.031,6.036,3.209,132.605,101.508,1.174,0.381,1.014,1.077,2.176,5.872,1.068
2024-12-03,2.198,4.035,6.026,3.241,132.716,101.513,1.175,0.379,1.001,1.067,2.174,5.931,1.057
2024-12-04,2.17,4.014,5.981,3.266,133.003,101.525,1.16,0.374,1.003,1.057,2.129,5.929,1.05
2024-12-05,2.177,4.007,5.998,3.259,133.131,101.523,1.174,0.373,1.002,1.068,2.128,5.927,1.053
2024-12-06,2.224,4.057,6.076,3.302,132.972,101.524,1.191,0.382,1.013,1.078,2.15,5.903,1.067
2024-12-09,2.206,4.054,6.043,3.31,133.138,101.531,1.176,0.383,0.996,1.064,2.134,5.936,1.054
2024-12-10,2.221,4.085,6.095,3.306,133.907,101.528,1.188,0.381,1.006,1.079,2.132,5.961,1.063
2024-12-11,2.218,4.075,6.141,3.319,134.128,101.533,1.184,0.381,1.008,1.083,2.122,6.011,1.059
2024-12-12,2.248,4.117,6.197,3.325,134.403,101.543,1.202,0.385,1.013,1.099,2.14,6.052,1.063
2024-12-13,2.193,4.02,6.099,3.288,134.877,101.559,1.165,0.374,0.999,1.071,2.09,6.001,1.042
2024-12-16,2.158,3.996,6.005,3.317,135.395,101.563,1.148,0.37,0.98,1.052,2.055,5.947,1.025
2024-12-17,2.159,4.007,5.941,3.312,135.107,101.564,1.15,0.369,0.97,1.04,2.052,5.94,1.019
2024-12-18,2.158,4.024,5.979,3.332,134.821,101.565,1.147,0.37,0.999,1.048,2.046,5.932,1.033
2024-12-19,2.171,4.03,5.997,3.292,134.687,101.566,1.146,0.369,1.018,1.05,2.033,5.885,1.045
2024-12-20,2.169,4.018,6.009,3.264,135.32,101.576,1.15,0.368,1.052,1.06,2.024,5.892,1.065
2024-12-23,2.147,4.022,5.915,3.278,135.499,101.578,1.136,0.366,1.034,1.042,2.018,5.951,1.052
2024-12-24,2.17,4.069,5.982,3.311,135.223,101.578,1.155,0.37,1.05,1.045,2.047,5.921,1.069
2024-12-25,2.156,4.072,5.932,3.326,135.073,101.585,1.149,0.369,1.048,1.039,2.027,5.936,1.072
2024-12-26,2.166,4.073,5.977,3.316,135.031,101.586,1.151,0.367,1.068,1.053,2.017,5.94,1.081
2024-12-27,2.163,4.067,5.991,3.315,135.506,101.602,1.159,0.366,1.056,1.07,2.014,5.945,1.074
2024-12-30,2.165,4.086,5.989,3.362,135.303,101.613,1.169,0.366,1.057,1.065,2.018,5.923,1.077
2024-12-31,2.102,4.022,5.811,3.351,135.554,100.093,1.12,0.361,1.009,1.042,1.978,5.928,1.045
2025-01-02,2.019,3.909,5.637,3.279,136.248,100.071,1.058,0.351,0.964,0.996,1.92,5.977,1.009
2025-01-03,1.978,3.869,5.523,3.248,136.569,100.079,1.029,0.348,0.942,0.966,1.883,6.029,0.993
2025-01-06,1.976,3.853,5.51,3.248,136.654,100.081,1.028,0.349,0.935,0.955,1.888,5.99,0.989
2025-01-07,1.99,3.88,5.568,3.234,136.477,100.089,1.04,0.344,0.977,0.972,1.891,6.0,1.018
2025-01-08,1.968,3.874,5.545,3.228,136.463,100.122,1.029,0.341,0.977,0.965,1.879,6.03,1.017
2025-01-09,1.971,3.866,5.541,3.184,136.28,100.11,1.026,0.341,0.98,0.979,1.877,6.065,1.015
2025-01-10,1.938,3.823,5.459,3.151,136.129,100.119,1.007,0.336,0.975,0.967,1.833,6.105,1.005
2025-01-13,1.942,3.808,5.468,3.124,136.057,100.103,1.01,0.338,0.971,0.964,1.84,6.12,1.005
2025-01-14,2.036,3.906,5.655,3.174,136.196,100.095,1.054,0.346,1.01,1.0,1.899,6.068,1.037
2025-01-15,1.999,3.883,5.61,3.183,136.443,100.114,1.043,0.343,1.009,0.984,1.897,6.102,1.032
2025-01-16,2.01,3.885,5.537,3.213,136.274,100.105,1.043,0.34,0.988,0.983,1.91,6.122,1.011
2025-01-17,2.026,3.898,5.581,3.196,136.186,100.113,1.045,0.341,1.011,0.992,1.908,6.139,1.02
2025-01-20,2.062,3.917,5.608,3.185,136.044,100.107,1.051,0.347,1.01,1.002,1.928,6.127,1.022
2025-01-21,2.07,3.922,5.628,3.027,136.159,100.12,1.053,0.346,1.024,0.996,1.901,6.127,1.031
2025-01-22,2.059,3.886,5.607,3.003,136.219,100.129,1.049,0.342,1.022,0.989,1.874,6.181,1.029
2025-01-23,2.052,3.897,5.584,3.052,136.151,100.123,1.054,0.343,1.008,0.982,1.87,6.187,1.021
2025-01-24,2.084,3.929,5.652,3.067,136.005,100.125,1.065,0.346,1.018,0.99,1.892,6.218,1.029
2025-01-27,2.028,3.907,5.585,3.105,136.514,100.19,1.038,0.346,0.99,0.98,1.875,6.202,1.009
2025-02-05,2.024,3.887,5.608,3.043,136.578,100.2,1.037,0.346,1.017,0.988,1.866,6.439,1.037
2025-02-06,2.08,3.932,5.74,3.041,136.659,100.191,1.055,0.349,1.06,1.019,1.908,6.402,1.067
2025-02-07,2.131,3.988,5.831,3.054,136.605,100.195,1.077,0.354,1.062,1.028,1.963,6.42,1.076
2025-02-10,2.142,3.992,5.882,3.047,136.474,100.196,1.08,0.357,1.074,1.039,1.95,6.518,1.094
2025-02-11,2.113,3.976,5.859,3.06,136.512,100.205,1.07,0.353,1.061,1.027,1.913,6.584,1.08
2025-02-12,2.15,4.014,5.936,3.062,136.51,100.203,1.088,0.354,1.097,1.037,1.937,6.538,1.099
2025-02-13,2.135,4.004,5.907,3.065,136.476,100.21,1.081,0.353,1.063,1.028,1.931,6.57,1.073
2025-02-14,2.174,4.034,5.953,3.068,136.262,100.229,1.083,0.362,1.062,1.025,1.947,6.605,1.078
2025-02-17,2.182,4.041,5.944,3.055,135.889,100.235,1.087,0.364,1.076,1.025,1.949,6.494,1.093
2025-02-18,2.14,4.012,5.844,3.053,135.761,100.224,1.059,0.357,1.054,0.999,1.938,6.555,1.066
2025-02-19,2.185,4.033,5.937,3.035,135.899,100.223,1.072,0.358,1.101,1.016,1.962,6.598,1.092
2025-02-20,2.184,4.021,5.952,3.022,135.764,100.235,1.07,0.365,1.096,1.035,1.944,6.619,1.091
2025-02-21,2.239,4.075,6.054,3.0,135.487,100.232,1.092,0.373,1.152,1.043,1.963,6.568,1.157
2025-02-24,2.221,4.062,6.036,2.996,134.89,100.245,1.085,0.368,1.156,1.046,1.971,6.581,1.161
2025-02-25,2.197,4.021,5.973,2.975,134.997,100.25,1.069,0.362,1.151,1.038,1.969,6.582,1.162
2025-02-26,2.223,4.054,6.045,3.001,135.346,100.249,1.098,0.367,1.171,1.048,2.011,6.519,1.186
2025-02-27,2.212,4.067,6.029,3.028,135.108,100.258,1.093,0.367,1.164,1.037,2.011,6.492,1.185
2025-02-28,2.128,3.994,5.867,3.01,135.315,100.267,1.06,0.357,1.107,1.006,1.97,6.444,1.133
2025-03-03,2.154,3.981,5.877,2.997,135.492,100.276,1.057,0.358,1.093,1.011,2.02,6.451,1.119
2025-03-04,2.149,3.977,5.929,2.996,135.445,100.281,1.062,0.359,1.123,1.04,1.993,6.499,1.139
2025-03-05,2.149,3.994,5.944,3.004,135.468,100.291,1.063,0.356,1.128,1.044,1.97,6.547,1.142
2025-03-06,2.191,4.049,6.039,2.998,135.129,100.282,1.087,0.362,1.158,1.058,1.998,6.535,1.181
2025-03-07,2.16,4.039,6.013,2.997,134.75,100.291,1.071,0.358,1.142,1.072,1.98,6.526,1.167
2025-03-10,2.159,4.023,6.006,3.001,134.455,100.298,1.062,0.359,1.141,1.079,1.982,6.544,1.163
2025-03-11,2.159,4.035,6.036,3.022,133.937,100.305,1.065,0.36,1.132,1.099,1.985,6.505,1.158
2025-03-12,2.149,4.025,6.04,3.018,134.446,100.308,1.072,0.357,1.128,1.095,1.98,6.526,1.15
2025-03-13,2.125,4.005,5.989,3.046,134.308,100.324,1.065,0.356,1.095,1.093,1.966,6.575,1.126
2025-03-14,2.186,4.106,6.098,3.068,134.101,100.312,1.101,0.366,1.117,1.095,2.002,6.673,1.146
2025-03-17,2.173,4.094,6.1,3.077,133.699,100.314,1.089,0.365,1.111,1.091,2.005,6.677,1.14
2025-03-18,2.185,4.103,6.126,3.065,133.682,100.306,1.09,0.37,1.119,1.088,2.009,6.727,1.146
2025-03-19,2.178,4.109,6.102,3.066,133.797,100.321,1.089,0.37,1.105,1.076,2.007,6.8,1.131
2025-03-20,2.158,4.076,6.06,3.061,134.351,100.34,1.08,0.366,1.094,1.082,1.991,6.807,1.119
2025-03-21,2.112,4.01,5.968,3.055,134.349,100.372,1.062,0.36,1.064,1.077,1.961,6.774,1.095
2025-03-24,2.112,4.027,5.961,3.078,134.202,100.38,1.061,0.359,1.072,1.059,1.953,6.78,1.101
2025-03-25,2.105,4.029,5.941,3.1,134.522,100.393,1.057,0.36,1.052,1.054,1.969,6.774,1.083
2025-03-26,2.098,4.013,5.941,3.101,134.632,100.378,1.056,0.359,1.052,1.052,1.977,6.795,1.081
2025-03-27,2.103,4.027,5.956,3.099,134.686,100.365,1.059,0.366,1.064,1.049,1.959,6.812,1.092
2025-03-28,2.089,4.008,5.909,3.082,134.507,100.363,1.059,0.366,1.048,1.04,1.942,6.938,1.081
2025-03-31,2.064,3.984,5.854,3.073,134.489,100.37,1.038,0.362,1.049,1.021,1.898,7.012,1.074
2025-04-01,2.062,3.982,5.886,3.097,134.509,100.391,1.036,0.374,1.05,1.035,1.906,7.056,1.076
2025-04-02,2.064,3.979,5.893,3.112,134.702,100.399,1.04,0.369,1.047,1.023,1.903,7.029,1.074
2025-04-03,2.027,3.959,5.842,3.117,135.518,100.404,1.039,0.366,1.041,1.02,1.874,7.094,1.068
2025-04-07,1.775,3.695,5.28,2.938,136.398,100.395,0.935,0.342,0.944,0.927,1.687,6.877,0.97
2025-04-08,1.804,3.73,5.313,3.003,135.993,100.403,0.949,0.344,0.946,0.946,1.684,6.925,0.986
2025-04-09,1.823,3.766,5.428,3.007,136.092,100.408,0.968,0.343,0.993,0.999,1.687,7.012,1.028
2025-04-10,1.863,3.829,5.535,3.038,136.107,100.411,0.982,0.348,1.005,1.01,1.721,7.164,1.042
2025-04-11,1.892,3.84,5.573,3.023,136.084,100.418,0.985,0.349,1.055,1.021,1.732,7.273,1.061
2025-04-14,1.895,3.848,5.617,3.051,136.084,100.425,0.987,0.35,1.055,1.023,1.745,7.327,1.064
2025-04-15,1.893,3.851,5.594,3.066,136.177,100.434,0.981,0.347,1.042,1.005,1.744,7.325,1.054
2025-04-16,1.87,3.86,5.545,3.082,136.359,100.439,0.979,0.348,1.049,1.0,1.727,7.503,1.061
2025-04-17,1.873,3.863,5.548,3.075,136.325,100.435,0.979,0.348,1.055,1.001,1.724,7.565,1.066
2025-04-18,1.878,3.873,5.55,3.077,136.248,100.442,0.986,0.347,1.044,0.995,1.729,7.583,1.059
2025-04-21,1.908,3.875,5.632,3.067,136.107,100.439,0.992,0.348,1.055,1.012,1.747,7.724,1.07
2025-04-22,1.899,3.878,5.617,3.077,136.239,100.444,0.991,0.352,1.053,1.006,1.742,7.982,1.066
2025-04-23,1.919,3.882,5.628,3.061,136.1,100.444,0.992,0.351,1.053,1.005,1.752,7.5,1.063
2025-04-24,1.907,3.882,5.605,3.074,136.018,100.451,0.987,0.352,1.039,0.995,1.746,7.582,1.052
2025-04-25,1.92,3.882,5.621,3.071,136.096,100.457,0.994,0.351,1.036,0.998,1.755,7.53,1.054
2025-04-28,1.906,3.876,5.595,3.074,136.186,100.455,0.986,0.349,1.037,0.991,1.751,7.465,1.051
2025-04-29,1.903,3.869,5.598,3.062,136.502,100.457,0.985,0.35,1.047,0.991,1.743,7.517,1.053
2025-04-30,1.921,3.866,5.626,3.038,136.546,100.482,0.988,0.354,1.06,0.998,1.745,7.471,1.062
2025-05-06,1.958,3.903,5.733,3.03,136.5,100.482,1.002,0.357,1.078,1.014,1.777,7.612,1.078
2025-05-07,1.967,3.927,5.743,3.049,136.386,100.485,1.008,0.357,1.072,1.051,1.782,7.671,1.081
2025-05-08,2.001,3.95,5.767,3.053,136.494,100.49,1.011,0.357,1.068,1.072,1.812,7.557,1.077
2025-05-09,1.984,3.945,5.72,3.07,136.592,100.502,1.0,0.358,1.043,1.047,1.799,7.531,1.056
2025-05-12,2.037,3.99,5.792,3.083,136.454,100.503,1.023,0.357,1.05,1.096,1.844,7.376,1.063
2025-05-13,2.03,3.994,5.778,3.105,136.284,100.509,1.015,0.36,1.043,1.063,1.856,7.332,1.06
2025-05-14,2.054,4.045,5.798,3.133,136.175,100.511,1.051,0.363,1.047,1.057,1.86,7.277,1.065
2025-05-15,2.012,4.011,5.721,3.124,136.149,100.524,1.032,0.363,1.025,1.037,1.828,7.062,1.05
2025-05-16,2.008,3.989,5.711,3.106,136.048,100.528,1.02,0.363,1.023,1.038,1.829,7.177,1.044
2025-05-19,2.002,3.983,5.725,3.117,136.124,100.536,1.021,0.363,1.028,1.047,1.828,7.222,1.045
2025-05-20,2.018,4.003,5.749,3.121,136.205,100.533,1.021,0.368,1.032,1.045,1.835,7.209,1.048
2025-05-21,2.034,4.019,5.756,3.15,136.249,100.535,1.018,0.371,1.022,1.046,1.853,7.439,1.045
2025-05-22,2.016,4.017,5.711,3.151,136.21,100.543,1.01,0.369,1.017,1.04,1.83,7.45,1.039
2025-05-23,1.994,3.988,5.662,3.123,136.203,100.551,0.998,0.37,1.004,1.029,1.816,7.454,1.03
2025-05-26,1.977,3.967,5.671,3.107,136.228,100.55,0.996,0.365,1.013,1.039,1.801,7.425,1.035
2025-05-27,1.967,3.946,5.657,3.095,136.186,100.549,0.995,0.367,0.997,1.035,1.792,7.366,1.028
2025-05-28,1.959,3.942,5.647,3.1,136.145,100.554,0.991,0.367,0.99,1.026,1.779,7.375,1.023
2025-05-29,1.989,3.966,5.727,3.108,136.008,100.556,1.003,0.372,1.011,1.047,1.791,7.3,1.04
2025-05-30,1.972,3.959,5.694,3.122,136.124,100.579,0.997,0.373,0.996,1.048,1.774,7.369,1.03
2025-06-03,1.977,3.957,5.703,3.134,136.146,100.575,1.005,0.375,1.004,1.048,1.774,7.478,1.034
2025-06-04,2.0,3.974,5.749,3.142,136.197,100.577,1.018,0.379,1.008,1.047,1.792,7.474,1.04
2025-06-05,2.023,3.984,5.784,3.124,136.23,100.579,1.028,0.376,1.027,1.052,1.796,7.483,1.051
2025-06-06,2.017,3.986,5.785,3.124,136.339,100.591,1.021,0.373,1.027,1.047,1.793,7.481,1.047
2025-06-09,2.034,3.995,5.825,3.128,136.497,100.591,1.035,0.378,1.029,1.062,1.808,7.4,1.053
2025-06-10,2.012,3.972,5.777,3.133,136.551,100.596,1.022,0.379,1.007,1.045,1.792,7.405,1.032
2025-06-11,2.038,4.004,5.814,3.142,136.662,100.596,1.041,0.378,1.006,1.049,1.818,7.428,1.031
2025-06-12,2.04,4.006,5.825,3.14,136.653,100.599,1.04,0.383,0.997,1.041,1.809,7.497,1.027
2025-06-13,2.02,3.98,5.776,3.125,136.647,100.613,1.029,0.377,0.993,1.056,1.794,7.588,1.022
2025-06-16,2.037,3.99,5.797,3.131,136.68,100.612,1.044,0.374,0.996,1.056,1.795,7.563,1.021
2025-06-17,2.028,3.989,5.785,3.134,136.811,100.613,1.047,0.367,0.991,1.055,1.8,7.499,1.012
2025-06-18,2.034,3.904,5.776,3.138,136.803,100.627,1.035,0.365,0.999,1.062,1.806,7.503,1.018
2025-06-19,2.005,3.873,5.718,3.124,136.829,100.64,1.015,0.361,0.999,1.045,1.785,7.465,1.012
2025-06-20,1.988,3.878,5.679,3.14,136.863,100.643,1.013,0.363,0.992,1.034,1.78,7.436,1.006
2025-06-23,1.998,3.891,5.712,3.153,136.832,100.637,1.025,0.363,1.003,1.051,1.802,7.464,1.012
2025-06-24,2.044,3.936,5.804,3.157,136.773,100.637,1.05,0.365,1.02,1.057,1.844,7.372,1.029
2025-06-25,2.109,4.001,5.913,3.173,136.65,100.636,1.108,0.369,1.042,1.091,1.869,7.392,1.048
2025-06-26,2.093,3.986,5.888,3.18,136.651,100.644,1.088,0.366,1.028,1.091,1.858,7.405,1.041
2025-06-27,2.101,3.963,5.91,3.154,136.784,100.662,1.088,0.365,1.033,1.099,1.865,7.326,1.041
2025-06-30,2.133,3.982,5.963,3.152,136.636,100.711,1.086,0.368,1.049,1.147,1.891,7.314,1.056
2025-07-01,2.126,3.988,5.982,3.175,136.728,100.671,1.08,0.37,1.044,1.143,1.885,7.397,1.048
2025-07-02,2.104,3.992,5.947,3.199,136.88,100.67,1.074,0.368,1.023,1.12,1.907,7.394,1.035
2025-07-03,2.141,4.015,5.971,3.198,136.904,100.678,1.082,0.37,1.024,1.124,1.929,7.445,1.036
2025-07-04,2.133,4.032,5.963,3.222,136.923,100.7,1.082,0.371,1.022,1.116,1.913,7.407,1.035
2025-07-07,2.11,4.014,5.951,3.235,136.938,100.693,1.083,0.367,1.019,1.118,1.905,7.355,1.029
2025-07-08,2.159,4.048,6.031,3.229,136.867,100.683,1.095,0.369,1.031,1.125,1.967,7.398,1.044
2025-07-09,2.163,4.045,6.005,3.245,136.832,100.684,1.09,0.374,1.019,1.116,1.962,7.314,1.036
2025-07-10,2.169,4.065,6.038,3.271,136.66,100.69,1.104,0.375,1.016,1.113,1.978,7.371,1.033
2025-07-11,2.185,4.079,6.09,3.25,136.608,100.695,1.13,0.381,1.031,1.128,1.97,7.376,1.047
2025-07-14,2.177,4.078,6.079,3.272,136.505,100.701,1.119,0.38,1.025,1.123,1.974,7.44,1.046
2025-07-15,2.212,4.078,6.077,3.233,136.737,100.709,1.113,0.381,1.022,1.119,1.952,7.436,1.048
2025-07-16,2.206,4.069,6.076,3.221,136.748,100.715,1.108,0.381,1.025,1.118,1.948,7.402,1.049
2025-07-17,2.247,4.102,6.146,3.212,136.747,100.718,1.115,0.387,1.032,1.145,1.968,7.397,1.057
2025-07-18,2.252,4.132,6.165,3.226,136.666,100.721,1.119,0.391,1.034,1.155,1.98,7.403,1.06
2025-07-21,2.275,4.157,6.226,3.247,136.54,100.721,1.134,0.39,1.035,1.168,2.006,7.446,1.061
2025-07-22,2.289,4.201,6.292,3.3,136.409,100.72,1.136,0.392,1.037,1.168,2.051,7.474,1.069
2025-07-23,2.287,4.199,6.27,3.297,136.344,100.726,1.146,0.393,1.044,1.153,2.033,7.548,1.074
2025-07-24,2.325,4.225,6.363,3.307,135.999,100.733,1.179,0.401,1.06,1.174,2.086,7.424,1.086
2025-07-25,2.318,4.203,6.365,3.293,135.824,100.745,1.175,0.401,1.082,1.174,2.077,7.409,1.109
2025-07-28,2.342,4.214,6.391,3.26,136.173,100.748,1.185,0.41,1.081,1.192,2.07,7.388,1.11
2025-07-29,2.383,4.235,6.431,3.251,135.857,100.743,1.188,0.421,1.097,1.205,2.088,7.363,1.125
2025-07-30,2.345,4.232,6.389,3.262,136.083,100.749,1.171,0.424,1.087,1.188,2.048,7.377,1.112
2025-07-31,2.301,4.155,6.297,3.211,136.346,100.774,1.146,0.416,1.074,1.186,1.988,7.35,1.101
2025-08-01,2.303,4.133,6.287,3.208,136.342,100.798,1.138,0.409,1.065,1.167,2.0,7.352,1.091
2025-08-04,2.313,4.152,6.335,3.222,136.345,100.778,0.572,0.409,1.079,1.199,1.994,7.446,1.104
2025-08-05,2.32,4.183,6.376,3.254,136.361,100.767,0.576,0.411,1.081,1.205,2.007,7.455,1.109
2025-08-06,2.336,4.194,6.428,3.267,136.439,100.768,0.578,0.41,1.091,1.247,2.013,7.468,1.113
2025-08-07,2.32,4.193,6.408,3.279,136.478,100.776,0.578,0.407,1.097,1.238,2.003,7.484,1.112
2025-08-08,2.312,4.183,6.397,3.278,136.531,100.78,0.573,0.406,1.076,1.234,2.024,7.508,1.096
2025-08-11,2.357,4.202,6.464,3.26,136.262,100.774,0.581,0.407,1.084,1.241,2.077,7.429,1.103
2025-08-12,2.385,4.228,6.497,3.278,136.154,100.784,0.584,0.408,1.113,1.234,2.069,7.399,1.124
2025-08-13,2.473,4.263,6.582,3.258,136.22,100.787,0.594,0.418,1.124,1.25,2.092,7.415,1.133
2025-08-14,2.446,4.256,6.514,3.237,136.072,100.794,0.593,0.415,1.131,1.229,2.063,7.424,1.142
2025-08-15,2.509,4.295,6.658,3.231,136.046,100.801,0.622,0.417,1.154,1.243,2.123,7.401,1.158
2025-08-18,2.582,4.327,6.748,3.223,135.563,100.801,0.629,0.418,1.18,1.27,2.146,7.413,1.183
2025-08-19,2.575,4.305,6.733,3.217,135.621,100.805,0.617,0.411,1.163,1.248,2.139,7.391,1.17
2025-08-20,2.588,4.364,6.824,3.24,135.489,100.817,0.623,0.415,1.208,1.257,2.153,7.374,1.208
2025-08-21,2.572,4.378,6.786,3.256,135.52,100.845,0.618,0.42,1.201,1.249,2.143,7.394,1.208
2025-08-22,2.662,4.479,6.915,3.253,135.469,100.833,0.639,0.424,1.311,1.279,2.192,7.378,1.323
2025-08-25,2.737,4.565,7.037,3.273,135.684,100.827,0.646,0.434,1.33,1.304,2.242,7.427,1.356
2025-08-26,2.716,4.541,7.048,3.261,135.775,100.83,0.638,0.429,1.315,1.295,2.232,7.449,1.336
2025-08-27,2.696,4.475,6.953,3.208,135.865,100.837,0.622,0.42,1.321,1.272,2.184,7.45,1.337
2025-08-28,2.806,4.559,7.104,3.205,135.568,100.859,0.633,0.419,1.416,1.299,2.227,7.468,1.433
2025-08-29,2.865,4.601,7.141,3.189,135.612,100.884,0.634,0.431,1.38,1.311,2.296,7.486,1.412
2025-09-01,2.927,4.616,7.206,3.171,135.719,100.902,0.628,0.446,1.403,1.307,2.319,7.647,1.431
2025-09-02,2.848,4.59,7.055,3.186,135.726,100.924,0.62,0.448,1.355,1.274,2.289,7.67,1.394
2025-09-03,2.87,4.549,6.94,3.153,135.84,100.891,0.598,0.447,1.332,1.202,2.33,7.768,1.365
2025-09-04,2.751,4.456,6.779,3.172,136.12,100.872,0.597,0.431,1.234,1.166,2.338,7.75,1.282
2025-09-05,2.944,4.554,7.011,3.162,135.731,100.854,0.601,0.446,1.277,1.184,2.552,7.775,1.326
2025-09-08,2.908,4.555,7.073,3.168,135.597,100.862,0.596,0.456,1.277,1.193,2.567,7.847,1.328
2025-09-09,2.845,4.528,7.006,3.17,135.531,100.865,0.596,0.445,1.247,1.168,2.532,7.966,1.307
2025-09-10,2.875,4.538,7.003,3.169,135.229,100.869,0.595,0.443,1.264,1.178,2.49,7.947,1.321
2025-09-11,3.025,4.66,7.224,3.174,135.301,100.872,0.614,0.44,1.341,1.203,2.546,7.923,1.393
2025-09-12,2.995,4.621,7.242,3.159,135.525,100.881,0.606,0.441,1.366,1.2,2.528,7.954,1.406
2025-09-15,3.037,4.629,7.226,3.142,135.623,100.885,0.603,0.443,1.374,1.191,2.566,7.931,1.409
2025-09-16,3.059,4.62,7.282,3.135,135.687,100.877,0.604,0.441,1.387,1.185,2.567,8.032,1.426
2025-09-17,3.119,4.653,7.357,3.149,135.866,100.887,0.606,0.445,1.408,1.19,2.606,7.964,1.44
2025-09-18,3.067,4.594,7.292,3.096,135.838,100.912,0.588,0.443,1.426,1.184,2.569,7.862,1.45
2025-09-19,3.062,4.604,7.261,3.113,135.651,100.916,0.584,0.439,1.409,1.195,2.57,7.898,1.431
2025-09-22,3.082,4.619,7.318,3.087,135.66,100.912,0.589,0.44,1.462,1.201,2.557,8.048,1.479
2025-09-23,3.093,4.622,7.277,3.105,134.125,100.925,0.58,0.432,1.467,1.192,2.574,8.143,1.475
2025-09-24,3.16,4.663,7.432,3.111,133.908,100.907,0.585,0.435,1.543,1.203,2.664,8.19,1.53
2025-09-25,3.211,4.695,7.441,3.097,133.866,100.91,0.585,0.443,1.546,1.2,2.709,8.146,1.548
2025-09-26,3.129,4.651,7.336,3.098,134.059,100.925,0.583,0.433,1.523,1.196,2.69,8.16,1.524
2025-09-29,3.213,4.728,7.462,3.093,133.994,100.928,0.611,0.435,1.54,1.2,2.779,8.259,1.543
2025-09-30,3.217,4.741,7.519,3.082,134.254,100.98,0.604,0.446,1.576,1.234,2.841,8.339,1.57
2025-10-09,3.235,4.816,7.649,3.103,134.384,100.948,0.606,0.448,1.621,1.248,2.949,8.729,1.618
2025-10-10,3.095,4.719,7.505,3.136,134.315,100.972,0.607,0.437,1.524,1.233,2.77,8.602,1.528
2025-10-13,3.054,4.692,7.469,3.14,134.447,100.969,0.6,0.426,1.557,1.249,2.789,8.859,1.546
2025-10-14,2.934,4.645,7.289,3.204,134.679,100.98,0.596,0.416,1.47,1.233,2.73,8.976,1.481
2025-10-15,3.003,4.706,7.393,3.207,134.609,100.974,0.603,0.422,1.492,1.23,2.779,9.187,1.501
2025-10-16,3.014,4.721,7.336,3.239,134.714,100.991,0.601,0.424,1.484,1.218,2.791,9.244,1.487
2025-10-17,2.915,4.624,7.114,3.229,134.926,101.013,0.59,0.415,1.423,1.177,2.658,9.568,1.433
2025-10-20,2.971,4.64,7.16,3.256,134.679,101.033,0.59,0.414,1.433,1.18,2.667,9.268,1.437
2025-10-21,3.062,4.71,7.28,3.248,134.671,101.0,0.595,0.419,1.473,1.196,2.711,9.49,1.477
2025-10-22,3.039,4.695,7.224,3.253,134.686,101.007,0.59,0.416,1.467,1.182,2.671,9.101,1.476
2025-10-23,3.038,4.713,7.249,3.278,134.586,101.002,0.595,0.416,1.455,1.178,2.712,8.994,1.473
2025-10-24,3.147,4.77,7.369,3.259,134.522,101.011,0.6,0.417,1.528,1.208,2.763,8.95,1.535
2025-10-27,3.209,4.826,7.478,3.272,134.672,101.007,0.608,0.423,1.565,1.222,2.789,8.914,1.558
2025-10-28,3.205,4.802,7.441,3.267,135.059,101.009,0.605,0.416,1.551,1.236,2.767,8.597,1.545
2025-10-29,3.3,4.862,7.594,3.249,135.059,101.012,0.617,0.42,1.555,1.243,2.94,8.692,1.565
2025-10-30,3.239,4.823,7.497,3.248,135.205,101.041,0.606,0.409,1.52,1.219,2.966,8.704,1.535
2025-10-31,3.166,4.756,7.436,3.24,135.287,101.026,0.6,0.413,1.465,1.204,2.927,8.794,1.488
2025-11-03,3.176,4.763,7.439,3.283,135.306,101.028,0.597,0.409,1.452,1.212,2.963,8.797,1.47
2025-11-04,3.112,4.729,7.313,3.313,135.354,101.043,0.593,0.402,1.436,1.195,2.877,8.737,1.455
2025-11-05,3.142,4.735,7.33,3.322,135.352,101.048,0.593,0.402,1.424,1.193,2.979,8.706,1.46
2025-11-06,3.201,4.805,7.451,3.326,135.212,101.056,0.6,0.404,1.48,1.203,3.027,8.755,1.509
2025-11-07,3.185,4.795,7.44,3.331,135.186,101.058,0.595,0.401,1.461,1.195,3.083,8.793,1.487
2025-11-10,3.158,4.807,7.448,3.356,135.133,101.052,0.602,0.405,1.453,1.193,3.063,8.936,1.478
2025-11-11,3.113,4.763,7.394,3.347,135.058,101.058,0.595,0.404,1.429,1.181,3.039,9.062,1.457
2025-11-12,3.108,4.765,7.356,3.36,135.161,101.059,0.591,0.405,1.422,1.17,2.961,9.029,1.449
2025-11-13,3.182,4.812,7.465,3.361,135.067,101.066,0.596,0.411,1.447,1.179,3.099,9.175,1.469
2025-11-14,3.093,4.741,7.338,3.348,135.141,101.075,0.589,0.408,1.4,1.174,3.051,9.096,1.431
2025-11-17,3.084,4.71,7.336,3.329,135.253,101.074,0.582,0.401,1.397,1.188,3.064,8.882,1.422
2025-11-18,3.051,4.683,7.262,3.284,135.283,101.08,0.583,0.399,1.411,1.172,2.972,8.777,1.427
2025-11-19,3.057,4.697,7.227,3.3,135.228,101.085,0.583,0.398,1.398,1.178,2.988,8.954,1.413
2025-11-20,3.026,4.676,7.17,3.3,135.264,101.105,0.581,0.394,1.379,1.165,2.941,8.903,1.396
2025-11-21,2.904,4.564,6.922,3.255,135.237,101.105,0.561,0.387,1.322,1.142,2.76,8.828,1.351
2025-11-24,2.908,4.557,6.97,3.227,135.251,101.098,0.562,0.392,1.333,1.188,2.73,8.857,1.36
2025-11-25,2.961,4.597,7.054,3.243,135.131,101.104,0.564,0.393,1.347,1.182,2.783,9.01,1.369
2025-11-26,3.027,4.626,7.065,3.226,134.825,101.107,0.562,0.394,1.369,1.16,2.789,9.011,1.382
2025-11-27,3.012,4.622,7.05,3.23,134.84,101.106,0.562,0.392,1.375,1.158,2.785,9.01,1.379
2025-11-28,3.035,4.635,7.135,3.23,134.861,101.114,0.564,0.393,1.391,1.172,2.829,9.067,1.393
2025-12-01,3.073,4.687,7.202,3.245,134.981,101.117,0.566,0.393,1.416,1.184,2.834,9.161,1.404
2025-12-02,3.052,4.666,7.141,3.249,134.904,101.135,0.56,0.388,1.396,1.181,2.798,9.112,1.387
2025-12-03,3.019,4.645,7.103,3.241,134.969,101.146,0.555,0.386,1.384,1.169,2.763,9.096,1.375
2025-12-04,3.051,4.657,7.125,3.228,134.548,101.132,0.557,0.387,1.411,1.176,2.766,9.064,1.394
2025-12-05,3.089,4.698,7.216,3.226,134.783,101.134,0.571,0.389,1.406,1.204,2.793,9.136,1.394
2025-12-08,3.171,4.732,7.278,3.21,134.777,101.133,0.583,0.391,1.441,1.216,2.844,9.11,1.42
2025-12-09,3.188,4.708,7.224,3.184,134.979,101.137,0.574,0.391,1.436,1.215,2.831,9.046,1.414
2025-12-10,3.192,4.702,7.263,3.171,134.972,101.142,0.576,0.392,1.438,1.225,2.813,9.095,1.415
2025-12-11,3.146,4.668,7.201,3.155,135.105,101.153,0.569,0.39,1.415,1.22,2.808,9.11,1.392
2025-12-12,3.174,4.694,7.285,3.142,135.012,101.146,0.571,0.391,1.44,1.233,2.815,9.227,1.418
2025-12-15,3.12,4.667,7.236,3.168,134.739,101.151,0.574,0.384,1.407,1.245,2.766,9.351,1.389
2025-12-16,3.06,4.62,7.126,3.14,134.759,101.164,0.571,0.378,1.382,1.226,2.702,9.24,1.361
2025-12-17,3.164,4.699,7.259,3.143,134.911,101.157,0.582,0.383,1.412,1.226,2.777,9.31,1.396
2025-12-18,3.092,4.668,7.221,3.175,134.941,101.166,0.576,0.383,1.401,1.239,2.722,9.318,1.376
2025-12-19,3.107,4.688,7.286,3.174,135.025,101.17,0.578,0.388,1.398,1.255,2.744,9.313,1.38
2025-12-22,3.175,4.73,7.368,3.159,134.893,101.17,0.578,0.387,1.436,1.262,2.785,9.511,1.405
2025-12-23,3.185,4.74,7.374,3.16,135.214,101.176,0.577,0.385,1.45,1.243,2.831,9.639,1.41
2025-12-24,3.212,4.757,7.47,3.165,135.134,101.177,0.581,0.384,1.472,1.278,2.855,9.642,1.423
2025-12-25,3.222,4.766,7.534,3.174,135.176,101.178,0.583,0.388,1.471,1.317,2.861,9.566,1.422
2025-12-26,3.226,4.784,7.58,3.187,134.275,101.187,0.588,0.387,1.465,1.332,2.927,9.65,1.419
2025-12-29,3.205,4.763,7.548,3.185,133.868,101.195,0.583,0.383,1.466,1.35,2.881,9.563,1.417
2025-12-30,3.229,4.773,7.581,3.188,133.813,101.192,0.582,0.381,1.486,1.34,2.888,9.363,1.433
2025-12-31,3.186,4.753,7.588,3.183,133.828,100.075,0.579,0.378,1.464,1.373,2.859,9.301,1.417
2026-01-05,3.281,4.844,7.792,3.18,133.743,100.055,0.59,0.392,1.53,1.407,2.917,9.495,1.479
2026-01-06,3.303,4.919,7.961,3.218,133.561,100.048,0.614,0.396,1.563,1.453,2.966,9.577,1.505
2026-01-07,3.311,4.901,7.999,3.232,133.528,100.064,0.605,0.397,1.603,1.44,2.984,9.518,1.52
2026-01-08,3.287,4.863,8.024,3.221,133.734,100.068,0.59,0.399,1.607,1.505,2.982,9.511,1.531
2026-01-09,3.314,4.885,8.216,3.234,133.86,100.074,0.591,0.403,1.618,1.567,2.999,9.592,1.554
2026-01-12,3.371,4.913,8.416,3.231,133.873,100.072,0.599,0.404,1.646,1.682,3.021,9.777,1.594
2026-01-13,3.306,4.896,8.306,3.229,133.986,100.084,0.595,0.41,1.593,1.552,3.009,9.793,1.549
2026-01-14,3.332,4.866,8.365,3.199,134.044,100.088,0.591,0.407,1.617,1.563,3.004,9.922,1.579
2026-01-15,3.352,4.875,8.339,3.188,134.147,100.107,0.581,0.404,1.649,1.503,3.027,9.867,1.573
2026-01-16,3.346,4.859,8.295,3.163,134.232,100.128,0.577,0.399,1.702,1.495,3.036,9.857,1.593
2026-01-19,3.318,4.738,8.348,3.179,134.266,100.122,0.575,0.396,1.694,1.526,3.06,10.006,1.586
2026-01-20,3.263,4.724,8.324,3.217,134.527,100.119,0.577,0.393,1.682,1.477,2.992,10.082,1.56
2026-01-21,3.281,4.73,8.432,3.057,134.65,100.107,0.573,0.39,1.746,1.479,3.019,10.377,1.616
2026-01-22,3.315,4.727,8.469,3.077,134.576,100.114,0.575,0.388,1.735,1.526,3.015,10.341,1.622
2026-01-23,3.337,4.704,8.719,3.069,134.577,100.12,0.574,0.388,1.738,1.574,3.164,10.617,1.635
2026-01-26,3.305,4.712,8.564,3.106,134.634,100.127,0.579,0.387,1.698,1.503,3.123,10.924,1.615
2026-01-27,3.327,4.71,8.619,3.081,134.585,100.132,0.573,0.381,1.744,1.525,3.11,10.934,1.64
2026-01-28,3.307,4.725,8.691,3.132,134.67,100.13,0.573,0.378,1.764,1.503,3.083,11.28,1.635
2026-01-29,3.292,4.768,8.591,3.166,134.73,100.129,0.579,0.386,1.694,1.473,3.028,11.904,1.589
2026-01-30,3.335,4.711,8.44,3.144,134.793,100.137,0.57,0.38,1.711,1.446,2.97,11.009,1.588
2026-02-02,3.252,4.6,8.049,3.046,134.8,100.158,0.563,0.372,1.618,1.42,2.924,9.908,1.528
2026-02-03,3.313,4.664,8.366,3.051,134.78,100.145,0.561,0.377,1.642,1.483,3.026,10.422,1.548
2026-02-04,3.297,4.707,8.388,3.15,134.732,100.153,0.569,0.38,1.608,1.485,3.084,10.867,1.531
2026-02-05,3.238,4.679,8.217,3.136,134.916,100.169,0.57,0.384,1.591,1.466,2.958,10.523,1.508
2026-02-06,3.229,4.649,8.213,3.126,135.027,100.17,0.567,0.383,1.577,1.44,3.0,10.357,1.499
2026-02-09,3.321,4.727,8.395,3.144,135.085,100.16,0.572,0.383,1.628,1.466,3.069,10.719,1.535
2026-02-10,3.311,4.733,8.377,3.156,135.116,100.166,0.571,0.388,1.636,1.469,3.038,10.669,1.55
2026-02-11,3.273,4.723,8.411,3.183,135.204,100.176,0.571,0.388,1.617,1.458,3.062,10.758,1.533
2026-02-12,3.319,4.727,8.514,3.18,135.308,100.187,0.567,0.387,1.652,1.478,3.103,10.72,1.559
2026-02-13,3.265,4.671,8.373,3.137,135.258,100.22,0.562,0.382,1.655,1.483,3.038,10.575,1.548
2026-02-24,3.295,4.716,8.469,3.19,135.247,100.207,0.56,0.381,1.661,1.501,3.079,10.95,1.543
2026-02-25,3.344,4.75,8.602,3.194,135.031,100.207,0.563,0.382,1.675,1.526,3.132,10.959,1.552
2026-02-26,3.336,4.735,8.63,3.195,134.851,100.208,0.558,0.38,1.699,1.552,3.093,10.913,1.564
2026-02-27,3.301,4.725,8.737,3.232,135.001,100.214,0.558,0.379,1.685,1.55,3.12,10.933,1.566
2026-03-02,3.282,4.739,8.733,3.303,135.169,100.227,0.551,0.371,1.655,1.588,3.117,11.417,1.544
2026-03-03,3.205,4.678,8.375,3.367,135.233,100.245,0.546,0.366,1.559,1.479,3.033,11.259,1.464
2026-03-04,3.154,4.61,8.317,3.304,135.244,100.263,0.533,0.361,1.559,1.497,3.024,10.98,1.459
2026-03-05,3.206,4.654,8.371,3.291,135.243,100.251,0.534,0.363,1.586,1.508,3.051,10.964,1.482
2026-03-06,3.225,4.667,8.421,3.285,135.287,100.243,0.54,0.372,1.586,1.523,3.048,10.873,1.491
2026-03-09,3.201,4.629,8.356,3.309,134.963,100.245,0.531,0.367,1.554,1.493,3.087,10.868,1.465
2026-03-10,3.296,4.683,8.481,3.27,134.996,100.246,0.535,0.374,1.595,1.511,3.142,10.956,1.495
2026-03-11,3.335,4.711,8.468,3.313,134.99,100.253,0.536,0.373,1.577,1.489,3.229,10.974,1.477
2026-03-12,3.308,4.694,8.426,3.381,135.049,100.256,0.536,0.371,1.555,1.457,3.25,10.938,1.456
2026-03-13,3.3,4.677,8.311,3.364,135.033,100.266,0.531,0.368,1.544,1.414,3.239,10.802,1.45
2026-03-16,3.349,4.68,8.259,3.335,134.782,100.265,0.529,0.369,1.577,1.415,3.188,10.664,1.458
2026-03-17,3.273,4.646,8.078,3.309,134.848,100.287,0.534,0.371,1.534,1.376,3.116,10.637,1.428
2026-03-18,3.338,4.662,8.156,3.296,135.036,100.276,0.533,0.37,1.568,1.4,3.102,10.606,1.445
2026-03-19,3.303,4.599,7.945,3.305,135.086,100.288,0.525,0.365,1.527,1.363,3.037,10.126,1.411
2026-03-20,3.341,4.576,7.812,3.296,134.94,100.285,0.517,0.362,1.501,1.325,3.114,9.896,1.388
2026-03-23,3.228,4.43,7.512,3.234,134.804,100.279,0.495,0.348,1.425,1.259,3.061,8.941,1.329
2026-03-24,3.237,4.479,7.652,3.269,134.911,100.283,0.5,0.357,1.451,1.29,3.082,9.299,1.359
2026-03-25,3.307,4.544,7.826,3.256,134.32,100.285,0.506,0.359,1.49,1.313,3.13,9.641,1.385
2026-03-26,3.263,4.488,7.7,3.268,134.415,100.298,0.495,0.353,1.453,1.288,3.112,9.45,1.357
2026-03-27,3.293,4.508,7.803,3.267,134.406,100.296,0.499,0.365,1.468,1.296,3.168,9.494,1.37
2026-03-30,3.264,4.5,7.818,3.299,134.565,100.296,0.496,0.365,1.467,1.31,3.11,9.656,1.359
2026-03-31,3.182,4.463,7.683,3.251,134.594,100.312,0.492,0.364,1.415,1.304,2.999,9.699,1.324
2026-04-01,3.232,4.534,7.809,3.241,134.439,100.312,0.499,0.377,1.458,1.309,2.988,10.024,1.369
2026-04-02,3.164,4.489,7.672,3.258,134.504,100.327,0.49,0.374,1.413,1.285,2.928,9.738,1.33
2026-04-03,3.141,4.454,7.603,3.216,134.51,100.367,0.485,0.368,1.413,1.27,2.856,9.828,1.324
2026-04-07,3.151,4.446,7.629,3.228,134.563,100.352,0.484,0.369,1.437,1.269,2.865,9.837,1.342
2026-04-08,3.345,4.602,8.026,3.227,134.551,100.325,0.504,0.375,1.531,1.333,2.976,10.113,1.425
2026-04-09,3.32,4.572,7.964,3.212,134.625,100.337,0.493,0.373,1.532,1.323,2.953,9.908,1.415
2026-04-10,3.437,4.642,8.035,3.218,134.641,100.344,0.51,0.373,1.561,1.339,3.051,9.972,1.437
2026-04-13,3.468,4.652,8.028,3.223,134.733,100.35,0.514,0.371,1.566,1.351,3.117,9.924,1.448
2026-04-14,3.55,4.712,8.159,3.223,134.946,100.357,0.517,0.375,1.608,1.375,3.167,10.011,1.479
2026-04-15,3.511,4.694,8.111,3.24,134.965,100.358,0.514,0.377,1.598,1.367,3.113,10.064,1.482
2026-04-16,3.624,4.746,8.253,3.244,134.982,100.351,0.516,0.377,1.62,1.375,3.189,10.097,1.498
2026-04-17,3.67,4.739,8.29,3.218,135.178,100.363,0.514,0.366,1.628,1.386,3.194,10.029,1.499
2026-04-20,3.672,4.765,8.355,3.225,135.189,100.364,0.514,0.365,1.653,1.425,3.201,10.036,1.527
2026-04-21,3.681,4.776,8.331,3.265,135.25,100.367,0.509,0.365,1.635,1.416,3.24,10.01,1.504
2026-04-22,3.758,4.811,8.455,3.269,135.421,100.369,0.514,0.363,1.677,1.42,3.245,10.004,1.529
2026-04-23,3.728,4.801,8.375,3.293,135.328,100.371,0.509,0.365,1.648,1.424,3.197,9.9,1.508
2026-04-24,3.674,4.782,8.323,3.28,135.221,100.382,0.504,0.366,1.677,1.396,3.236,9.826,1.531
2026-04-27,3.652,4.782,8.368,3.275,134.932,100.381,0.506,0.364,1.755,1.393,3.224,9.897,1.591
2026-04-28,3.602,4.77,8.273,3.325,135.124,100.391,0.512,0.372,1.735,1.371,3.171,9.732,1.568
2026-04-29,3.694,4.821,8.422,3.347,135.199,100.404,0.514,0.374,1.732,1.377,3.299,9.637,1.575
2026-04-30,3.689,4.824,8.43,3.341,135.2,100.407,0.516,0.37,1.817,1.399,3.286,9.678,1.654
2026-05-06,3.786,4.888,8.658,3.341,135.072,100.405,0.523,0.368,1.913,1.43,3.383,9.791,1.744
2026-05-07,3.845,4.912,8.771,3.272,135.088,100.41,0.521,0.368,1.949,1.446,3.359,9.909,1.769
2026-05-08,3.806,4.886,8.769,3.261,135.176,100.422,0.517,0.366,1.902,1.474,3.299,9.88,1.727
2026-05-11,3.947,4.966,8.912,3.263,135.229,100.427,0.525,0.37,2.018,1.483,3.345,9.774,1.811
2026-05-12,3.94,4.963,8.862,3.257,135.356,100.431,0.527,0.372,2.025,1.469,3.297,9.806,1.816
2026-05-13,4.048,5.017,9.009,3.244,135.41,100.431,0.523,0.37,2.088,1.488,3.328,9.804,1.865
2026-05-14,3.961,4.941,8.772,3.223,135.37,100.437,0.512,0.36,2.043,1.419,3.223,9.795,1.815
2026-05-15,3.97,4.878,8.612,3.223,135.414,100.455,0.501,0.356,2.035,1.385,3.199,9.554,1.787
2026-05-18,3.923,4.852,8.631,3.217,135.496,100.45,0.5,0.349,2.058,1.375,3.196,9.513,1.803
2026-05-19,3.922,4.869,8.703,3.222,135.646,100.459,0.505,0.349,2.131,1.377,3.196,9.515,1.871
2026-05-20,3.932,4.871,8.748,3.215,135.647,100.475,0.501,0.347,2.227,1.371,3.231,9.367,1.931
2026-05-21,3.846,4.808,8.503,3.172,135.522,100.481,0.503,0.349,2.132,1.337,3.146,9.45,1.86
2026-05-22,3.946,4.862,8.658,3.156,135.475,100.481,0.496,0.345,2.189,1.357,3.196,9.461,1.887
2026-05-25,4.034,4.937,8.786,3.185,135.529,100.473,0.499,0.34,2.348,1.376,3.174,9.512,1.998
2026-05-26,4.055,4.972,8.752,3.186,135.593,100.475,0.504,0.34,2.321,1.348,3.18,9.454,1.968
2026-05-27,4.056,4.932,8.614,3.17,135.785,100.473,0.499,0.342,2.265,1.323,3.18,9.345,1.911
2026-05-28,4.138,4.932,8.649,3.17,135.975,100.471,0.488,0.336,2.294,1.344,3.201,9.132,1.942
2026-05-29,4.053,4.923,8.443,3.206,136.008,100.485,0.493,0.344,2.16,1.284,3.117,9.397,1.844
2026-06-01,3.964,4.868,8.37,3.307,136.091,100.483,0.494,0.34,2.046,1.269,3.085,9.344,1.754
2026-06-02,4.071,4.936,8.406,3.308,136.14,100.488,0.495,0.336,2.08,1.267,3.075,9.41,1.781
2026-06-03,4.145,4.965,8.455,3.324,136.078,100.501,0.495,0.33,2.15,1.273,3.06,9.281,1.823
2026-06-04,4.1,4.926,8.448,3.327,136.133,100.512,0.488,0.325,2.193,1.278,3.009,9.29,1.832
2026-06-05,3.977,4.843,8.339,3.321,136.071,100.523,0.485,0.327,2.091,1.274,2.938,9.252,1.763
2026-06-08,3.827,4.739,8.068,3.304,135.899,100.516,0.477,0.322,1.995,1.22,2.811,8.953,1.683
2026-06-09,3.972,4.826,8.27,3.291,135.75,100.514,0.48,0.32,2.109,1.235,2.902,9.005,1.755
2026-06-10,3.87,4.784,8.171,3.261,135.653,100.517,0.487,0.325,2.1,1.222,2.849,8.736,1.744
2026-06-11,3.83,4.751,8.133,3.26,135.511,100.523,0.482,0.325,2.13,1.219,2.859,8.506,1.756
2026-06-12,3.846,4.818,8.242,3.303,135.582,100.517,0.499,0.332,2.106,1.246,2.908,8.659,1.756
2026-06-15,4.045,4.919,8.544,3.249,135.671,100.519,0.512,0.329,2.231,1.266,2.968,8.928,1.844
2026-06-16,4.111,4.91,8.632,3.196,135.838,100.522,0.517,0.323,2.254,1.267,3.039,8.949,1.855
2026-06-17,4.183,4.958,8.763,3.16,135.971,100.524,0.517,0.323,2.387,1.289,3.033,8.957,1.939
2026-06-18,4.269,4.984,8.828,3.098,135.984,100.533,0.502,0.326,2.481,1.29,3.0,8.908,2.017
2026-06-22,4.379,5.091,9.007,3.125,135.961,100.541,0.539,0.333,2.552,1.298,3.118,8.716,2.056
2026-06-23,4.21,4.942,8.815,3.104,135.787,100.554,0.54,0.333,2.512,1.252,2.97,8.537,2.023
2026-06-24,4.258,4.967,8.985,3.048,135.912,100.544,0.531,0.341,2.652,1.262,2.996,8.515,2.096
2026-06-25,4.395,5.048,9.085,3.006,134.743,100.545,0.55,0.341,2.774,1.26,2.99,8.287,2.178
2026-06-26,4.215,4.907,8.861,2.954,134.796,100.562,0.529,0.335,2.747,1.241,2.889,8.39,2.133
2026-06-29,4.236,4.959,8.974,2.972,134.97,100.555,0.536,0.356,2.909,1.234,2.912,8.449,2.248
2026-06-30,4.364,5.019,9.194,2.916,134.854,100.559,0.537,0.35,3.005,1.28,2.991,8.378,2.344
