date,daily_sentiment,ewma_7d,ewma_14d,overnight_sentiment
2019-01-01,0.20784998627916704,0.20784998627916704,0.20784998627916704,
2019-01-02,0.23538597421691246,0.21611078266049066,0.21335718386671612,0.4880200161709698
2019-01-03,0.14332670884973864,0.19427556051726505,0.19935108886332065,0.08742421874776482
2019-01-04,0.20656686802897092,0.1979629527707768,0.2007942446964507,-0.020107121970111257
2019-01-05,0.37078796365955996,0.24981045603741173,0.23479298848907257,
2019-01-06,0.13134556984090628,0.21427099017846007,0.21410350475943934,
2019-01-07,0.3501953755251386,0.2550483057824636,0.2413218789125792,0.35801816606390524
2019-01-08,0.3136235941561538,0.27262089229457065,0.25578222196129413,0.32596366842407987
2019-01-09,0.3100791490608965,0.2838583693244684,0.2666416073812146,0.2629397950450144
2019-01-10,0.3935614058561623,0.31676928028397655,0.2920255670762042,0.2987038673547743
2019-01-11,0.32869148183406705,0.3203459407490037,0.2993587500277768,0.21056758176092066
2019-01-12,0.2206003332468576,0.29042225849835984,0.28360706667159297,
2019-01-13,0.035015589238642016,0.2138002577204445,0.2338887711850028,
2019-01-14,0.2891105337776949,0.23639334053761962,0.24493312370354123,0.2637724937480046
2019-01-15,0.4015849345982075,0.285950818755796,0.2762634858824745,0.1815955868455612
2019-01-16,0.25539230105608796,0.27678326344588355,0.2720892489171972,0.23703530515805024
2019-01-17,0.42531484986542706,0.3213427393717466,0.3027343691068432,0.23797399248685358
2019-01-18,0.366771782255348,0.334971452236827,0.31554185173654414,0.14667725358121755
2019-01-19,0.28845151621210685,0.32101547142941095,0.3101237846316567,
2019-01-20,0.10373405726669832,0.2558310471805971,0.268845839158665,
2019-01-21,0.4027572806442985,0.2999089172197075,0.2956281274557917,0.26156229790122737
2019-01-22,0.2300769123484431,0.2789593157583282,0.282517884434322,0.24114925434060444
2019-01-23,0.16317295997526293,0.2442234090234086,0.25864889954251025,0.08070121474031891
2019-01-24,0.28691379268441286,0.2570305241217099,0.2643018781708908,0.21105623388088735
2019-01-25,0.28904936173238044,0.266636175404911,0.26925137488318873,0.2149685113533829
2019-01-26,0.2906454681934588,0.27383896324147533,0.2735301935452428,
2019-01-27,0.4346575237603651,0.3220845313971422,0.3057556595882672,
2019-01-28,0.27673066842059296,0.3084783725041774,0.2999506613547324,0.27687657363712787
2019-01-29,0.17088430813201244,0.2672001531925279,0.27413739071018844,0.10411649301730014
2019-01-30,0.18930274299610922,0.24383093013360224,0.25717046116737263,0.08918637876935473
2019-01-31,0.15144359434035215,0.2161147293956272,0.23602508780196857,0.018124197649699896
2019-02-01,0.3593038967669462,0.25907147960702287,0.2606808495949641,0.24290692910772085
2019-02-02,0.1982859939251789,0.24083583390246968,0.2482018784610071,
2019-02-03,0.18788938157974858,0.2249518982056533,0.2361393790847554,
2019-02-04,0.2181025538795992,0.22289709490783705,0.2325320140437242,0.21524351318206253
2019-02-05,0.2584219301357406,0.23355454547620808,0.2377099972621275,0.20909733291611904
2019-02-06,0.3250497551438426,0.2610031083764984,0.25517794883847056,0.18121409739967417
2019-02-07,0.057899600985445505,0.20007205615918255,0.21572227926786558,0.08428633219984746
2019-02-08,-0.1330854506790638,0.10012480410770863,0.14596073327847972,-0.20724361783814158
2019-02-09,0.1701138109661812,0.12112150616525039,0.15079134881602002,
2019-02-10,0.24229907511900634,0.15747477685137717,0.1690928940766173,
2019-02-11,0.4123068188512048,0.23392438945132543,0.2177356790315348,0.22937483005035592
2019-02-12,0.40202904142283397,0.284355785042778,0.25459435150979465,0.28173697331348563
2019-02-13,0.45416411640097015,0.3352982844502356,0.2945083044880298,0.28293111477373056
2019-02-14,0.33461197019289574,0.3350923901730336,0.30252903762900296,0.2632562706074149
2019-02-15,0.18668869811683111,0.2905712825561728,0.2793609697265686,0.15482164366137435
2019-02-16,0.31857265318386363,0.29897169374448007,0.2872033064180276,
2019-02-17,0.3512914397307043,0.31466761754034733,0.300020933080563,
2019-02-18,0.46387465135774364,0.3594297276855662,0.33279167673599913,0.2801848466159495
2019-02-19,0.4770679452109073,0.3947211929431685,0.3616469304309808,0.35101635531367115
2019-02-20,0.4664096740775058,0.4162277372834696,0.3825994791602858,0.26810786022542743
2019-02-21,0.43831365176681747,0.42285351162847395,0.3937423136815922,0.1570558485838602
2019-02-22,0.34980454741413763,0.400938822364173,0.3849547604281013,0.15880278535252715
2019-02-23,0.3878942389194279,0.39702544733074946,0.3855426561263666,
2019-02-24,0.3816957714119155,0.39242654455509923,0.3847732791834765,
2019-02-25,0.5535473763551441,0.44076279409511265,0.41852809861781004,0.3093194695649209
2019-02-26,0.37179937356728043,0.420073767936763,0.40918235360770416,0.3774132386223817
2019-02-27,0.33017474652322776,0.3931040615127024,0.3933808321908089,0.24412065311931203
2019-02-28,0.34091813020224854,0.3774482821195662,0.3828882917930968,0.2833643531127606
2019-03-01,0.4803899009220348,0.40833076776030675,0.40238861361888445,0.3039968729048498
2019-03-02,0.35653792148286645,0.3927929138770746,0.3932184751916809,
2019-03-03,0.3562406644461647,0.3818272390478016,0.38582291304257765,
2019-03-04,0.5551722227639455,0.4338307341626447,0.41969277498685126,0.34774764210707043
2019-03-05,0.41040376134730255,0.42680264231804205,0.4178349722589415,0.3453128004784254
2019-03-06,0.3596999191447792,0.40667182536606317,0.40620796163610906,0.27414712197934243
2019-03-07,0.34166690795043836,0.3871703501413757,0.39329975089897495,0.1541244170555025
2019-03-08,0.15646114697058996,0.31795758919013994,0.345932030113298,0.1657503674799714
2019-03-09,0.22457642206855913,0.2899432390536657,0.32166090850435025,
2019-03-10,0.32788091320199547,0.3013245412981646,0.32290490944387934,
2019-03-11,0.30701902674606246,0.30303288693253394,0.319727732904316,0.19565122857226008
2019-03-12,0.3635411674492477,0.321185371087548,0.32849041981330235,0.22426324069469744
2019-03-13,0.2006468360390508,0.28502381057299886,0.30292170305845206,0.19779645468498397
2019-03-14,0.23130966124879182,0.2689095657757367,0.28859929469652,0.16618657045476481
2019-03-15,0.3656320098571752,0.29792629900016826,0.3040058377286511,0.10334310372574972
2019-03-16,0.12993259223297313,0.24752818697000972,0.2691911886295155,
2019-03-17,-0.00703160767443478,0.17116024857667636,0.21394662936872547,
2019-03-18,0.3917342055883251,0.23733243568017098,0.24950414461264542,0.1644743275968079
2019-03-19,0.33187400660109384,0.2656949069564478,0.26597811701033514,0.27595146129518244
2019-03-20,0.3197835641764816,0.281921504122458,0.2767392064435644,0.2886157501983432
2019-03-21,0.3608073414822074,0.3055872553303828,0.293552833451293,0.15113286563324546
2019-03-22,0.30019160884994645,0.3039685613862519,0.2948805885310237,0.16209025850985198
2019-03-23,0.1664539048075676,0.2627141644126466,0.2691952517863325,
2019-03-24,0.48292128679306146,0.32877630112677103,0.31194045878767834,
2019-03-25,0.27070643428266583,0.31135534107353946,0.30369365388667585,0.2511525166202744
2019-03-26,0.28343075453831057,0.30297796511297076,0.2996410740170028,0.12034707089185236
2019-03-27,0.3252190321695453,0.3096502852299431,0.3047566656475113,0.26101418344141825
2019-03-28,0.21338791476657434,0.28077157409093245,0.28648291547132393,0.20357162041264937
2019-03-29,0.4029672044950227,0.3174302632121595,0.3097797732760637,0.14949226501869828
2019-03-30,0.41754115545260373,0.3474635308842927,0.33133204971137176,
2019-03-31,0.42483791661442527,0.3706758466033324,0.3500332230919825,
2019-04-01,0.4821160200755207,0.40410789864498886,0.3764497824886901,0.3620378493907906
2019-04-02,0.3441561397828035,0.38612237098633323,0.3699910539475128,0.27129860187606575
2019-04-03,0.44220295393020864,0.4029465458694958,0.384433433944052,0.2354419799626998
2019-04-04,0.3810512783040385,0.3963779655998586,0.3837570028160493,0.3423643027256419
2019-04-05,0.18398560787956916,0.3326602582837717,0.3438027238287533,0.24185602841385473
2019-04-06,0.229341649227369,0.3016646755668509,0.32091050890847644,
2019-04-07,0.36279131891658006,0.3200026685717696,0.3292866709100972,
2019-04-08,0.33277275817553426,0.323833695452899,0.32998388836318465,0.3076168081871082
2019-04-09,0.43036721287878593,0.35579375068066504,0.3500605532663049,0.22567062548046557
2019-04-10,0.33858238355435205,0.3506303405427711,0.3477649193239144,0.21001601934716366
2019-04-11,0.25193408883513846,0.3210214650304813,0.3285987532261592,0.18254757779309663
2019-04-12,0.2152656148052157,0.2892947099629016,0.3059321255419705,0.0678419730206596
2019-04-13,0.395745723879019,0.3212300141377368,0.3238948452093803,
2019-04-14,0.22980433773912795,0.2938023112181541,0.30507674371532983,
2019-04-15,0.41155668805812845,0.3291286242701464,0.32637273258388955,0.3002370168487815
2019-04-16,0.3438077653259408,0.3335323665868847,0.3298597391322998,0.007855934375210812
2019-04-17,0.3749889771560676,0.34596934975763954,0.33888558673705343,0.3034755806972101
2019-04-18,0.3707922877778548,0.35341623116370413,0.34526692694521377,0.2598143827009495
2019-04-19,0.4743271021866331,0.3896894924705828,0.37107896199349766,0.2193853127999767
2019-04-20,0.35388945536954064,0.3789494813402701,0.3676410606687063,
2019-04-21,0.1924307137231032,0.32299385105512,0.3325989912795857,
2019-04-22,0.34608788621834424,0.32992206160408727,0.3352967702673374,0.26601418612663413
2019-04-23,0.32287382547436394,0.32780759076517024,0.33281218130874274,0.12238627942979977
2019-04-24,0.3167273545270266,0.32448351989372715,0.32959521595239955,0.3190968591215569
2019-04-25,0.2629528305504035,0.30602431309073,0.31626673887200035,0.13501105742603228
2019-04-26,0.21709089619465746,0.27934428802190825,0.2964315703365318,0.18455991556180973
2019-04-27,0.22827394103780038,0.2640231839266759,0.28280004447678553,
2019-04-28,0.20424841481170294,0.246090753192184,0.26708971854376906,
2019-04-29,0.31247829259166504,0.2660070150120283,0.27616743335334826,0.24227136262945909
2019-04-30,0.24584489939258003,0.2599583803261938,0.2701029265611946,0.3067798495487997
2019-05-01,0.18831651195369917,0.23846581981444537,0.25374564363969554,0.12818223156862787
2019-05-02,0.013791754773324906,0.1710636003021092,0.20575486586642142,0.26117496689700564
2019-05-03,0.1242282975252737,0.15701300946905855,0.18944955219819187,0.05846654394498238
2019-05-04,0.3328295008627915,0.20975795688717844,0.21812554193111183,
2019-05-05,0.2766233955388484,0.2298175884826794,0.22982511265265915,
2019-05-06,0.00041528217022569774,0.16099689658894328,0.18394314655617247,0.27614651608826785
2019-05-07,0.29410448337104605,0.2009291726235741,0.2059754139191472,0.06714998346084217
2019-05-08,0.19751554513889827,0.19990508437817134,0.2042834401630974,0.037912260398797554
2019-05-09,0.10249982597248525,0.1706835068564655,0.183926717324975,0.0508270714904221
2019-05-10,0.30693163850407623,0.2115579463507487,0.20852770156079528,0.02122389176893516
2019-05-11,0.21950357046091196,0.21394163358379764,0.21072287534081863,
2019-05-12,0.2806755997484825,0.2339618234332031,0.2247134202223514,
2019-05-13,0.1635948194548337,0.21285172223969226,0.21248970006884788,0.21955494734005576
2019-05-14,0.19406464000681317,0.20721559756982852,0.20880468805644095,-0.047895571369191876
2019-05-15,0.463925048171834,0.28422843275043014,0.2598287600795196,0.09745013476322906
2019-05-16,0.4024632629579803,0.3196988818126952,0.28835566065521173,0.16021063248307943
2019-05-17,0.17657336561122763,0.2767612269522549,0.26599920164641494,0.2752535112364137
2019-05-18,-0.010996068201573759,0.1904340384061063,0.2106001476768172,
2019-05-19,0.2628733138947641,0.2121658210527036,0.2210547809204066,
2019-05-20,0.2348826711135758,0.21898087607096525,0.22382035895904046,0.09549985040802203
2019-05-21,0.24018527329917924,0.22534219523942944,0.22709334182706822,0.10598868305224399
2019-05-22,0.2547313279945117,0.2341589350659541,0.23262093906055692,0.1687292905358126
2019-05-23,0.1735180332325399,0.2159666645159298,0.22080035789495353,0.018181872812921926
2019-05-24,0.23687131650384827,0.22223806011230535,0.2240145496167325,-0.07694362828226613
2019-05-25,0.25559439380322735,0.23224496021958194,0.2303305184540315,
2019-05-26,0.09823787690985283,0.1920428352266632,0.20391199014519576,
2019-05-27,0.2721629323848425,0.216078864374117,0.21756217859312513,0.10953962494630819
2019-05-28,0.47249554068019445,0.2930038672659402,0.26854885101053905,0.13925078097483523
2019-05-29,0.2881408984024151,0.29154497660688267,0.2724672604889143,0.21216476516574867
2019-05-30,0.3623021206218153,0.31277211981136244,0.2904342325154945,0.03127248138641551
2019-05-31,0.13284382947290233,0.2587936327098244,0.2589161519069761,0.12084284611046314
2019-06-01,-0.1555809516670002,0.13448125739677702,0.17601673119218084,
2019-06-02,0.0640860988285529,0.11336270982630978,0.15363060471945525,
2019-06-03,0.2859269910408714,0.16513199419067826,0.1800898819837385,0.021860945345727953
2019-06-04,0.23191415277038904,0.18516664176459147,0.19045473614106861,0.16425409730045618
2019-06-05,0.3223094431618821,0.22630948218377864,0.21682567754523133,0.1246441517647161
2019-06-06,0.253041920797712,0.23432921376795862,0.2240689261957275,0.1552230557027233
2019-06-07,0.2197563081331875,0.22995734207752727,0.22320640258321953,0.1804261693903646
2019-06-08,0.19890451070491796,0.22064149266574445,0.21834602420755922,
2019-06-09,0.10579154251621721,0.18618650762088626,0.19583512786929083,
2019-06-10,0.28646996980161765,0.21627154627510567,0.2139620962557562,0.28383133062519705
2019-06-11,0.4739728354415717,0.2935819330250454,0.2659642440929193,0.2646711832874711
2019-06-12,0.2875181252609608,0.29176279069582,0.2702750203265276,0.2033719765104092
2019-06-13,0.38164524828805724,0.31872752797349113,0.29254906591883356,0.02046062594249112
2019-06-14,0.43663764489163837,0.3541005630489353,0.32136678171339456,0.27791716464706556
2019-06-15,0.24624074821467282,0.3217426185986565,0.3063415750136502,
2019-06-16,0.323447859302784,0.32225419080989476,0.309762831871477,
2019-06-17,0.3697395575558274,0.33649980083367453,0.3217581770083471,0.19050611693084024
2019-06-18,0.29566752052736067,0.3242501167417804,0.31654004571214983,0.23233136577148208
2019-06-19,0.49367206170046257,0.375076700229385,0.3519664489098124,0.28751956272120366
2019-06-20,0.38971690753914384,0.3794687624223126,0.35951654063567867,0.25781884974616015
2019-06-21,0.47719686086020885,0.4087871919536814,0.3830526046805847,0.2713646065464336
2019-06-22,0.3510325451940298,0.39146079792578586,0.3766485927832738,
2019-06-23,0.3226783255526385,0.3708260562138416,0.3658545393371468,
2019-06-24,0.3748579734127454,0.3720356313735127,0.36765522615226653,0.2901468824545422
2019-06-25,0.27817422225957783,0.34387720863933224,0.3497590253737288,0.16759772283436736
2019-06-26,0.2627737602543379,0.3195461741238339,0.33236197234985065,0.19506576996377378
2019-06-27,0.3774072792409486,0.3369045056589683,0.34137103372807026,0.3462777837256717
2019-06-28,0.2732108806868872,0.31779641816734394,0.32773900311983367,0.2659127389667683
2019-06-29,0.25981304106804043,0.30040140503755286,0.31415381070947507,
2019-06-30,0.5474980951476733,0.374530412070589,0.3608226675971148,
2019-07-01,0.4853982947980619,0.40779077688883086,0.38573779303730427,0.33159675604178745
2019-07-02,0.4124014559009871,0.40917398059247767,0.39107052561004085,0.2975068407659312
2019-07-03,0.3340686717701535,0.38664238794578043,0.3796701548420634,0.26830720354469323
2019-07-04,0.35133817158316427,0.37605112303699556,0.3740037581902836,0.22457692980472194
2019-07-05,0.2876644360894052,0.34953511695271844,0.3567358937701079,0.19990866878410665
2019-07-06,0.2254183786566806,0.3123000954639071,0.3304723907474224,
2019-07-07,0.376642218878809,0.3316027324883776,0.3397063563736997,
2019-07-08,0.1452361090825154,0.2756927454666189,0.3008123069154629,0.15229447594060908
2019-07-09,0.3104996325640843,0.2861348115958585,0.3027497720451872,0.19450315705833643
2019-07-10,0.2929877663232182,0.2881906980140664,0.30079737090079345,0.17416577866941044
2019-07-11,0.34342888633748797,0.30476215451109284,0.3093236739881324,0.21753448688810112
2019-07-12,0.3231414774961678,0.3102759514066153,0.3120872346897395,0.2670441728117767
2019-07-13,0.09720093313227879,0.24635344592431435,0.26910997437824735,
2019-07-14,0.24859878485452155,0.2470270476033765,0.26500773647350223,
2019-07-15,0.26005057002374427,0.2509341043294868,0.2640163031835506,0.23197246767856455
2019-07-16,0.4029668912105808,0.296543940393815,0.2918064207889567,0.1604197552848247
2019-07-17,0.26438997741876075,0.2868977515012987,0.2863231321149175,0.2523955100555024
2019-07-18,0.3240249621712819,0.2980359147022936,0.2938634981261904,0.2678512068780996
2019-07-19,0.4560406868412908,0.34543734634399276,0.3262989358692105,0.15221595674779287
2019-07-20,0.1963053971984501,0.3006977616003299,0.30030022813505847,
2019-07-21,0.4039744374358795,0.33168076435099475,0.3210350699952227,
2019-07-22,0.39684703641035823,0.35123064596880377,0.3361974632782498,0.3183005184583042
2019-07-23,0.3606787786480531,0.35406508577257856,0.34109372635221047,0.33640106432202066
2019-07-24,0.39549232996817124,0.36649325903125635,0.3519734470754026,0.23355089503093662
2019-07-25,0.4154167594088837,0.38117030914454453,0.3646621095420988,0.15853785521764036
2019-07-26,0.3086919786153937,0.3594268099857993,0.35346808335675783,0.18250439293384552
2019-07-27,0.2062698217455001,0.3134797135137095,0.3240284310345063,
2019-07-28,0.3512569700950357,0.32481289048810735,0.3294741388466122,
2019-07-29,0.32877186280096393,0.3260005821819643,0.32933368363748255,0.20742630909388612
2019-07-30,0.3728362924466699,0.34005129526137595,0.33803420539932005,0.1413089956610295
2019-07-31,0.2682836750095044,0.3185210091858145,0.32408409932135696,0.16002686907053937
2019-08-01,0.14955362797579694,0.2678307948228092,0.28917800505224495,0.23626115612004006
2019-08-02,0.1847815977719923,0.2429160357075641,0.26829872359619444,0.11142878939683605
2019-08-03,0.13686786830714606,0.21110158548743868,0.24201255253838477,
2019-08-04,0.33454891290534194,0.24813578371280964,0.26051982461177625,
2019-08-05,0.20831444202211954,0.2361893812056026,0.2500787480938449,0.05493281157387596
2019-08-06,0.07412964347246531,0.1875714598856614,0.21488892716956898,-0.014977211301398079
2019-08-07,0.2117747589570764,0.1948324496070859,0.2142660935270705,0.24016916894359017
2019-08-08,0.4440069257871394,0.2695847924611019,0.2602142599790843,0.1116588156123617
2019-08-09,0.28569482240019384,0.27441780144282946,0.26531037246330624,0.18888353443846054
2019-08-10,0.29739848851430706,0.2813120075642727,0.2717279956735064,
2019-08-11,0.3044627627054238,0.288257234106618,0.2782749490798899,
2019-08-12,0.3023001489586624,0.2924701085622313,0.28307998905564447,0.12347554138961267
2019-08-13,0.22390448349961822,0.27190042104344736,0.27124488794443924,0.1973272256694234
2019-08-14,0.3640832261984907,0.29955526258996035,0.28981255559524954,0.19219119644459384
2019-08-15,0.1506893806040393,0.25489549799418404,0.2619879205970075,0.08465949407309518
2019-08-16,0.3530481731234367,0.2843413005329598,0.28019997110229333,0.2338632975182302
2019-08-17,0.3569430752860424,0.30612183295888457,0.29554859193904315,
2019-08-18,0.4020826200905599,0.33491006909838716,0.3168553975693465,
2019-08-19,0.4614926599754408,0.3728848463615032,0.3457828500505654,0.21929119413284548
2019-08-20,0.4417467909089688,0.39354342972574285,0.3649756382222461,0.27931413385546305
2019-08-21,0.40130649079933706,0.3958723480478211,0.3722418087376643,0.23599522219065133
2019-08-22,0.42824246063496346,0.4055833818239638,0.3834419391171242,0.21964985141824173
2019-08-23,0.414121955606929,0.40814495395885336,0.3895779424150852,0.1552936557113264
2019-08-24,0.1551900313807135,0.33225847718541135,0.34270036020821093,
2019-08-25,0.3271888324332029,0.3307375837597488,0.3395980546532093,
2019-08-26,0.3295901877164648,0.3303933649467636,0.3375964812658604,0.23068429658568537
2019-08-27,0.4999622353825016,0.381264026077485,0.3700696320891887,0.18249192491227217
2019-08-28,0.4729496724385153,0.4087697199857941,0.39064564015905406,0.229524879570222
2019-08-29,0.4043602919355373,0.40744689157071706,0.3933885705143508,0.17788127755995878
2019-08-30,0.5031098784959834,0.4361457876482969,0.41533283211067734,0.20469955797337314
2019-08-31,0.32861718633090065,0.40388720725307803,0.397989702954722,
2019-09-01,0.39289839303929286,0.40059056298894247,0.3969714409716362,
2019-09-02,0.40691294412013806,0.4024872773283011,0.3989597416013366,0.2769282771223182
2019-09-03,0.40638082135223486,0.4036553405354812,0.4004439575515163,0.2719722266778473
2019-09-04,0.44905992965750974,0.4172767172720897,0.410167151972715,0.1668295017991434
2019-09-05,0.5135229079397308,0.446150574472382,0.4308383031661182,0.33990463773943175
2019-09-06,0.4670786094245178,0.4524289849580227,0.43808636441779814,0.3373980436284663
2019-09-07,0.413248656725741,0.44067488648833814,0.43311882287938674,
2019-09-08,0.40682912022226825,0.43052115660851714,0.42786088234796305,
2019-09-09,0.4780702679166099,0.44478589000094493,0.43790275946169244,0.30908418258598436
2019-09-10,0.38041588503482016,0.4254748885111075,0.426405384576318,0.3055352388893242
2019-09-11,0.4207966411561985,0.4240714143046348,0.4252836358922941,0.3084390250412927
2019-09-12,0.45447662936440153,0.4331929788225648,0.4311222345867156,0.2594621151334145
2019-09-13,0.25487888374151363,0.3796987502982494,0.39587356441767524,0.21601715254305054
2019-09-14,0.16269901217449279,0.3145988288611224,0.3492386539690388,
2019-09-15,0.09860041758109783,0.249799305477115,0.29911100669145063,
2019-09-16,0.37315412629042055,0.28680575172110667,0.3139196306112446,0.2795366788344396
2019-09-17,0.27642116439568976,0.2836903755234816,0.30641993736813367,0.27686671644914895
2019-09-18,0.35832540257279893,0.3060808836382768,0.3168010304090667,0.17554231488241323
2019-09-19,0.2998486246655809,0.304211205946468,0.3134105492603696,0.24465286170330405
2019-09-20,0.47039936636690566,0.3540676540725993,0.34480831268167683,0.33511068631314744
2019-09-21,0.4097844429142011,0.37078269072507986,0.3578035387281817,
2019-09-22,0.49715649949556046,0.40869483335622403,0.3856741308816575,
2019-09-23,0.3037433736234017,0.3772093954363773,0.36928797943000635,0.3399426251953617
2019-09-24,0.522104149130386,0.4206778215445799,0.3998512133700823,0.15718360731109576
2019-09-25,0.2959612934344311,0.38326286311153523,0.37907322938295207,0.202536996673515
2019-09-26,0.3646733182539111,0.377685999654248,0.3761932471571439,0.19433001917199927
2019-09-27,0.2737332076207386,0.34650016204419515,0.35570123924986286,0.2784906966013646
2019-09-28,0.21916824442947783,0.3083005867597799,0.32839464028578585,
2019-09-29,0.39399966226706096,0.3340103094119642,0.34151564468204093,
2019-09-30,0.3629121656525773,0.34268086628414807,0.34579494887614826,0.27239151945894186
2019-10-01,0.3859408092275505,0.3556588491671688,0.3538241209464287,0.20300033313029991
2019-10-02,0.11624518626435536,0.28383475029632477,0.30630833401001406,0.01968319662012909
2019-10-03,0.1166039849481275,0.23366552069186558,0.2683674641976368,-0.12406381187231644
2019-10-04,0.272212166789799,0.24522951452124558,0.26913640471606926,-0.07232458614136862
2019-10-05,0.3537644665352824,0.2777900001254566,0.28606201707991186,
2019-10-06,0.5212255148010121,0.3508206545281233,0.3330947166241319,
2019-10-07,0.31785858782089277,0.3409320345159541,0.3300474908634841,0.19000012647529044
2019-10-08,0.32136615714421723,0.335062271304433,0.32831122411963076,0.2861168932071642
2019-10-09,0.3256450274050442,0.3322370981346163,0.3277779847767135,0.1865589256887719
2019-10-10,0.3014793551109474,0.3230097752275156,0.3225182588435603,0.300309386434354
2019-10-11,0.47933818292353425,0.3699082975363212,0.3538822436595551,0.2568585700571537
2019-10-12,0.32053556748338646,0.3550964785204408,0.3472129084243214,
2019-10-13,0.4818162460218776,0.39311240877087184,0.3741335759438327,
2019-10-14,0.49498691965700314,0.42367476203671117,0.39830424468646675,0.3440186793205067
2019-10-15,0.3298262100221951,0.3955201964323563,0.3846086377536125,0.21333535564521316
2019-10-16,0.3965505843433926,0.39582931280566713,0.3869970270715685,0.23338805632972429
2019-10-17,0.4053388761309614,0.3986821818032554,0.39066539688344715,0.24344401703850413
2019-10-18,0.40344990370942024,0.4001124983751048,0.3932222982486418,0.2777598443543773
2019-10-19,0.32852641963150225,0.378636674752024,0.3802831225252139,
2019-10-20,0.5154518508633902,0.4196812275854338,0.4073168681928492,
2019-10-21,0.4395324768764632,0.4256366023727426,0.413759989929572,0.2965985184721413
2019-10-22,0.4325678104061597,0.42771596478276774,0.4175215540248896,0.31419537654528124
2019-10-23,0.3438957517311313,0.4025699008672768,0.402796393566138,0.27972136197181846
2019-10-24,0.5395628037451184,0.4436677717306292,0.43014967560193407,0.25716580782959053
2019-10-25,0.4670157234659308,0.4506721572512197,0.4375228851747334,0.29734077622052485
2019-10-26,0.6369138200236254,0.5065446560829414,0.47740107214451183,
2019-10-27,0.462552920647777,0.49334713545239206,0.47443144184516484,
2019-10-28,0.548444198172039,0.5098762542682861,0.4892339931105397,0.4191909239552746
2019-10-29,0.38442081041200066,0.47223962111140044,0.4682713565708319,0.2377243894611446
2019-10-30,0.23642291648907093,0.4014946097247016,0.42190166855447975,0.21002150037598047
2019-10-31,0.3620620549076283,0.38966484327957956,0.4099337458251095,0.2132760770180646
2019-11-01,0.35516859817879176,0.37931596974934323,0.39898071629584597,0.08202951380271252
2019-11-02,0.5195384787357583,0.42138272244526775,0.42309226878382844,
2019-11-03,0.5119223224034735,0.4485446024327294,0.44085827950775747,
2019-11-04,0.5303041324937099,0.47307246145102355,0.458747450104948,0.4127819336660824
2019-11-05,0.4865876577811257,0.47712702035005417,0.46431549164018354,0.41163823239793235
2019-11-06,0.3476293236226513,0.4382777113318333,0.4409782580366771,0.2324171339984513
2019-11-07,0.36891557482900605,0.41746907038098513,0.4265657213951429,0.24397098580856277
2019-11-08,0.40834513763447516,0.4147318905570321,0.4229216046430094,0.33904210418266684
2019-11-09,0.3619100018689523,0.3988853239506081,0.41071928408819797,
2019-11-10,0.4348762623490171,0.4096826054701308,0.4155506797403618,
2019-11-11,0.3285369182581944,0.38533889930654985,0.39814792744392835,0.31599695104702735
2019-11-12,0.3677420966468769,0.380059858508648,0.3920667612845181,0.11876638230766348
2019-11-13,0.2216836426631114,0.332546993754987,0.3579901375602368,0.333922281072532
2019-11-14,0.3658385701836592,0.3425344666835886,0.35955982408492126,0.1934132618105553
2019-11-15,0.42196246032071855,0.36636286477472757,0.37204035133208074,0.1969381197767202
2019-11-16,0.3853809020736001,0.3720682759643893,0.3747084614803846,
2019-11-17,0.31146912287965595,0.35388853003896925,0.3620605937602389,
2019-11-18,0.3091283382126534,0.3404604724910745,0.3514741426507218,0.2937241026030314
2019-11-19,0.3527564891844059,0.34414927749907387,0.35173061195745864,0.2299142297629488
2019-11-20,0.29303773230054236,0.3288158139395144,0.33999203602607536,0.19431334392158026
2019-11-21,0.1830415670355817,0.28508353986833457,0.30860194222797666,0.18725054717897283
2019-11-22,0.2628504778334132,0.2784136212578581,0.299451649349064,0.168078887740553
2019-11-23,0.3247544668969654,0.2923158749495903,0.30451221285864427,
2019-11-24,0.23346416784607502,0.2746603628185357,0.29030260385613044,
2019-11-25,0.31162579691047826,0.2857499930461185,0.294567242467,0.2620722364323835
2019-11-26,0.45537034691985984,0.3366360992082409,0.326727863357572,0.27148900523446917
2019-11-27,0.29767191246151925,0.3249468431842244,0.3209166731783615,0.23644918698450754
2019-11-28,0.3721961402493279,0.33912163230375547,0.3311725665925548,0.24367956700549517
2019-11-29,0.2560784677233623,0.3142086829296375,0.31615374681871633,0.2797891704601118
2019-11-30,0.275238457446297,0.30251761528463533,0.3079706889442325,
2019-12-01,0.43798768930827026,0.3431586374917258,0.33397408901704007,
2019-12-02,0.3486068878681904,0.34479311260466516,0.3369006487872701,0.34400848129981776
2019-12-03,0.2877377644666315,0.32767650816325505,0.3270680719231424,0.2545657554587114
2019-12-04,0.302925332713483,0.3202511555283234,0.3222395240812106,0.13556620974755176
2019-12-05,0.38506654145583363,0.33969577130657647,0.3348049275561352,0.28124964621327997
2019-12-06,0.4447894956373689,0.3712238886058142,0.356801841172382,0.33772656352722585
2019-12-07,0.47165171033569747,0.40135223512477913,0.3797718150050451,
2019-12-08,0.4475426823421792,0.4152093692899991,0.3933259884724719,
2019-12-09,0.5052433127114041,0.4422195523164205,0.4157094533202584,0.33373718273550645
2019-12-10,0.3629116519367245,0.4184271822025117,0.40514989304355165,0.27292297404636157
2019-12-11,0.33558821780901205,0.3935754928844618,0.3912375579966437,0.2665129512658014
2019-12-12,0.40895416523935724,0.39818909459093044,0.3947808794451864,0.2791270189262565
2019-12-13,0.4832445628162044,0.4237057350585126,0.41247361611939004,0.37879222223751025
2019-12-14,0.4882819218943617,0.4430785911092673,0.42763527727438444,
2019-12-15,0.4307988952725164,0.439394682358242,0.42826800087401085,
2019-12-16,0.43509582550919584,0.4381050253035281,0.42963356580104783,0.3472420589437169
2019-12-17,0.47899943670483586,0.45037334872392043,0.43950673998180545,0.37917775984763047
2019-12-18,0.3410296485889749,0.41757023868343673,0.41981132170323937,0.2555213217437267
2019-12-19,0.37444661161749837,0.40463315056365523,0.41073837968609117,0.29078976909883997
2019-12-20,0.48823365183885803,0.42971330094621607,0.42623743411664455,0.2907295226349367
2019-12-21,0.3127008942322115,0.39460957893201465,0.40353012613975797,
2019-12-22,0.3741460536077297,0.38847052133472915,0.3976533116333524,
2019-12-23,0.4199811174401215,0.3979237001663468,0.40211887279470626,0.3295921664347293
2019-12-24,0.5133954127831684,0.43256521395139325,0.4243741807923987,0.2863590125087649
2019-12-25,0.46753995653558916,0.443057636726652,0.4330073359410368,0.3120153835544022
2019-12-26,0.5287802227091728,0.4687744125214082,0.45216191329466404,0.2998097987127537
2019-12-27,0.47262120903399824,0.4699284514751852,0.4562537724425309,0.41125376726165225
2019-12-28,0.3811432289196149,0.4432928847085141,0.4412316637379477,
2019-12-29,0.5290563830194321,0.4690219342017895,0.4587966075942446,
2019-12-30,0.4984267758838649,0.4778433867064121,0.46672264125216867,0.4135773925836638
2019-12-31,0.4216504939928806,0.4609855188923526,0.45770821180031107,0.3886438739579171
2020-01-01,0.45841194757006387,0.46021344749566595,0.4578489589542617,0.3644750668220998
2020-01-02,0.5710042433540027,0.49345068625316696,0.4804800158342099,0.3690677586336469
2020-01-03,0.46244554771553903,0.48414914469187853,0.47687312221047573,0.33879883991404885
2020-01-04,0.26442556948001894,0.4182320721283206,0.43438361166438444,
2020-01-05,0.39472813625474396,0.4111808913662476,0.42645251658245636,
2020-01-06,0.35866738173350193,0.39542683847642385,0.41289548961266553,0.18351220024242557
2020-01-07,0.4449487097754881,0.41028339986614315,0.41930613364523006,0.24617287958260448
2020-01-08,0.035768214591328645,0.2979288442836988,0.3425985498344498,0.3038609055802226
2020-01-09,0.30574125687341136,0.30027256806061253,0.33522709124224215,0.05486848529428243
2020-01-10,0.4183028044262484,0.3356816389703033,0.35184223387904345,0.29031554682807054
2020-01-11,0.3623440639950088,0.34368036647771494,0.35394259990223653,
2020-01-12,0.4355841734740016,0.3712515085766009,0.37027091461658956,
2020-01-13,0.48302580926634353,0.40478379878352366,0.3928218935465404,0.3686670883374366
2020-01-14,0.46358456141335735,0.4224240275724737,0.40697442711990384,0.3825114539229892
2020-01-15,0.3147503441195298,0.39012192253659056,0.38852961051982904,0.2487011335091169
2020-01-16,0.4251169608508665,0.40062043403087333,0.39584708058603657,0.29683293353430446
2020-01-17,0.5335680708799942,0.44050472508560956,0.4233912786448281,0.30370866937191826
2020-01-18,0.3199522634591326,0.4043389865976664,0.40270347560768904,
2020-01-19,0.4824611109738447,0.4277756239105199,0.4186550026809202,
2020-01-20,0.45165027089325,0.4349380180053389,0.4252540563233862,0.41512449864755596
2020-01-21,0.14768610694455642,0.3487624446871041,0.36974046644762026,0.2274232129758217
2020-01-22,0.09956679238432459,0.2740037489962702,0.31570573163496113,0.035752674505532336
2020-01-23,-0.16399604590030528,0.14260381052729756,0.21976537612790786,-0.03617417159255374
2020-01-24,-0.17254983466360477,0.04805771697002686,0.14130233396960534,-0.1470881566139204
2020-01-25,-0.11975746098047672,-0.00228683641512422,0.08909037497958894,
2020-01-26,-0.01981693102901143,-0.007545864799290383,0.06730891377786886,
2020-01-27,0.01750596224131887,-3.0316687107606773e-05,0.05734832347055887,0.02877177732107484
2020-01-28,-0.01848963818751103,-0.005568113137228633,0.04218073113894489,0.08632737184738994
2020-01-29,0.020974866011953457,0.0023947806075259944,0.03793955811354661,0.1901176292499442
2020-01-30,-0.05376919311224711,-0.014454411508405934,0.019597807868387863,0.18166183135830438
2020-01-31,-0.02146539170127016,-0.0165577055662652,0.011385167954456259,0.028638677094131707
2020-02-01,-0.05090279604787427,-0.026861232710747918,-0.0010724248460098479,
2020-02-02,0.01685635367402801,-0.013745956795315139,0.0025133308579977243,
2020-02-03,0.18588840679367843,0.04614435228138293,0.03918834604513387,0.22212139565481226
2020-02-04,0.17514314278005025,0.08484398943098312,0.06637930539211714,0.12695526659139011
2020-02-05,0.26423614723711,0.13866163677282117,0.10595067376111572,0.2982284927979494
2020-02-06,0.2648946077511536,0.1765315280663209,0.13773946055912328,0.28331131126532677
2020-02-07,0.24785417469431742,0.19792832205471983,0.15976240338616213,0.2628323968685819
2020-02-08,0.0418070619555606,0.15109194402497206,0.13617133510004184,
2020-02-09,-0.01135293532057968,0.10235848022130653,0.10666648101591754,
2020-02-10,0.17948931318023065,0.12549773010898377,0.12123104744878016,0.261295045578159
2020-02-11,0.24231602282201037,0.16054321792289172,0.1454480425234262,0.2559559353902726
2020-02-12,0.2849807828788581,0.1978744874096816,0.17335459059451258,0.24281934058864268
2020-02-13,0.21141900923103094,0.2019378439560864,0.18096747432181626,0.31363917040081135
2020-02-14,0.16126344969429945,0.1897355256775503,0.1770266693963129,0.17236184986025282
2020-02-15,0.22054520146173123,0.19897842841280458,0.18573037580939658,
2020-02-16,0.13225761388065452,0.17896218405315956,0.17503582342364818,
2020-02-17,0.2738103685654828,0.2074166394068565,0.19479073245201511,0.33004203982574426
2020-02-18,0.18802738518969025,0.20159986314170664,0.19343806299955013,0.3117300377244938
2020-02-19,0.26078383111679515,0.21935505353423318,0.20690721662299916,0.22905133328355207
2020-02-20,0.3027612257967977,0.24437690521300254,0.22607801845775888,0.36772864354785784
2020-02-21,0.13709841627486455,0.21219335853156113,0.20828209802118003,0.316476306024613
2020-02-22,0.07493348026798032,0.17101539505248686,0.1816123744705401,
2020-02-23,0.1061838657800424,0.15156593627075352,0.16652667273244057,
2020-02-24,0.13925734123771696,0.14787335776084254,0.16107280643349586,0.27600943148688545
2020-02-25,0.05364658977081881,0.11960532736383542,0.13958756310096046,0.08864441860149255
2020-02-26,-0.11948871349708902,0.04787711510555809,0.08777230778135058,0.1905539944438712
2020-02-27,-0.0015742347394220332,0.033041710152064044,0.06990299927719607,0.12155887938709373
2020-02-28,-0.2175445604448517,-0.04213417102701068,0.012413487332786514,0.05580187810030375
2020-02-29,-0.16680301540828013,-0.07953482434139152,-0.023429813215426813,
2020-03-01,-0.156578805797018,-0.10264801877807946,-0.05005961173174505,
2020-03-02,0.07182340891039658,-0.05030659047153664,-0.02568300760331673,-0.023951608028549416
2020-03-03,0.1467694475610032,0.008816220938225316,0.008807483429547257,0.16946092651285713
2020-03-04,0.023240873795853094,0.013143616795513648,0.011694161502808425,0.1189936092471186
2020-03-05,0.1487203024289084,0.053816622485532074,0.039099389688028424,0.06582033205736289
2020-03-06,-0.08286716089894375,0.012811487470189325,0.014706079570633992,0.17370105125094487
2020-03-07,-0.12064638328888724,-0.027225873757533645,-0.012364413001270254,
2020-03-08,-0.36792044132669394,-0.12943424402828174,-0.08347561866635499,
2020-03-09,-0.30317029344032004,-0.18155505885189321,-0.127414553621148,-0.10267039300449331
2020-03-10,0.04138343621979487,-0.11467351033038677,-0.09365495565295945,-0.25757080762705725
2020-03-11,-0.08331607677386839,-0.10526628026343124,-0.09158717987714124,0.057412182092404285
2020-03-12,-0.37239290047737006,-0.18540426632761287,-0.14774832399718701,-0.04269335626010248
2020-03-13,-0.2705351834212724,-0.21094354145571073,-0.17230569588200412,-0.2728678727457722
2020-03-14,-0.25974002426979503,-0.22558248629993602,-0.1897925615595623,
2020-03-15,-0.36799708699761063,-0.2683068665092384,-0.225433466647172,
2020-03-16,-0.2333427322704319,-0.2578176262375964,-0.22701531977182401,-0.03885233496706332
2020-03-17,-0.16682711584642246,-0.2305204731202442,-0.2149776789867437,-0.261003148171731
2020-03-18,-0.11975803583411117,-0.19729174193440427,-0.1959337503562172,0.04200103346140921
2020-03-19,-0.248816628783793,-0.21274920798922087,-0.2065103260417324,-0.14488471311161571
2020-03-20,0.12841837677142676,-0.11039893256102658,-0.13952458547910057,0.04983758362906256
2020-03-21,-0.31493647570289024,-0.17176019550358568,-0.17460696352385852,
2020-03-22,-0.28480371311633734,-0.20567325078741117,-0.19664631344235428,
2020-03-23,-0.234134469718558,-0.21421161646675518,-0.20414394469759506,0.09802216370383146
2020-03-24,0.09921330089613416,-0.12018414125788837,-0.14347249557884922,-0.0072756077379694814
2020-03-25,0.193365515564524,-0.026119244211164662,-0.07610489335017459,0.15342188926632921
2020-03-26,0.09528226683614775,0.01030120910302906,-0.041827461312910125,0.13126853476662975
2020-03-27,0.06898624213166939,0.027906719011621155,-0.019664720623994228,0.15924556484296373
2020-03-28,-0.06971496330016722,-0.001379785681915359,-0.029674769159228828,
2020-03-29,-0.14217385760060064,-0.043618007257520935,-0.05217458684750319,
2020-03-30,-0.03185844917370137,-0.04009013983237506,-0.04811135931274283,0.04088401612695759
2020-03-31,0.09183824141966361,-0.0005116254567634586,-0.020121439166261548,0.1053949640593876
2020-04-01,-0.10155862284240773,-0.03082572467245674,-0.036408875901490785,0.173254058172019
2020-04-02,0.019371984144698547,-0.015766412027310155,-0.02525270389225292,0.057689105834473266
2020-04-03,-0.05552157890645275,-0.02769296209105293,-0.03130647889509289,0.11231751144573712
2020-04-04,-0.1894630800228789,-0.07622399747060071,-0.06293779912065009,
2020-04-05,-0.24942923018731822,-0.12818556728561598,-0.10023608533398373,
2020-04-06,-0.023924720386664072,-0.0969073132159304,-0.08497381234451981,-0.0106752435555012
2020-04-07,0.27120603041031155,0.013526689871942194,-0.013737843793553542,-0.06492635298806887
2020-04-08,0.010822665836004648,0.01271548266116093,-0.008825741867641904,0.10375584823793779
2020-04-09,0.10271725817488897,0.03971601531527934,0.013482858140864272,0.09042499860872501
2020-04-10,0.02495623397863818,0.035288080914286986,0.015777533308419054,0.1877377918822334
2020-04-11,-0.09347508654770148,-0.0033408693243095547,-0.006072990662805054,
2020-04-12,-0.16933637709432356,-0.05313952165531375,-0.03872566794910876,
2020-04-13,0.02940324373815476,-0.0283766920372732,-0.025099885611656058,-0.009783532683088784
2020-04-14,0.1964538556111631,0.03907247225725769,0.019210862632907773,-0.025188780263365813
2020-04-15,0.09401636540840669,0.05555564020260239,0.034171963188007554,0.04314653335404181
2020-04-16,0.06446639993682064,0.058228868122867865,0.040230850537770174,-0.05993998580827163
2020-04-17,0.1669667650528286,0.09085023720185607,0.06557803344078186,0.131636012700342
2020-04-18,-0.12019166464801707,0.02753766664689413,0.02842409382302208,
2020-04-19,-0.12406163899484177,-0.01794212504562664,-0.0020730527405506925,
2020-04-20,0.07884761295600297,0.011094796354862243,0.014111080398760039,0.12114947327285806
2020-04-21,-0.056976849797467026,-0.009326697490836536,-0.0001065056404853746,0.021480802225299397
2020-04-22,0.08263955652012152,0.01826317871245088,0.016442706791636005,-0.14090054137105087
2020-04-23,0.21714637382600294,0.0779281372465165,0.05658344019850939,0.14495827275882767
2020-04-24,0.007858755696729655,0.056907322781580436,0.04683850329815345,0.14002291001964615
2020-04-25,-0.06295911656866829,0.020947390976505817,0.0248789793247891,
2020-04-26,0.009722607210278515,0.017579955846637626,0.021847704901886984,
2020-04-27,0.1390676782918379,0.0540262725801977,0.045291699579877165,0.02482227909024762
2020-04-28,0.11642634555441785,0.07274629447246375,0.0595186287747853,0.19574054682272982
2020-04-29,0.08822595892920608,0.07739019380948645,0.06526009480566947,0.12056393405592858
2020-04-30,0.17007934687848628,0.1051969397301864,0.08622394522023283,0.09450207632202823
2020-05-01,-0.12339224014602752,0.03662018576732221,0.044300708146980755,0.14409136397568562
2020-05-02,-0.10502301018931724,-0.005872773019669621,0.014435964479721158,
2020-05-03,-0.0539714046769945,-0.020302362516867085,0.0007544906483780266,
2020-05-04,-0.25924915200599696,-0.09198639936360604,-0.05124623788249697,-0.08966044694387994
2020-05-05,0.0649183784869123,-0.044914966008450546,-0.028013314608615118,-0.16824954303984457
2020-05-06,0.18972742565451783,0.025477751490439966,0.015534833444011471,0.1278886060047763
2020-05-07,0.08629220518009399,0.04372208759733617,0.029686307791227974,0.006253874947230415
2020-05-08,0.2763869367513242,0.11352154234353258,0.07902643358324722,0.1746529277563095
2020-05-09,0.16324667818844318,0.12843908309700575,0.09587048250428643,
2020-05-10,0.07536263094992383,0.11251614745288116,0.09176891219341392,
2020-05-11,0.0949584271525105,0.10724883136276997,0.09240681518523323,0.11314492241157476
2020-05-12,0.05751786978242063,0.09232954288866516,0.08542902610467072,0.05097568226025789
2020-05-13,0.1106442039022627,0.09782394119274443,0.09047206166418913,0.12748981622708722
2020-05-14,0.07254848041497657,0.09024130295941406,0.08688734541434662,0.12468635505574072
2020-05-15,0.26706336833599387,0.14328792257238798,0.12292254999867608,0.061648797442775745
2020-05-16,0.08277768507502224,0.12513485132317825,0.11489357701394531,
2020-05-17,0.10231832337473899,0.11828989293864647,0.11237852628610405,
2020-05-18,0.2955636407988958,0.17147201729672126,0.14901554918866242,0.16305141664189643
2020-05-19,0.36978690009048065,0.23096648213484905,0.19316981936902608,0.2312629216734101
2020-05-20,0.2363631979172398,0.23258549686956626,0.20180849507866883,0.14744214401588665
2020-05-21,0.172649060730045,0.21460456602770986,0.19597660820894408,0.18974501749367587
2020-05-22,0.16589607360879047,0.19999201830203403,0.1899605012889134,0.08767868617125421
2020-05-23,0.08419823682786923,0.16525388385978457,0.16880804839670457,
2020-05-24,0.24887899249552722,0.19034141645050734,0.18482223721646912,
2020-05-25,0.2309929466187489,0.2025368755009798,0.19405637909692508,0.11290634752385928
2020-05-26,0.32138764786237445,0.2381921072093982,0.21952263285001494,0.23592709215839258
2020-05-27,0.20488564814081928,0.22820016948882452,0.2165952359081758,0.21337775530710532
2020-05-28,0.12190853560789024,0.19631267932454421,0.19765789584811871,0.15728971923119664
2020-05-29,0.19225787138890502,0.19509623694385242,0.19657789095627598,0.1776637555163938
2020-05-30,0.05430944945333125,0.15286020069669604,0.16812420265568703,
2020-05-31,0.08935067694061975,0.13380734356987314,0.1523694975126736,
2020-06-01,0.3495532953215043,0.19853112909536247,0.19180625707443977,0.13535385763129362
2020-06-02,0.19997331772139454,0.19896378568317208,0.19343966920383074,0.26629570037876715
2020-06-03,0.3143350613575118,0.23357516838547399,0.21761874763456696,0.19696028833450724
2020-06-04,0.21055168566213214,0.22666812356847144,0.21620533524008,0.162697244782176
2020-06-05,0.2095680117199663,0.22153809001391989,0.21487787053605728,0.22254127296933368
2020-06-06,0.21386142095990396,0.21923508929771507,0.21467458062082662,
2020-06-07,0.09095955518557426,0.18075242906407282,0.18993157553377615,
2020-06-08,0.3317617662977375,0.22605523023417223,0.21829761368656847,0.24048087773870494
2020-06-09,0.20849024102335764,0.22078573347092784,0.2163361391539263,0.14897453885708675
2020-06-10,0.20600837634242686,0.21635252633237753,0.21427058659162643,0.07381723247077887
2020-06-11,0.1517260570254002,0.19696458554028434,0.20176168067838118,0.13736437474216162
2020-06-12,-0.0007567219671946592,0.13764819328804065,0.16125800014926603,0.05897464114864714
2020-06-13,-0.07519982708051547,0.07379378717747381,0.11396643470330974,
2020-06-14,-0.08983442868626615,0.024705322418351824,0.07320626202539456,
2020-06-15,0.04809825219700684,0.031723201351948324,0.06818466005971702,0.09477058370931946
2020-06-16,0.3090096175130376,0.1149091262002751,0.11634965155038114,0.06205114922692988
2020-06-17,0.16435426035244127,0.12974266644592494,0.12595057331079318,0.1343709998326216
2020-06-18,0.23795834707429087,0.1622073706344347,0.14835212806349274,0.2168213859526384
2020-06-19,0.3232154406789987,0.21050979164780387,0.18332479058659396,0.13346667303945492
2020-06-20,0.02168226938372776,0.15386153496858102,0.15099628634602072,
2020-06-21,0.048271333675683856,0.12218447458071185,0.13045129581195336,
2020-06-22,0.29663405097980866,0.1745193475004409,0.16368784684552443,0.17608136082170148
2020-06-23,0.24607483094586374,0.19598599253406773,0.1801652436655923,0.13938954612792362
2020-06-24,0.2539773282972779,0.21338339326303077,0.19492766059192942,0.11567857413247414
2020-06-25,-0.2288741104928033,0.08070614213628055,0.1101673063749829,-0.048143557169868685
2020-06-26,0.058208274998162925,0.07395678199484526,0.09977550009961891,-0.13293784382794774
2020-06-27,-0.15333636172793128,0.0057688388780123,0.04915312773410888,
2020-06-28,0.02675329540678532,0.012064175836644205,0.04467316126864418,
2020-06-29,0.14377407689674818,0.051577146154675395,0.06449334439426499,0.06288996505259313
2020-06-30,0.2525313379541493,0.11186340369451755,0.10210094310624185,0.1464724394278972
2020-07-01,0.2049179382480495,0.13977976406057713,0.1226643421346034,0.1953471833427923
2020-07-02,0.31253830892886936,0.1916073275210648,0.1606391354934566,0.18343952234315372
2020-07-03,0.3382801423284495,0.23560917196328018,0.19616733686045518,0.26395435440326165
2020-07-04,0.03293906629818385,0.17480814026375127,0.16352168274800094,
2020-07-05,0.036720535145806414,0.1333818587283678,0.13816145322756204,
2020-07-06,0.46795392251707196,0.23375347786497902,0.20411994708546405,0.16148561024498226
2020-07-07,0.26023579989815804,0.24169817447493272,0.21534311764800285,0.2555525183818398
2020-07-08,0.2291097362383695,0.23792164300396373,0.2180964413660762,0.09463972176583309
2020-07-09,0.3301455925629344,0.26558882787165494,0.24050627160544785,0.26580697288923383
2020-07-10,0.1459695860905884,0.22970305533733498,0.22159893450247597,0.17824015896500012
2020-07-11,0.10528464389715306,0.1923775319052804,0.1983360763814114,
2020-07-12,0.013823693764678558,0.13881138046309982,0.16143359985806482,
2020-07-13,0.3537205799089977,0.20328414029686917,0.19989099586825143,0.13004531954034723
2020-07-14,0.11176000389305851,0.17582689937572596,0.18226479747321286,0.28610042977710426
2020-07-15,0.18922934469693914,0.17984763297208992,0.18365770691795813,0.024012409470125833
2020-07-16,0.038579275838337035,0.13746712583196405,0.15464202070203392,0.14713441114872694
2020-07-17,0.21827928020153195,0.1617107721428344,0.16736947260193352,0.016923157762602888
2020-07-18,0.13284068613213562,0.15304974633962476,0.16046371530797393,
2020-07-19,0.02731272578239441,0.11532864017245564,0.133833517402858,
2020-07-20,0.2518140247020483,0.15627425553133342,0.15742961886269607,0.1499787421610364
2020-07-21,0.37455658661418184,0.22175895485618793,0.20085501241299325,0.24256219327519593
2020-07-22,0.30964751451344497,0.24812552275336502,0.22261351283308362,0.31440572672951766
2020-07-23,0.2626810454803577,0.2524921795714628,0.23062701936253843,0.1547306133325883
2020-07-24,0.010694399134608857,0.1799528454404066,0.1866404953169525,0.15725871202249064
2020-07-25,0.15816886988651357,0.17341765277423868,0.18094617023086473,
2020-07-26,-0.0037333434946568884,0.12027235389357,0.1440102674857604,
2020-07-27,0.3036242599346112,0.17527792570588235,0.17593306597553054,0.15885036286189202
2020-07-28,0.2497976948590185,0.1976338564518232,0.19070599175222813,0.20759164532635435
2020-07-29,0.2981690925205507,0.22779442727244142,0.21219861190589268,0.11612864203009478
2020-07-30,0.19523112817974614,0.21802543754463283,0.20880511516066338,0.29034041293347496
2020-07-31,0.2607672970139695,0.23084799538543382,0.2191975515313246,0.06940026296976295
2020-08-01,0.20631230024931332,0.22348728684459768,0.21662050127492238,
2020-08-02,0.07011844246700313,0.17747663353131932,0.18732008951333856,
2020-08-03,0.42893956160864144,0.25291551195451595,0.23564398393239916,0.19598076769831813
2020-08-04,0.32248724176902177,0.2737870308988677,0.2530126354997237,0.31708960793046065
2020-08-05,0.2831584047429108,0.27659844305208064,0.25904178934836114,0.20984993299383953
2020-08-06,0.25631712894690667,0.27051404882052843,0.25849685726807026,0.36950150135484333
2020-08-07,0.19485840158599416,0.24781735465016813,0.24576916613165506,0.22156723503333828
2020-08-08,0.10896401596832866,0.20616135304561628,0.2184081360989898,
2020-08-09,0.1146421407800958,0.17870558936596012,0.197654937035211,
2020-08-10,0.2677251094135482,0.20541144538023653,0.21166897151087846,0.14603123856133396
2020-08-11,0.28022811709643997,0.22785644689509754,0.22538080062799076,0.22313968844159884
2020-08-12,0.01908765170925757,0.16522580833934553,0.18412217084424412,0.14245055951690727
2020-08-13,0.3021926850596779,0.2063158713554452,0.20773627368733089,0.24870575440829581
2020-08-14,0.3105649022326562,0.2375905806186085,0.22830199939639595,0.24800355540012284
2020-08-15,0.07637721614583451,0.1892265712767763,0.1979170427462837,
2020-08-16,0.1021634467530909,0.16310763391967067,0.17876632354764513,
2020-08-17,0.36880820069112297,0.22481780395110634,0.21677469897634072,0.15410632802303448
2020-08-18,0.3929273130470683,0.2752506566798949,0.25200522179048623,0.38270395338756613
2020-08-19,0.207216653713081,0.2548404557898507,0.2430475081750052,0.18928993037486275
2020-08-20,0.06713235745172745,0.1985280262884137,0.20786447803034966,0.14810469984722072
2020-08-21,0.25236085066976754,0.21467787360281987,0.21676375255823327,0.22498237596931348
2020-08-22,0.1844629363818023,0.2056133924365146,0.2103035893229471,
2020-08-23,0.1319312741786507,0.18350875695915542,0.19462912629408785,
2020-08-24,0.3551682321121916,0.23500659950506625,0.22673694745770862,0.2719482103507821
2020-08-25,0.2790835748361583,0.24822969210439388,0.23720627293339858,0.35459537878417213
2020-08-26,0.28119150380730445,0.25811823561526703,0.24600331910817977,0.2865219504207307
2020-08-27,0.2992133365658439,0.2704467659004401,0.2566453225997126,0.2928078106733638
2020-08-28,0.31274319805843487,0.2831356955478385,0.2678648976914571,0.14315211569157282
2020-08-29,0.22305947893321046,0.2651128305634501,0.25890381393980777,
2020-08-30,0.20634624583349712,0.2474828551444642,0.24839230031854564,
2020-08-31,0.46706200378464846,0.31335659973651947,0.2921262410117662,0.1586586512191729
2020-09-01,0.31841073162901173,0.3148728393042671,0.2973831391352153,0.2204664636348227
2020-09-02,0.33894332791280807,0.32209398588682936,0.3056951768907339,0.28805941717524086
2020-09-03,0.28431292350982545,0.31075966717372816,0.30141872621455224,0.14952677155072977
2020-09-04,0.13736067875581665,0.2587399706483547,0.26860711672280513,0.0561148801597354
2020-09-05,0.18851896298881346,0.2376736683504923,0.25258948597600683,
2020-09-06,0.2692907495792349,0.24715879271911506,0.2559297386966525,
2020-09-07,0.15575903253180798,0.21973886466292292,0.23589559746368358,0.16461934535470565
2020-09-08,0.3344065555070221,0.25413917191615265,0.2555977890723513,0.23482731622234518
2020-09-09,0.062253969763197116,0.19657361127026599,0.2169290252105205,0.07134327640101541
2020-09-10,0.2586148378204524,0.2151859792353219,0.22526618773250687,0.22999465206113504
2020-09-11,0.23313628286326288,0.22057107032370415,0.22684020675865807,0.2530210680044771
2020-09-12,0.020331898472599082,0.16049931876837262,0.18553854510144627,
2020-09-13,0.11466047355164606,0.14674766520335464,0.17136293079148623,
2020-09-14,0.38101484101220157,0.2170278179460087,0.21329331283562933,0.2549534109336409
2020-09-15,0.38080006050239057,0.2661594907129232,0.2467946623689816,0.2993677405885446
2020-09-16,0.32595647569804115,0.28409858620845857,0.2626270250347935,0.3365415827540735
2020-09-17,0.20868062130782916,0.26147319673826974,0.25183774428940064,0.2911651694784628
2020-09-18,0.3074900320005746,0.2752782473169612,0.26296820183163544,0.1761728342964328
2020-09-19,0.11519036412168786,0.22725188235837918,0.23341263428964593,
2020-09-20,0.2304810296882082,0.22822062655732786,0.23282631336935838,
2020-09-21,0.3623756516699483,0.268467134091114,0.2587361810294764,0.2892038022220233
2020-09-22,0.15921878125968247,0.23569262824168452,0.2388327010755176,-0.06988159677264495
2020-09-23,0.3030753461120327,0.25590744360278894,0.2516812300828206,0.25144993101032626
2020-09-24,0.04926744599720376,0.19391544432111338,0.21119847326569727,0.19919108192079535
2020-09-25,0.2263440020829059,0.20364401164965112,0.214227579029139,0.2030038372115692
2020-09-26,0.23998636845293686,0.21454671869063682,0.21937933691389858,
2020-09-27,0.3034771405055735,0.2412258452351178,0.23619889763223356,
2020-09-28,0.3896299877566108,0.2857470879915657,0.26688511565710904,0.30333543761037685
2020-09-29,0.4018435844451265,0.3205760369276339,0.29387680941471256,0.31405227552079734
2020-09-30,0.21173063020883648,0.28792241491199466,0.27744757357353733,0.19583517718964663
2020-10-01,0.07223968621067427,0.22321759630159854,0.23640599610096474,0.25857227072119715
2020-10-02,-0.09511048029616868,0.12771917332226837,0.17010270082153806,0.13447427232066791
2020-10-03,-0.00216875153588739,0.08875279586482164,0.13564841035005296,
2020-10-04,0.1578386013909262,0.109478537522653,0.1400864485582276,
2020-10-05,0.1917566732045204,0.1341619782272132,0.15042049348748615,0.04035239793452979
2020-10-06,0.1639338207756102,0.1430935309917323,0.15312315894511097,0.25203422946477
2020-10-07,-0.10969611990569843,0.06725663572250308,0.10055930317494909,0.06274768603381826
2020-10-08,0.14613682589625596,0.09092069277462894,0.10967480771921047,0.049693547478980485
2020-10-09,0.3002722054023785,0.1537261465629538,0.1477942872558441,0.1857421101710918
2020-10-10,0.1371758950462467,0.14876107110794168,0.14567060881392463,
2020-10-11,0.18069600234277375,0.1583415504783913,0.15267568751969446,
2020-10-12,0.446578987261009,0.2448127815131766,0.21145634746795738,0.2782838911589893
2020-10-13,0.28495903829599945,0.2568566585480234,0.2261568856335658,0.296193742404856
2020-10-14,0.21395169175073003,0.2439851685088354,0.22371584685699866,0.13272754629474137
2020-10-15,0.16362096404462503,0.21987590716957228,0.21169687029452394,0.2207949635355584
2020-10-16,0.2672567609068748,0.234090163290763,0.2228088484169941,0.09911047090128815
2020-10-17,0.0025754000991582886,0.16463573433328157,0.17876215875342696,
2020-10-18,0.22531556529627944,0.18283968362218092,0.18807284006199748,
2020-10-19,0.3728130735776844,0.23983170060883197,0.22502088676513488,0.199003376525928
2020-10-20,0.18164133575054214,0.222374591151345,0.21634497656221632,0.2216056909213992
2020-10-21,0.33046201570014894,0.2548008185159862,0.23916838438980287,0.21721447088344825
2020-10-22,0.28294095869948654,0.2632428605710363,0.24792289925173963,0.25762837893492235
2020-10-23,0.29541885054236217,0.27289565756243406,0.2574220895098641,0.275738218606546
2020-10-24,0.14669766769254397,0.23503626060146704,0.2352772051464001,
2020-10-25,0.14662201426608462,0.2085119867008523,0.21754616697033702,
2020-10-26,0.15233493076094326,0.1916588699188796,0.20450391972845827,0.19630859858775035
2020-10-27,0.16372109714307284,0.18327753808613756,0.19634735521138122,0.18354934378345017
2020-10-28,0.2699544015530698,0.20928059712621722,0.21106876447971895,0.320946157614744
2020-10-29,0.3380414210788741,0.24790884431201426,0.23646329579955,0.055689744622689046
2020-10-30,0.18021638893896405,0.2276011077000992,0.22521391442743283,0.23116645653380288
2020-10-31,0.051439888256529696,0.17475274186702833,0.1904591091932522,
2020-11-01,0.15422018576117064,0.16859297503527101,0.18321132450683592,
2020-11-02,0.26928013825325375,0.19879912400066582,0.2004250872561195,0.19491475930528662
2020-11-03,0.31297068190234684,0.23305059137117012,0.22293420618536497,0.37988111736777525
2020-11-04,0.19344576434547003,0.22116914326346007,0.21703651781738598,0.34861012895151483
2020-11-05,0.37871276914196855,0.2684322310270126,0.2493717680823025,0.25692306292597433
2020-11-06,0.2677741787927907,0.268234815356746,0.25305225022440014,0.3223519882528295
2020-11-07,0.1889538963065341,0.24445053964168242,0.24023257944082696,
2020-11-08,0.1722313166609493,0.22278477274746247,0.22663232688485144,
2020-11-09,0.38975309766829014,0.2728752702237107,0.2592564810415392,0.2212100292587032
2020-11-10,0.12232127230549823,0.22770907084824696,0.23186943929433101,0.23868485917538076
2020-11-11,0.27828288752282887,0.2428812158506215,0.24115212894003057,0.2021933052985167
2020-11-12,0.3092256413100789,0.2627845434884587,0.2547668314140403,0.16077079976034558
2020-11-13,0.07332470456313513,0.2059465918108616,0.21847840604385924,0.2835741828594889
2020-11-14,0.10936924717802224,0.1769733884210098,0.19665657427069183,
2020-11-15,0.12492819338828534,0.16135982991119244,0.18231089809421056,
2020-11-16,0.3897605029196136,0.2298800318137188,0.22380081905929117,0.24343653154162773
2020-11-17,0.32022649362648725,0.25698397035754933,0.24308595397273042,0.2688986755262535
2020-11-18,0.2031412457507773,0.24083115297551771,0.2350970123283398,0.17628339694532674
2020-11-19,0.2192412329821357,0.2343541769775031,0.231925856459099,0.22206284464264656
2020-11-20,0.2737022183346944,0.24615858938466045,0.2402811288342181,0.1843516138130439
2020-11-21,0.082336941306464,0.1970120949612015,0.2086922913286673,
2020-11-22,0.16208608668750604,0.18653429247909287,0.19937105040043507,
2020-11-23,0.4840922656875008,0.27580168444161524,0.2563152934578482,0.23484948741733294
2020-11-24,0.3183614899158355,0.2885696260838813,0.2687245327494457,0.24864946468596452
2020-11-25,0.2979918008487756,0.2913962785133496,0.2745779863693117,0.3149603870507254
2020-11-26,0.2581721091275515,0.28142902769761013,0.27129681092095964,0.1876739151912128
2020-11-27,0.35057223795450443,0.3021719907746784,0.28715189632766863,0.29465806649452975
2020-11-28,0.15455976444108238,0.25788832287459956,0.2606334699503514,
2020-11-29,0.1382827584774376,0.22200665355545096,0.23616332765576867,
2020-11-30,0.2715885184695243,0.23688121302967297,0.24324836581851983,0.19563952573753943
2020-12-01,0.40401232066797094,0.28702054532116233,0.2754011567884101,0.19617775524773542
2020-12-02,0.29825602457845174,0.29039118909834916,0.27997213034641844,0.31684334302857486
2020-12-03,0.3433057951810058,0.3062655709231461,0.29263886331333594,0.21864555085396897
2020-12-04,0.2863151957984451,0.3002804583857358,0.2913741298103578,0.22195222754962743
2020-12-05,0.25697345761173146,0.2872883581535345,0.2844939953706326,
2020-12-06,0.10336002307411297,0.23210985762970804,0.24826720091132867,
2020-12-07,0.2556716435058259,0.23917839339254338,0.24974808943022814,0.17403867593699485
2020-12-08,0.3370364626107568,0.26853581415800737,0.2672057640663339,0.190896270756726
2020-12-09,0.32462444526830275,0.285362403491096,0.2786895003067277,0.26130482267621347
2020-12-10,0.24375108951114277,0.27287900929711,0.27170181814761074,0.19940104090212457
2020-12-11,0.3030535902680927,0.2819313835884048,0.27797217257170714,0.21342555601056198
2020-12-12,0.14730677521168786,0.2415440010753897,0.2518390930997033,
2020-12-13,0.16968701515771165,0.2199869053000863,0.23540867751130498,
2020-12-14,0.3387151873269696,0.2556053899081513,0.2560699794744379,0.2235377819378333
2020-12-15,0.33002031822443795,0.27792986840303724,0.2708600472244379,0.16700083073619362
2020-12-16,0.4167486788894602,0.31957551154896413,0.3000377735574424,0.2922277385123271
2020-12-17,0.36701322723267754,0.33380682625407815,0.3134328642924894,0.3051695338669572
2020-12-18,0.3613154692180229,0.34205941914326154,0.3230093852775961,0.34686022353784884
2020-12-19,0.21179533831150676,0.30298019489373507,0.3007665758843782,
2020-12-20,0.24767406205066478,0.28638835504081395,0.2901480731176355,
2020-12-21,0.3402300619481878,0.3025408671130261,0.300164470883746,0.29557212344157247
2020-12-22,0.15526854626252568,0.25835917085787596,0.2711852859595019,0.14762884834945017
2020-12-23,0.2905211054675636,0.26800775124078224,0.27505244986111427,0.20246874966608397
2020-12-24,0.2982145048326988,0.2770697773183572,0.2796848608554312,0.2876568145661333
2020-12-25,0.3290026755440252,0.29264964678605754,0.28954842379315004,0.21697160132421528
2020-12-26,0.1801512917718412,0.25890014028179265,0.2676689973888883,
2020-12-27,0.1913396630018826,0.2386319970978196,0.25240313051148716,
2020-12-28,0.36444612674908605,0.2763762359931995,0.274811729759007,0.3089378177791601
2020-12-29,0.28747608609480096,0.2797061910236799,0.27734460102616576,0.3507287720278966
2020-12-30,0.337191626860119,0.2969518217746116,0.28931400619295644,0.3632620148026408
2020-12-31,0.3408120929990862,0.31010990314195397,0.2996136235541824,0.37279662930410173
2021-01-01,0.22981596656524353,0.28602172216894084,0.28565409215639465,0.26163023507410765
2021-01-02,0.12048652313921934,0.2363611624600244,0.2526205783529596,
2021-01-03,0.2850912872334601,0.2509801998920551,0.25911472012905973,
2021-01-04,0.4333459781494472,0.30568993336927275,0.29396097173313723,0.2738751220293965
2021-01-05,0.2406030775601482,0.28616387662653536,0.28328939289853944,0.23668245064360754
2021-01-06,0.2324087152687403,0.27003732821919685,0.27311325737257963,0.31979086691773073
2021-01-07,0.19927417746996137,0.24880838299442617,0.258345441392056,0.230753977826716
2021-01-08,0.20233909868531758,0.2348675977016936,0.24714417285070833,0.23410000348399426
2021-01-09,0.03183037684324118,0.17395643144415787,0.2040814136492149,
2021-01-10,0.05808077788014719,0.13919373537495466,0.17488128649540136,
2021-01-11,0.18000595931469196,0.15143740255687585,0.1759062210592595,0.1633908152247646
2021-01-12,0.2766731108102808,0.18900811503289733,0.19605959900946374,0.22400625364013738
2021-01-13,0.2685440051738525,0.2128688820751839,0.21055648024234153,0.34213064146261357
2021-01-14,0.22487735618785215,0.21647142430898436,0.21342065543144365,0.24733120659851773
2021-01-15,0.1943305310243155,0.2098291563235837,0.20960263055001804,0.29827551495598253
2021-01-16,0.09345250449773977,0.17491616077583053,0.1863726053395624,
2021-01-17,0.1035916435116149,0.15351880559656583,0.1698164129739729,
2021-01-18,0.29750518386332403,0.19671471907659327,0.19535416715184312,0.18823152817501368
2021-01-19,0.3675867951932122,0.2479763419115789,0.22980069276011694,0.35523622056718956
2021-01-20,0.34829675414919586,0.27807246558286397,0.25349990503793274,0.22215585018950965
2021-01-21,0.35074038292464027,0.2998728407853969,0.27294800061527424,0.2440515248966153
2021-01-22,0.18755201342386238,0.2661765925769365,0.2558688031769919,0.20535432943994472
2021-01-23,0.1349511670811874,0.22680896492821176,0.23168527595783103,
2021-01-24,0.2590171456971067,0.23647141915888023,0.23715164990568618,
2021-01-25,0.3645498322484046,0.27489494308573753,0.2626312863742299,0.18742227135058265
2021-01-26,0.16019611752458982,0.24048529541739322,0.2421442526043019,0.35901333030994054
2021-01-27,0.2596032695492914,0.24622068765696267,0.2456360559932998,0.299289597575587
2021-01-28,0.012404896594530639,0.17607595033823306,0.19898982411354596,0.18642752033968765
2021-01-29,0.1980238206055888,0.18266031141843977,0.19879662341195456,0.17813286201193915
2021-01-30,0.01052756024785554,0.1310204860672645,0.16114281077913475,
2021-01-31,0.05756698441174295,0.10898443557060802,0.1404276455056564,
2021-02-01,0.29634748236109504,0.16519334960775411,0.17161161287674415,0.15217501407988643
2021-02-02,0.3037814669762597,0.20676978481830577,0.19804558369664726,0.30966874098097813
2021-02-03,0.3178749110681557,0.24010132269326073,0.22201144917094898,0.19581842951706094
2021-02-04,0.20525933683120126,0.2296487269346429,0.21866102670299944,0.2588742722897497
2021-02-05,0.36924222299397713,0.27152677575244316,0.24877726596119498,0.27965474379352395
2021-02-06,0.1889786925690863,0.24676235079743608,0.23681755128277326,
2021-02-07,0.20721948387341815,0.2348994907202307,0.23089793780090226,
2021-02-08,0.3736995465102761,0.2765395074572443,0.259458259542777,0.28901336772112846
2021-02-09,0.45710872662237895,0.3307102732067847,0.2989883529586974,0.46964737271322765
2021-02-10,0.40653150392008974,0.3534566424207762,0.3204969831509759,0.30439229735483725
2021-02-11,0.22626476095368464,0.3152990779806487,0.3016505387115177,0.14166272920117062
2021-02-12,0.18375183080417523,0.27583490382770665,0.27807079713004923,0.2503225196826171
2021-02-13,0.21409973423284895,0.2573143529492493,0.2652765845506092,
2021-02-14,0.23172949895565279,0.24963889675117035,0.25856716743161795,
2021-02-15,0.17627114831343477,0.22762857221984967,0.24210796360798134,0.16553479038138208
2021-02-16,0.602130115032196,0.33997903506355354,0.3141123938928243,0.23187737983075818
2021-02-17,0.12767300192635875,0.27628722512239506,0.27682451549953124,0.1595346040176324
2021-02-18,0.26770879465652286,0.2737136959826334,0.27500137133092956,0.18136421783154855
2021-02-19,0.1474069401567035,0.23582166923485443,0.24948248509608437,0.15225767347695324
2021-02-20,0.2896112404904719,0.25195854061153966,0.2575082361749619,
2021-02-21,0.0778380548111116,0.19972239487141122,0.22157419990219182,
2021-02-22,0.178064334975093,0.19322497690251572,0.21287222691677204,0.3308882341820388
2021-02-23,0.31903752347977044,0.23096874087569214,0.23410528622937174,0.15741178961130373
2021-02-24,0.019216297898240444,0.16744300798245662,0.1911274885631455,0.05288257734707204
2021-02-25,0.4469894612301033,0.25130694395675063,0.24229988309653705,0.20434973728331815
2021-02-26,-0.03965829605564337,0.16401737195303243,0.18590824726610097,0.32007657581439086
2021-02-27,0.025694148581441457,0.12252040494155512,0.15386542752916907,
2021-02-28,0.19760131026542951,0.14504467653871744,0.16261260407642117,
2021-03-01,0.4261021031032068,0.22936190450806423,0.2153105038817783,0.2009103516579068
2021-03-02,0.1708113488153529,0.21179673780025082,0.20641067286849324,0.4026132431709465
2021-03-03,0.4401204093500649,0.280293839265195,0.25315262016480755,0.22042367731652254
2021-03-04,0.07772129442048421,0.21952207581178176,0.2180663550159429,0.2698924439387027
2021-03-05,0.2708283665155136,0.2349139630229013,0.22861875731585707,0.13832623621979898
2021-03-06,0.2213689936607173,0.2308504722142461,0.22716880458482913,
2021-03-07,0.20958563160544005,0.22447102003160424,0.22365216998895132,
2021-03-08,0.20620914628463133,0.21899245790751234,0.22016356524808733,0.28856645586298085
2021-03-09,0.18291526687671505,0.20816930059827315,0.2127139055738129,0.18066987953173266
2021-03-10,0.22467894097807337,0.2131221927122132,0.215106912654665,0.29313523024797766
2021-03-11,0.39529467287507875,0.26777393676107286,0.25114446469874774,0.31485921993496874
2021-03-12,0.3513820701989756,0.2928563767924437,0.27119198579879333,0.34138696141937536
2021-03-13,0.17491935597589384,0.2574752705474787,0.25193745983421345,
2021-03-14,0.1578611028493482,0.22759102023803954,0.23312218843724042,
2021-03-15,0.22520956354417715,0.2268765832298808,0.23153966345862778,0.11145113710796373
2021-03-16,0.33352698370063005,0.25887170337110554,0.25193712750702824,0.18764192052185535
2021-03-17,0.24248395235627554,0.2539553780666565,0.2500464924768777,0.26028460333284165
2021-03-18,0.4238125599582087,0.30491253263412216,0.28479970597314397,0.1977014550041542
2021-03-19,0.07592921765948629,0.23621753814173138,0.24302560831041245,0.21204672325355103
2021-03-20,0.11814333486238789,0.20079527715792833,0.21804915362080757,
2021-03-21,0.1275504018070505,0.17882181455266496,0.19994940325805616,
2021-03-22,0.2510918619441269,0.20050282877010356,0.21017789499527034,0.21102277118162877
2021-03-23,0.11454514743319685,0.17471552436903154,0.19105134548285566,0.2656190196996077
2021-03-24,0.04762204262023827,0.13658747984439354,0.16236548491033218,0.11869071951811243
2021-03-25,0.2311611123190025,0.1649595695867762,0.17612461039206623,0.1993874405922275
2021-03-26,0.35766410522630976,0.22277093027863626,0.21243250935891494,0.19472784086973335
2021-03-27,0.04933371762217394,0.17073976648169756,0.17981275101156674,
2021-03-28,0.08046898841857911,0.14365853306276202,0.15994399849296922,
2021-03-29,0.22862148829878157,0.16914741963356789,0.17367949645413172,0.1744600999621657
2021-03-30,0.32418418611431943,0.21565844957779334,0.20378043438616927,0.24589452926561264
2021-03-31,0.22168715288815785,0.21746706057090268,0.207361778086567,0.29840876880300593
2021-04-01,0.4393380943806218,0.28402837071381837,0.253757041345378,0.256395832841139
2021-04-02,0.37786800479516386,0.312180260938222,0.2785792340353352,0.3975829997965024
2021-04-03,0.11010984254925582,0.25155913542153213,0.24488535573811931,
2021-04-04,-0.00025853930949316174,0.17601383300222453,0.19585657672859685,
2021-04-05,0.12505268577385592,0.16072548883371393,0.1816957985376487,0.26032109771054895
2021-04-06,0.2912752855135255,0.19989042783765737,0.20361169593282405,0.21680012199964757
2021-04-07,0.3443192983672662,0.24321908899654,0.23175321641971253,0.32457517624461274
2021-04-08,0.2675406859325314,0.2505155680773374,0.2389107103222763,0.2425829897051535
2021-04-09,0.1738631602952151,0.22751984574270068,0.22590120031686406,0.3405646592550223
2021-04-10,0.29983993891946403,0.24921587369572967,0.24068894803738408,
2021-04-11,-0.015088309294411111,0.16992461879868742,0.18953349657102506,
2021-04-12,0.1798849464140155,0.17291271708328584,0.18760378653962315,0.2727165281573931
2021-04-13,0.3354959140152071,0.22168767616286222,0.21718221203473997,0.3462135382143586
2021-04-14,0.3089783100068456,0.24787486631605724,0.2355414316291611,0.23116967301950397
2021-04-15,0.27399197782310086,0.2557099997681703,0.24323154086794907,0.31992577464567956
2021-04-16,0.4031665291256375,0.2999469585754104,0.27521853851948674,0.33620317531593
2021-04-17,0.1815501097914881,0.26442790394023374,0.25648485277388705,
2021-04-18,-0.051918025532815236,0.16952412509831902,0.1948042771125466,
2021-04-19,0.4428237032501478,0.25151399854386763,0.24440816234006685,0.24574901972316268
2021-04-20,0.3208772768705954,0.272322982041886,0.2597019852461726,0.3452765292217176
2021-04-21,0.14182450134285468,0.2331734378321766,0.23612648846550904,0.26873553827784435
2021-04-22,0.31589456122788884,0.25798977485089025,0.252080103017985,0.23980749405316404
2021-04-23,0.26770104862784555,0.2609031569839768,0.2552042921399571,0.31649010713848086
2021-04-24,0.18396567520314613,0.2378219124497276,0.2409565687525949,
2021-04-25,0.2428265459785969,0.2393233025083884,0.24133056419779533,
2021-04-26,0.36209808875353683,0.2761557383819329,0.2654840691089436,0.3209416415205645
2021-04-27,0.303057386152427,0.2842262327130811,0.2729987325176403,0.3793689866039822
2021-04-28,0.2927069225541466,0.2867704396654007,0.2769403705249416,0.34476116686514235
2021-04-29,0.3946370241272105,0.3191304150039437,0.30047970124539536,0.3932086582316953
2021-04-30,0.12130532001592512,0.25978288650753806,0.2646448249995013,0.30042206967158425
2021-05-01,0.06487562792871765,0.2013107089338919,0.22469098558534462,
2021-05-02,0.1099575168240033,0.1739047513009253,0.20174429183307635,
2021-05-03,0.112749963336698,0.15555831491165711,0.1839454261338007,0.19673103886788293
2021-05-04,0.2439277661049429,0.18206915026964285,0.19594189412802915,0.2544143736457168
2021-05-05,0.13625148274464371,0.1683238500121431,0.18400381185135206,0.135758773478515
2021-05-06,0.2890284460208832,0.2045352288147651,0.2050087386852583,0.1602784604832573
2021-05-07,0.2970680781777097,0.23229508362364848,0.22342060658374857,0.1694677714058148
2021-05-08,0.20402286147292503,0.22381341697843143,0.21954105756158387,
2021-05-09,0.07048481675513062,0.17781483691144118,0.18972980940029321,
2021-05-10,0.34983460164727853,0.22942076633219238,0.22175076784969028,0.23623607604596975
2021-05-11,0.06541322228733558,0.18021850311873533,0.19048325873721936,0.1613025256316714
2021-05-12,0.2279700808058959,0.1945439764248835,0.19798062315095466,0.06304296814885578
2021-05-13,0.030497054363252552,0.1453298998063942,0.16448390939341426,0.2002502732237826
2021-05-14,0.16062802229179696,0.14991933655201503,0.16371273197309083,0.14340398501411383
2021-05-15,0.07835050620102652,0.12844868744671847,0.14664028681867797,
2021-05-16,-0.07635410943354269,0.06700784838264012,0.10204140756823384,
2021-05-17,0.23302403174285063,0.11681270339070327,0.1282379324031572,0.1704973721684053
2021-05-18,0.3271936115523656,0.17992697583920195,0.1680290682329989,0.24185761699601657
2021-05-19,0.1119802224200846,0.15954294981346673,0.15681929907041603,0.27757408606174544
2021-05-20,0.19421164677718641,0.16994355890258261,0.1642977686117701,0.03276365540742625
2021-05-21,0.24140854604672968,0.19138305504582673,0.179719924098762,0.21175479989877977
2021-05-22,-0.05116702828493864,0.11861803004659711,0.1335425336220219,
2021-05-23,0.03699120560439055,0.09412998271393515,0.11423226801849563,
2021-05-24,0.17900853393358918,0.11959354807983136,0.12718752120151436,0.15597630919536074
2021-05-25,0.3481908390422662,0.1881727353685618,0.17138818476966475,0.24861224093939585
2021-05-26,0.30058880934606047,0.2218975575618114,0.19722830968494393,0.26227807217578547
2021-05-27,0.2938579054554321,0.24348566192989762,0.21655422883904157,0.2210446625161245
2021-05-28,0.33016172405562283,0.26948848056761515,0.23927572788235785,0.24471023353867064
2021-05-29,0.21726869137303248,0.25382254380924035,0.2348743205804928,
2021-05-30,0.20390216575272507,0.23884643039228576,0.22867988961493926,
2021-05-31,0.31519280383511195,0.2617503424251336,0.2459824724589738,0.19962700885779658
2021-06-01,0.32700643466994495,0.281327170098577,0.26218726490116806,0.29822258093922005
2021-06-02,0.2720873189485959,0.2785552147535827,0.2641672757106536,0.3056409964137547
2021-06-03,0.3252528622135764,0.2925645089915808,0.2763843930112382,0.277036992092601
2021-06-04,0.19168080762740985,0.26229939858232953,0.25944367593447254,0.1099868013359168
2021-06-05,0.1819910419090337,0.23820689158034078,0.2439531491293848,
2021-06-06,0.18536722025041902,0.22235499018136423,0.23223596335359165,
2021-06-07,0.2947769131536452,0.2440815670730485,0.2447441533136024,0.15268216113007446
2021-06-08,0.28762194787895723,0.2571436813148211,0.2533197122266734,0.20757464822264587
2021-06-09,0.29533599205380817,0.2686013745365172,0.26172296819210034,0.25677749997080473
2021-06-10,0.32356572283291013,0.28509067902543506,0.2740915191202623,0.27032572432660573
2021-06-11,0.30431494991555424,0.2908579602924708,0.2801362052793207,0.2920388922502129
2021-06-12,0.1481555360560006,0.24804723302152973,0.2537400714346567,
2021-06-13,0.0463899807073176,0.18755005732726607,0.2122700532891889,
2021-06-14,0.034152714120691985,0.14153085436529383,0.17664658545548953,0.1894643846928931
2021-06-15,0.2055925633366488,0.16074936705670032,0.1824357810317214,0.17269473760649098
2021-06-16,0.14624258563113826,0.1563973326290317,0.1751971419516048,0.2509229349930888
2021-06-17,0.2635268430338569,0.18853618575047926,0.19286308216805523,0.22982005106571776
2021-06-18,0.28373311131521045,0.2170952634198986,0.21103708799748627,0.1492640332715757
2021-06-19,0.07981752545166645,0.17591194202942895,0.1847931754883223,
2021-06-20,0.14167164331849882,0.1656398524161499,0.17616886905435764,
2021-06-21,0.19161583083341754,0.17343264594133018,0.17925826141016962,0.20348207702067483
2021-06-22,0.3114477298806068,0.21483717112311315,0.2056961551042571,0.21666266169853327
2021-06-23,0.3733368536135093,0.26238707587023197,0.23922429480610757,0.25178395831300565
2021-06-24,0.3081332387711787,0.27611092474051596,0.2530060835991218,0.3216315575545241
2021-06-25,0.4345193377159762,0.323633448633154,0.2893087344224927,0.3480657753179627
2021-06-26,0.05485154067992915,0.24299887624718655,0.24241729567398002,
2021-06-27,0.0757546669689657,0.1928256134637203,0.20908476993297717,
2021-06-28,0.36193693653752507,0.2435590103858617,0.23965520325388676,0.3259636724318797
2021-06-29,0.28057360831993244,0.2546633897660829,0.2478388842670959,0.35745622515190073
2021-06-30,0.3982021518095929,0.2977250183791359,0.2779115377755953,0.37789868752792927
2021-07-01,0.3525817613420308,0.3141820412680043,0.29284558248888237,0.3751644365846942
2021-07-02,0.18078599651319655,0.27416322784156194,0.27043366529374524,0.38862168091714255
2021-07-03,0.21452759911879798,0.25627253922473275,0.2592524520587558,
2021-07-04,0.16980100622357325,0.23033107932438487,0.2413621628917193,
2021-07-05,0.2817824109267806,0.24576647880510355,0.24944621249873156,0.2657655104389483
2021-07-06,0.24157645243293188,0.24450947089345204,0.24787226048557165,0.252019060604156
2021-07-07,0.234727083205913,0.2415747545871903,0.24524322502963994,0.16805495279854218
2021-07-08,0.1526129443862178,0.21488621152689852,0.22671716890095553,0.3070749331547967
2021-07-09,0.2488478434626391,0.22507470110762068,0.23114330381329226,0.10982600137496794
2021-07-10,0.10763411578271313,0.1898425255101484,0.20644146620717646,
2021-07-11,0.1268066617018049,0.17093176636764534,0.19051450530610214,
2021-07-12,0.43085876367542236,0.24890986555997843,0.23858335697996622,0.30094470950878327
2021-07-13,0.3694326252616409,0.2850666934704772,0.2647532106363012,0.31846959660002805
2021-07-14,0.22495658531161364,0.2670336610228181,0.25679388557136373,0.3349411717692664
2021-07-15,0.2742347219734284,0.26919397930800115,0.2602820528517767,0.23199476052749074
2021-07-16,0.21337079109142337,0.25244702284302784,0.25089980049970606,0.2984628374446873
2021-07-17,0.024536682035479887,0.18407392060076344,0.20562717680686085,
2021-07-18,0.1732745560981361,0.18083411124997523,0.1991566526651159,
2021-07-19,0.20070012378195923,0.18679391500957043,0.19946534688848455,0.21903574639503326
2021-07-20,0.05684121148449484,0.14780810395204774,0.17094051980768663,0.06692454585899955
2021-07-21,0.2017006596918052,0.16397587067397495,0.17709254778451033,0.24760691627799983
2021-07-22,0.33081690822461657,0.21402818193916742,0.20783741987253157,0.27668415966026916
2021-07-23,0.18856905570206658,0.20639044406803717,0.20398374703843858,0.2770017882985239
2021-07-24,0.18681523877001086,0.20051788247862928,0.20055004538475305,
2021-07-25,-0.07508558856080408,0.11783684116679927,0.14542291859564163,
2021-07-26,-0.002774575308187681,0.08165341622430318,0.11578341981487578,0.1652909941687716
2021-07-27,0.1225467836709115,0.09392142645828566,0.11713609258608293,0.10927741015310267
2021-07-28,0.16290795725069854,0.11461738569600952,0.12629046551900608,0.09439181747178889
2021-07-29,0.30488569170111274,0.17169787749754048,0.1620095107554274,0.3266411300518996
2021-07-30,0.1145799607249762,0.1545625024657712,0.15252360074933716,0.29070490072432315
2021-07-31,0.00837682613536068,0.11070679956664803,0.12369424582654187,
2021-08-01,-0.025861322377504926,0.06973636298340215,0.09378313218573252,
2021-08-02,0.2791291880453204,0.1325542105019776,0.1308523433576501,0.10863992652170454
2021-08-03,0.08409448813018484,0.11801629379043978,0.12150077231215707,0.2160973583163463
2021-08-04,0.2728687531554758,0.16447203159995058,0.15177436848082082,0.09090214494795085
2021-08-05,0.1054070112597075,0.14675252549787765,0.14250089703659816,0.11521573557765945
2021-08-06,0.1791448480237362,0.15647022225563523,0.1498296872340258,0.21225285665086
2021-08-07,0.05890750554776608,0.12720140724327447,0.13164525089677387,
2021-08-08,-0.0692646760746079,0.06826158224790975,0.09146326550249752,
2021-08-09,0.14745323239360006,0.09201907729161685,0.10266125888071803,0.09594370077786661
2021-08-10,0.3222236650914532,0.16108045363156775,0.1465737401228651,0.28057459403096624
2021-08-11,0.2820834499962914,0.19738135254098482,0.17367568209755035,0.2782102970978542
2021-08-12,0.17965732199715356,0.19206414337783545,0.174872010077471,0.2047428280391075
2021-08-13,0.13557809710929633,0.1751183294972737,0.16701322748383607,0.20642655764457882
2021-08-14,0.05571017223833637,0.1392958823195925,0.14475261643473614,
2021-08-15,-0.0546282829161276,0.08111863274887647,0.1048764365645634,
2021-08-16,0.14935241889953613,0.10158876859407437,0.11377163303155795,0.1371953038100608
2021-08-17,0.1322080646068431,0.11077455739790498,0.11745891934661498,0.09419822356744444
2021-08-18,0.23318358854413831,0.14749726674177496,0.14060385318611965,0.17229574189600932
2021-08-19,0.056724598767476625,0.12026546634948546,0.12382800230239105,0.20771184783076121
2021-08-20,0.06749680826698468,0.10443486892473522,0.11256176349530977,0.16724800068643517
2021-08-21,0.04680294999787344,0.08714529324667668,0.09941000079582252,
2021-08-22,-0.06597191590886071,0.04121013050001546,0.06633361745488588,
2021-08-23,0.39082924739208097,0.1460958655676351,0.1312327434423249,0.15220763987313976
2021-08-24,0.45083664256915357,0.23751809866809062,0.19515352326769064,0.34254192997952876
2021-08-25,0.31438456273065246,0.2605780378868592,0.21899973116028304,0.3931371304982652
2021-08-26,0.2705867968847097,0.26358066558621435,0.2293171443051684,0.3353310422062027
2021-08-27,0.2587374890879983,0.2621277126367495,0.23520121326173438,0.26299051153609465
2021-08-28,0.2443148649221249,0.2567838583223621,0.2370239435938125,
2021-08-29,0.021388959933058883,0.18616538880557112,0.19389694686166178,
2021-08-30,0.38374917904609407,0.245440525877728,0.23186739329854825,0.25521188256320326
2021-08-31,0.2569024057390821,0.24887908983613422,0.23687439578665503,0.20893397491856752
2021-09-01,0.30871053953817373,0.26682852474674607,0.2512416245369588,0.1871357992306876
2021-09-02,0.3399082224687858,0.288752434063358,0.26897494412332423,0.20038939012171011
2021-09-03,0.3722416122658895,0.3137991875241174,0.2896282777518373,0.2519110305380793
2021-09-04,0.20448732137315928,0.28100562767883,0.27260008647610173,
2021-09-05,0.028390218865954213,0.20522100503496724,0.22375811295407225,
2021-09-06,0.4065570351898029,0.26562181408141794,0.26031789740121836,0.2234200696082907
2021-09-07,0.41497778588252543,0.3104286056217502,0.2912498750974798,0.2643224665601003
2021-09-08,0.335010736599066,0.3178032449149449,0.30000204739779707,0.09312338411504596
2021-09-09,0.2207098117463437,0.2886752149643645,0.2841436002675064,0.15070852781787064
2021-09-10,0.36426000655228025,0.31135065244073923,0.3001668815244612,0.19550201394250272
2021-09-11,0.08327433329411331,0.24292775669675143,0.25678837187839165,
2021-09-12,0.15066300173816474,0.21524833020917541,0.2355632978503463,
2021-09-13,0.22098674940880528,0.21696985596906435,0.2326479881620381,0.18639655550213688
2021-09-14,0.15931559062289244,0.19967357636521277,0.21798150865420898,0.1696922164452116
2021-09-15,0.2131914968259665,0.20372895250343886,0.2170235062885605,0.17934622872808614
2021-09-16,0.13513747363527648,0.18315150884299014,0.2006462997579037,0.24757923092482859
2021-09-17,0.23681574009287243,0.19925077821795484,0.20788018782489748,0.18179674570615081
2021-09-18,0.10309936327898345,0.17040535373626342,0.1869240229157147,
2021-09-19,0.1320043459796069,0.15888505140926645,0.17594008752849313,
2021-09-20,-0.18240622278918156,0.05649766914973205,0.10427082546495821,0.22034903845038117
2021-09-21,-0.05286037133607481,0.023690257003989985,0.07284458610475161,-0.03561584805775969
2021-09-22,0.23669120475620645,0.08759054132965491,0.10561390983504258,0.27144435907092745
2021-09-23,0.3462421016133648,0.16518600941476788,0.15373954819070704,0.27054229939023694
2021-09-24,0.3016229757400451,0.20611709931235106,0.18331623370057465,0.25748484261224375
2021-09-25,0.2781595201211205,0.22772982555498186,0.20228489098468383,
2021-09-26,0.4234486657568143,0.2864454776155316,0.24651764593910994,
2021-09-27,0.2241103523547125,0.26774494003728583,0.24203618722223047,0.17150115700281465
2021-09-28,0.31878428886892596,0.2830567446867779,0.2573858075515696,0.20920097054343442
2021-09-29,0.15275545315322092,0.24396635722671078,0.23645973667189987,0.16685592571339006
2021-09-30,0.24781735710144698,0.24512165718913165,0.23873126075780932,0.20394253818666438
2021-10-01,0.00609297466423339,0.17341305243166213,0.19220360353909413,0.17964891652684156
2021-10-02,0.12529923391799624,0.15897890687756236,0.17882272961487455,
2021-10-03,0.09975374660708687,0.14121135879641972,0.16300893301331704,
2021-10-04,0.04570480875911251,0.11255939378522756,0.13954810816247612,0.12036746830743894
2021-10-05,-0.0634886984557926,0.05974496611292151,0.09894074683882238,0.15985218400268683
2021-10-06,0.07724261389517073,0.06499426044759628,0.09460112025009206,0.17442741271294998
2021-10-07,0.2043467210219248,0.10679999861989484,0.1165502404044586,0.056157478399802715
2021-10-08,0.30728662832600223,0.16694598753172707,0.15469751798876735,0.15946094382620707
2021-10-09,0.19816400660181616,0.1763113932527538,0.16339081571137712,
2021-10-10,0.14977049691459307,0.16834912435130556,0.16066675195202032,
2021-10-11,0.33254854426138347,0.21760895032432892,0.19504311041389297,0.2994362489383057
2021-10-12,0.16861912383196445,0.20291200237661958,0.1897583130975073,0.34903291353122307
2021-10-13,0.1255888792043989,0.17971506542495336,0.17692442631888564,0.24393863361586166
2021-10-14,0.2116369270043672,0.18929162389877752,0.18386692645598196,0.3553126875385097
2021-10-15,0.2914589559899436,0.21994182352612732,0.2053853323627743,0.21621457893712823
2021-10-16,0.18066785325187104,0.2081596324438504,0.20044183654059364,
2021-10-17,0.30832234739248915,0.238208446928442,0.22201793871097275,
2021-10-18,0.29537078928724175,0.2553571496360819,0.23668850882622655,0.32059922790832507
2021-10-19,0.3605479242090976,0.2869143820079866,0.2614603919028008,0.25999990669188344
2021-10-20,0.26681911198507624,0.2808858010011135,0.2625321359192559,0.34781680020066114
2021-10-21,0.24031559124698265,0.2687147380748742,0.25808882698480123,0.2990038143640902
2021-10-22,0.1900086954551617,0.24510292528896044,0.24447280067887334,0.2799873786656994
2021-10-23,0.109162885895265,0.2043209134708518,0.2174108177221517,
2021-10-24,0.17093288965964568,0.19430450632748997,0.20811523210965052,
2021-10-25,0.2931048275573434,0.223944602696446,0.22511315119918912,0.21717672335019939
2021-10-26,0.32058225566264104,0.2529358985863045,0.24420697209187953,0.38675880675245927
2021-10-27,0.14278626452459203,0.21989100836779074,0.22392283057842205,0.2926989405438586
2021-10-28,0.07316592935950328,0.1758734846653045,0.1937714503346383,0.26609510617700183
2021-10-29,0.21430859883018558,0.18740401891476882,0.19787888003374776,0.20836136498255656
2021-10-30,0.11574037092795515,0.1659049245187247,0.18145117821258924,
2021-10-31,0.16355906553209237,0.165201166822735,0.17787275567648986,
2021-11-01,0.2254678994689859,0.18328118661661025,0.18739178443498905,0.17839934883142572
2021-11-02,0.19191732459470756,0.18587202801003944,0.18829689246693276,0.3143894776430997
2021-11-03,0.22766605160873513,0.19841023508964814,0.19617072429529325,0.1883384569700974
2021-11-04,0.32475313775718373,0.23631310588990878,0.2218872069876714,0.18270103161126539
2021-11-05,0.20221675348433302,0.22608420016823605,0.21795311628700373,0.23555065479836074
2021-11-06,0.2351731167692684,0.22881087514854576,0.22139711638345666,
2021-11-07,0.2583163008550925,0.23766250286050977,0.22878095327778383,
2021-11-08,0.3350660131670333,0.2668835559524668,0.25003796525563377,0.24614524925814235
2021-11-09,0.3257353243208723,0.2845390864629885,0.2651774370686815,0.260406905053237
2021-11-10,0.1517380522832778,0.24469877620907526,0.2424895601116008,0.2612469806509987
2021-11-11,0.2863034775807566,0.2571801866205796,0.25125234360543197,0.24298397095890734
2021-11-12,0.35895897528218434,0.287713823219061,0.27279366994078247,0.3261717840953141
2021-11-13,0.1170918644550122,0.23652723558984637,0.24165330884362843,
2021-11-14,0.1766089349431176,0.21855174539582772,0.2286444340635263,
2021-11-15,0.26283702667928044,0.23183732978086352,0.23548295258667712,0.23272635984372742
2021-11-16,0.20302748397371415,0.2231943760387187,0.22899185886408452,0.1980792913093213
2021-11-17,0.28042862891157466,0.24036465190057546,0.23927921287358256,0.2480433061161888
2021-11-18,0.11808567229789683,0.20368095801977187,0.2150405047584454,0.2069539232983928
2021-11-19,0.2525454713760653,0.21834031202665988,0.22254149808196938,0.253462781037292
2021-11-20,0.09920782046516737,0.1826005645582121,0.197874762558609,
2021-11-21,0.20891520283184944,0.1904949560403033,0.2000828506132571,
2021-11-22,0.3676845637968762,0.24365183836727516,0.2336031932499809,0.2723539703842347
2021-11-23,0.2508726357101063,0.24581807757012447,0.23705708174200602,0.2786256274009131
2021-11-24,0.23206135330330646,0.24169106029007903,0.23605793605426612,0.2752991051333477
2021-11-25,0.3458164007321435,0.27292866242269836,0.2580096289898416,0.2194604824195699
2021-11-26,0.06408756252566894,0.2102763324535895,0.2192252156970071,0.22446354722427347
2021-11-27,-0.046970953477250645,0.13310214667433745,0.16598598186215555,
2021-11-28,-0.12802184879490472,0.05476494803356479,0.1071844157307435,
2021-11-29,0.1128978824095633,0.07220482834636435,0.10832710906650747,0.006906869522607804
2021-11-30,0.12880120583902602,0.08918374159416284,0.11242192842101119,0.2735401357202811
2021-12-01,0.256925871708112,0.13950638062834758,0.14132271707843136,0.17586400475427758
2021-12-02,0.12254017659554566,0.134416519418507,0.13756620898185423,0.22484618356761832
2021-12-03,0.26107403167441123,0.17241377309527825,0.16226777352036564,0.14624279107373392
2021-12-04,-0.07245233201254637,0.09895394156293086,0.11532375241378323,
2021-12-05,0.2821211989174734,0.1539041187692936,0.14868324171452127,
2021-12-06,0.22854569096730523,0.17629659042869708,0.16465573156507807,0.20824636604401559
2021-12-07,0.3953495328061181,0.24201247314192337,0.21079449181328608,0.2069136182891333
2021-12-08,0.3156549189437487,0.26410520688247097,0.2317665772393786,0.33926542198078113
2021-12-09,0.4136535755978074,0.3089697174970719,0.2681439769110644,0.25375541819928393
2021-12-10,0.11106432938176718,0.24959810106248048,0.23672804740520495,0.18487346049533376
2021-12-11,0.11636449951330426,0.2096280205977276,0.21265533782682483,
2021-12-12,0.06038694839279559,0.16485569893624796,0.182201659940019,
2021-12-13,0.416040023455754,0.24021099629209977,0.22896933264316602,0.2048505621019963
2021-12-14,0.13695979547423842,0.20923563604674136,0.21056742520938052,0.25792375796618944
2021-12-15,0.21082636523720022,0.20971285480387902,0.21061921321494448,0.14678007977299612
2021-12-16,0.2560940179988224,0.22362720376236206,0.2197141741717201,0.17333137979898056
2021-12-17,0.09878297375264362,0.18617393475944652,0.1955279340879048,0.24931685407825607
2021-12-18,0.02734899105474589,0.13852645164803631,0.16189214548127304,
2021-12-19,0.11011697702331118,0.13000360926061877,0.15153711178968066,
2021-12-20,-0.002056963449158338,0.09038543744768564,0.12081829674191286,0.07747984687894525
2021-12-21,0.26850642566528515,0.1438217339129655,0.15035592252658733,0.13336474613809005
2021-12-22,0.34133231855093255,0.20307490930435562,0.1885512017314564,0.2997683806742144
2021-12-23,0.37762792796503053,0.2554408149025581,0.2263665469781712,0.2540651595871982
2021-12-24,0.2979766309384727,0.2682015597133325,0.2406885637702315,0.33168917149305344
2021-12-25,0.2652706565549139,0.2673222887658069,0.245604982327168,
2021-12-26,0.16859909350774727,0.23770533018838896,0.23020380456328388,
2021-12-27,0.3529306162463891,0.27227291600578896,0.2547491668999049,0.32161355302748035
2021-12-28,0.29901524951018654,0.28029561605710823,0.26360238342196124,0.31443190362357726
2021-12-29,0.11205760352506539,0.2298242122974954,0.23329342744258208,0.38066125398407924
2021-12-30,0.3392804693127648,0.26266108940207616,0.25449083581661863,0.3113064751530496
2021-12-31,0.4610014738763233,0.3221632047443503,0.2957929634285596,0.378565918991106
2022-05-26,0.24561967887448077,0.2992001469833894,0.2857583065177438,
2022-05-27,0.34820916280209924,0.31390285172900234,0.2982484777746149,0.29903668896219887
2022-05-28,0.10548310721727464,0.25137692837548403,0.25969540366314686,
2022-05-29,0.24990646827595625,0.2509357903456257,0.25773761658570876,
2022-05-30,0.331960146313018,0.2752430971358434,0.27258212253117065,0.26276790086156787
2022-05-31,0.3801400066317283,0.3067121699846088,0.2940936993512822,0.29622664213180544
2022-06-01,0.23732606436197573,0.28589633829781885,0.2827401723534209,0.19425036269095466
2022-06-02,0.2400000655072879,0.27212745646065956,0.2741921509841943,0.1663271300714614
2022-06-03,0.1880019219019092,0.24688979609303444,0.2569541051677373,0.18851062333730903
2022-06-04,-0.0016708524239040614,0.17232160153795287,0.20522911364940905,
2022-06-05,0.11221465564942439,0.15428951777139432,0.18662622204941212,
2022-06-06,0.3670164119352597,0.2181075860205539,0.22270426002658167,0.008258090595493206
2022-06-07,0.3064506636008791,0.24461050929465145,0.23945354074144115,0.2676042236112649
2022-06-08,0.4031456506831183,0.2921710517111915,0.2721919627297766,0.18652909927119773
2022-06-09,0.16318104683738696,0.2534740502490501,0.25038977955129865,0.1955818269100499
2022-06-10,0.29037856962787895,0.2645454060626988,0.25838753756661476,0.10246381403731637
2022-06-11,0.03853596184342131,0.1967425727969155,0.21441722242197606,
2022-06-12,0.04374995030876663,0.15084478605047083,0.18028376799933418,
2022-06-13,0.001445576991980168,0.10602502333292363,0.1445161297978634,0.04891438283047835
2022-06-14,0.12846186391587527,0.11275607550780911,0.1413052766214658,-0.0032945545220109964
2022-06-15,0.3371875554036636,0.18008551947656543,0.18048173237790538,0.13438350880068428
2022-06-16,0.1929489745841533,0.18394455600884177,0.18297518081915498,0.13851301423301535
2022-06-17,0.22867522859578754,0.1973637577849255,0.1921151903744815,-0.00778065059965235
2022-06-18,0.00922649986005454,0.1409225804074642,0.15553745227159613,
2022-06-19,-0.08060351957369338,0.07446475041311691,0.10830925790253823,
2022-06-20,0.08300582909532708,0.07702707401777996,0.103248572141096,0.09766724406145832
2022-06-21,0.1993189878913821,0.1137146481798606,0.12246265529115324,0.06312211899620096
2022-06-22,0.06073164140630371,0.09781974614779353,0.11011645251418334,0.11729751885191535
2022-06-23,0.27394833897249166,0.15065832399520296,0.14288282980584502,0.0474714342811712
2022-06-24,0.30639349391168735,0.19737887497014828,0.17558496262701348,0.18937303748075252
2022-06-25,0.1153118823503339,0.17275877718420396,0.1635303465716776,
2022-06-26,0.13313414219013975,0.1608713866859847,0.15745110569537002,
2022-06-27,0.36335043036121356,0.22161509978855332,0.19863097062853874,0.11758366091386403
2022-06-28,0.3594327059204448,0.26296038162812074,0.23079131768691996,0.23394347546276767
2022-06-29,0.0954540290527406,0.21270847585550667,0.2037238599600841,0.193283512895242
2022-06-30,0.21202405144206501,0.21250314853147417,0.2053838982564803,0.1476475230458277
2022-07-01,0.09178668269286713,0.17628820877989204,0.18266445514375768,0.16549386679333575
2022-07-02,0.00042223663093570807,0.12352841713520513,0.14621601144119328,
2022-07-03,-0.014963506297631692,0.08198084010535407,0.1139801078934283,
2022-07-04,0.2087571941709059,0.12001374632501961,0.13293552514892382,0.07650145044265029
2022-07-05,0.19604007986117336,0.14282164638586572,0.14555643609137373,0.21010951458366678
2022-07-06,0.04757686914150495,0.11424821321255749,0.12596052270139996,0.000537945191642101
2022-07-07,0.258803598768369,0.15761482887930095,0.15252913791479378,0.061566099507022035
2022-07-08,0.06155623109745128,0.12879724954474603,0.13433455655132528,0.29086670156790867
2022-07-09,-0.009111124931015742,0.08742473720201749,0.10564542025485708,
2022-07-10,-0.04038209407716184,0.049082687818263686,0.07643991738845331,
2022-07-11,-0.005549685526374394,0.03269297581487226,0.060041996805487774,0.11627695237226154
2022-07-12,0.03835059200902996,0.034390260673119566,0.05570371584619622,0.17062310000484548
2022-07-13,0.11787747371981928,0.05943642458712948,0.06813846742092083,0.11912855331230071
2022-07-14,0.17416552481254133,0.09385515465475303,0.08934387889924494,0.15089654442816644
2022-07-15,0.04111605030488629,0.078033423349793,0.07969831318037322,-0.06432938170022472
2022-07-16,0.1354727462331862,0.09526522021481096,0.09085319979093581,
2022-07-17,0.21731995673556076,0.1318816411710359,0.11614655117986081,
2022-07-18,0.34183085199930713,0.19486640441951725,0.16128341134375007,0.10068263478379903
2022-07-19,0.11140543820790058,0.16982811455603225,0.1513078167165802,0.2966242715862558
2022-07-20,0.2220553903284221,0.1854962972877492,0.16545733143894858,0.12218599760676621
2022-07-21,0.13813955683705456,0.17128927515254078,0.15999377651856977,0.18383903836838586
2022-07-22,0.15166865904317345,0.16540309031973055,0.1583287530234905,0.14312309509607304
2022-07-23,-0.004630341356382868,0.11439306081689651,0.12573693414751583,
2022-07-24,0.14568145125257698,0.12377957794760065,0.12972583756852807,
2022-07-25,0.12484981565976888,0.12410064926125111,0.12875063318677624,0.1321128755503305
2022-07-26,0.2863499230586222,0.17277543140046242,0.16027049116114545,0.15984347993672748
2022-07-27,0.10659658537603992,0.15292177759313566,0.14953571000412436,0.13952544754852206
2022-07-28,0.2841430154994155,0.1922881489650196,0.1764571711031826,0.2389605909718891
2022-07-29,0.1491623122854015,0.17935039796113417,0.17099819933962637,0.15963699032437592
2022-07-30,0.1546354878681105,0.17193592493322704,0.16772565704532322,
2022-07-31,0.1213993770007953,0.15677496055349752,0.15846040103641762,
2022-08-01,0.2810304635704672,0.1940516114585884,0.18297441354322755,0.244684395122782
2022-08-02,-0.007193506424102864,0.133678076093781,0.14494082954976148,0.17818040584418876
2022-08-03,0.20713972221793872,0.1557165699310283,0.15738060808339693,0.1243339144600285
2022-08-04,0.1525712363576333,0.1547729698590098,0.15641873373824422,0.15460795247606163
2022-08-05,0.24756372409449381,0.18261019612965498,0.17464773180949417,0.08842955655268123
2022-08-06,0.07632525856838601,0.15072471486127428,0.15498323716127255,
2022-08-07,0.09845909552503732,0.1350450290604032,0.14367840883402552,
2022-08-08,0.3164428967616501,0.18946438937077725,0.17823130641955043,0.07233137040831136
2022-08-09,0.1679996549737061,0.18302496905165588,0.1761849761303816,0.19438035668607803
2022-08-10,0.09614933910820289,0.15696228006861998,0.16017784872594584,0.10217541687506701
2022-08-11,0.33545816072124396,0.21051104426440717,0.19523391112500546,0.18567248300318867
2022-08-12,0.24333155840462747,0.22035719850647323,0.20485344058092989,0.26368319307755167
2022-08-13,0.07268663307440308,0.17605602887685215,0.17842007907962454,
2022-08-14,0.09469507191097364,0.1516477417870886,0.16167507764589437,
2022-08-15,0.2548195947601028,0.18259929767899286,0.18030398106873607,0.17136840147006335
2022-08-16,0.2472223610456883,0.20198621668900146,0.19368765706412652,0.08083647087893703
2022-08-17,0.2504101167038881,0.21651338669346742,0.20503214899207883,0.16447883869046406
2022-08-18,0.1574663733170016,0.19879928268052766,0.1955189938570634,0.14703238165511517
2022-08-19,0.2010665304703239,0.19947945701746653,0.1966285011797155,0.18885133676301596
2022-08-20,0.05933638542991917,0.15743653554120232,0.16917007802975625,
2022-08-21,-0.04063962226829085,0.09801368819835436,0.12720813797014682,
2022-08-22,0.22330506723431914,0.1356011019091438,0.1464275238229813,0.1304179610839257
2022-08-23,0.18540356248772258,0.15054184008271743,0.15422273155592955,0.10606052590088105
2022-08-24,0.13019972523095227,0.14443920562718787,0.1494181302909341,0.09218740802084309
2022-08-25,0.27839651066412185,0.18462639713826806,0.17521380636557166,0.16797070389503013
2022-08-26,0.36934137625241303,0.24004089087251157,0.21403932034293993,0.2848619464646374
2022-08-27,-0.02731467273674513,0.15983422178973455,0.16576852172700293,
2022-08-28,0.14752594056245807,0.1561417374215516,0.16212000549409397,
2022-08-29,0.09374945542687392,0.1374240528231483,0.14844589548064996,0.19159965997146486
2022-08-30,0.20670943054702157,0.15820966614031026,0.16009860249392427,0.21432500702148005
2022-08-31,0.12339368892673835,0.14776487297623866,0.1527576197804871,0.043146481745571855
2022-09-01,0.12490705393428027,0.14090752726365113,0.14718750661124574,0.17238493675427258
2022-09-02,0.16536539327175165,0.1482448870660813,0.15082308394334693,0.12561819154762613
2022-09-03,0.04783082178774033,0.118120667482579,0.1302246315122256,
2022-09-04,0.0654883002725375,0.10233095731956655,0.11727736526428799,
2022-09-05,0.15289211267378272,0.11749930392583141,0.12440031474618693,0.21373681365777714
2022-09-06,0.360675025301484,0.19045202033852718,0.17165525685724636,0.2038497655796445
2022-09-07,0.15113256551256335,0.17865618389073804,0.16755071858830978,0.19377211649254494
2022-09-08,0.28242873484644654,0.20978794917745058,0.19052632183993715,0.17383698230960232
2022-09-09,0.3632180569467083,0.2558169815082279,0.2250646688612914,0.15612622963679904
2022-09-10,0.18698677143490897,0.2351679184862322,0.21744908937601493,
2022-09-11,0.054950978830177695,0.18110283658941584,0.1849494672668475,
2022-09-12,0.11880550465904749,0.16241363701030534,0.1717206747452875,0.23361272020272242
2022-09-13,0.2791932899640967,0.19744753289644273,0.19321519778904933,0.12337017005227287
2022-09-14,0.06191108086786974,0.15678659728787084,0.16695437440481342,0.05703512870288089
2022-09-15,0.18193363416035419,0.16433070834961583,0.16995022635592158,0.17224801079742794
2022-09-16,0.0399531683011612,0.12701744633507944,0.14395081474496949,0.14036863600865992
2022-09-17,0.12833304658909386,0.12741212641128377,0.14082726111379437,
2022-09-18,0.16129120162089264,0.13757584897416641,0.14492004921521404,
2022-09-19,0.22306669580174734,0.1632231030224407,0.16054937853252071,0.1683788588752488
2022-09-20,0.3737537730679779,0.22638230403610185,0.20319025743961217,0.10426590578969229
2022-09-21,0.1327442971605925,0.198290901973449,0.18910106538380822,0.12547576830246907
2022-09-22,0.02700346515494676,0.14690467092789833,0.15668154533803594,0.23130550431210695
2022-09-23,0.12127559347686791,0.1392159476925892,0.14960035496580235,0.18622681896547302
2022-09-24,0.052585536962625586,0.11322682447360011,0.130197391365167,
2022-09-25,-0.021839573353278536,0.07270690512553651,0.0997899984214779,
2022-09-26,0.1595818384735268,0.09876938512993359,0.1117483664318877,0.07644898130852
2022-09-27,0.2471365143875659,0.14327952390722326,0.13882599602302334,0.10372387099878912
2022-09-28,0.019879318325392966,0.10625946223267416,0.11503666048349728,0.3630162497501522
2022-09-29,0.24472899169644766,0.14780032107180618,0.14097512672608736,0.154509465643034
2022-09-30,0.05922706126359097,0.12122834312934161,0.12462551363358809,0.14590654634364453
2022-10-01,0.1482020828900111,0.12932046505754244,0.12934082748487272,
2022-10-02,0.10896778619448041,0.12321466139862383,0.12526621922679426,
2022-10-03,-0.03391646093511876,0.07607532469850105,0.09342968319441167,0.13647975423549935
2022-10-04,0.1778397262659624,0.10660464516873945,0.1103116918087218,0.10937469619386446
2022-10-05,0.2710872519878261,0.15594942721446545,0.1424668038445427,0.25137702118552907
2022-10-06,0.02445023443691338,0.11649966938119982,0.11886348996301684,-0.07207871542595398
2022-10-07,-0.1356695202339712,0.04084891249664852,0.06795688792361924,-0.05700999975369425
2022-10-08,0.047680543263524354,0.04289840172671127,0.06390161899160027,
2022-10-09,0.26250593414279955,0.10878066145153775,0.10362248202184013,
2022-10-10,0.06187450333745179,0.09470881401731196,0.09527288628496247,0.23054006368596366
2022-10-11,0.08495568613391466,0.09178287565229276,0.09320944625475291,0.09972680378852508
2022-10-12,0.05624185024946211,0.08112056803144356,0.08581592705369476,0.12771506523157877
2022-10-13,0.19812092350228974,0.11622067467269741,0.10827692634341375,0.2215332043466761
2022-10-14,0.40969675752864776,0.2042634995294825,0.1685608925804606,0.18401951088007035
2022-10-15,0.06787941556903396,0.16334827434134794,0.14842459717817524,
2022-10-16,0.38053001576564577,0.22850279676863727,0.19484568089566934,
2022-10-17,0.2680984953543244,0.2403815063443434,0.20949624378740037,0.29642417646590724
2022-10-18,0.3731287994881601,0.28020569428748837,0.24222275492755235,0.3915460436755541
2022-10-19,0.1890882289216507,0.25287045467773706,0.23159584972637204,0.3250071425594631
2022-10-20,0.08980632666830643,0.20395121627490786,0.20323794511475893,0.2259851408328999
2022-10-21,0.20589370994868586,0.20453396437704124,0.20376909808154434,0.3302301449418467
2022-10-22,0.31135116621981124,0.23657912492987224,0.22528551170919772,
2022-10-23,0.3773989338299324,0.27882506759989023,0.25570819613334467,
2022-10-24,0.09436963587607676,0.22348843808274618,0.2234404840818911,0.26616785286829836
2022-10-25,0.2827583970007511,0.24126942575814764,0.23530406666566311,0.22911268965121145
2022-10-26,0.3327501915588588,0.26871365549836096,0.25479329164430226,0.26732828687071
2022-10-27,0.28920034827688257,0.2748596633319174,0.26167470297081835,0.3353490811659848
2022-10-28,-0.06888664960583717,0.17173576945059105,0.19556243245548727,0.18022189658155385
2022-10-29,0.18623878111731554,0.1760866729506084,0.19369770218785293,
2022-10-30,0.2554856255406239,0.19990635872761303,0.20605528685840713,
2022-10-31,0.20131683049222182,0.20032950025699567,0.20510759558517008,0.1653472169076804
2022-11-01,0.41442251134486424,0.2645574035833562,0.24697057873710893,0.11494189863575455
2022-11-02,0.35920759166048755,0.2929524600064956,0.2694179813217846,0.2660948176108874
2022-11-03,0.14388330163566637,0.24823171249524684,0.244311045384561,0.23148589898656546
2022-11-04,0.4034866510839405,0.29480819407185493,0.2761461665244369,0.1513432057065739
2022-11-05,0.22570732153559986,0.2740779323109784,0.2660583975266695,
2022-11-06,0.3807527570119291,0.30608037972126356,0.2889972694237214,
2022-11-07,0.4568999965202893,0.3513262647609713,0.322577814843035,0.3355754458103342
2022-11-08,0.22424162438787196,0.31320087264904145,0.3029105767520024,0.2993863531844096
2022-11-09,0.18527951452577446,0.27482446521206133,0.2793843643067568,0.1953545629077102
2022-11-10,0.07311421692840914,0.21431139072696567,0.23813033483108725,0.14681996286453045
2022-11-11,0.44142194602326673,0.282444557315856,0.27878865706952316,0.22175740816873177
2022-11-12,0.18380333099975787,0.25285218942102655,0.2597915918555701,
2022-11-13,0.3342302046143092,0.2772655939790113,0.27467931440731796,
2022-11-14,0.3681267666577019,0.30452394578261843,0.2933688048573948,0.24610611921686681
2022-11-15,0.3404002097164739,0.31528682496277505,0.30277508582921064,0.23745499430585978
2022-11-16,0.1833416552618146,0.2757032740524869,0.2788883997157314,0.2627475880045708
2022-11-17,0.08575944176465118,0.2187201243661362,0.2402626081255154,0.11622851892449221
2022-11-18,0.276495059834153,0.23605260500654124,0.24750909846724292,0.09734213466464951
2022-11-19,0.11470965940976943,0.1996497213275097,0.22094921065574824,
2022-11-20,0.10656388783051324,0.17172397127841074,0.19807214609070126,
2022-11-21,0.14942345606584484,0.16503381671464096,0.18834240808573,0.22096275870974233
2022-11-22,0.15158332882490907,0.1609986703477214,0.18099059223356584,0.25921318710995367
2022-11-23,0.2598515604740056,0.19065453738560664,0.1967627858816538,0.22531101895834912
2022-11-24,0.3312352721179127,0.23282875780529844,0.2236572831289056,0.22934074752302822
2022-11-25,0.3144389503065044,0.2573118155556602,0.24181361656442538,0.26561222027340337
2022-11-26,0.1610630685265394,0.22843719144692393,0.22566350695684817,
2022-11-27,0.1634033142237474,0.20892702827997095,0.21321146841022803,
2022-11-28,0.09106222772970796,0.17356758811489204,0.18878162027412404,0.2539467919557317
2022-11-29,0.3765122144001061,0.23445097600045625,0.22632773909932047,0.09002412357922951
2022-11-30,0.3089088939694744,0.2567883513911617,0.24284397007335126,0.2732881861406662
2022-12-01,0.3104745671902898,0.2728942161309001,0.256370089496739,0.26944434852283494
2022-12-02,0.18715286147149313,0.24717180973307798,0.24252664389168985,0.15374732620678802
2022-12-03,0.12145645737032824,0.20945720402425305,0.21831260658741752,
2022-12-04,0.22606362331264873,0.21443912981077173,0.21986280993246377,
2022-12-05,0.388194882735836,0.266565855688291,0.25352922449313825,0.16680584568966197
2022-12-06,0.1046465083084842,0.21799005147434894,0.22375268125620745,0.20278733264745735
2022-12-07,0.26015672932614337,0.23064005482988725,0.23103349087019465,0.1798929081595206
2022-12-08,0.32102367436257945,0.2577551406896949,0.24903152756867164,0.1596759438606692
2022-12-09,0.349506296023011,0.2852804872896897,0.26912648125953953,0.3114600630168209
2022-12-10,0.1863229759374625,0.25559323388402155,0.2525657801951241,
2022-12-11,0.3910947776731954,0.2962436970207737,0.28027157969073835,
2022-12-12,0.27583217041727703,0.29012023903972467,0.2793836978360461,0.3554831882452666
2022-12-13,0.31393975561161946,0.2972660940112931,0.2862949093911608,0.22694390105052203
2022-12-14,0.3328441806242254,0.3079395199951728,0.29560476363777377,0.2379292432194859
2022-12-15,0.21176970994230282,0.2790885769793118,0.2788377528986796,0.3740809462394545
2022-12-16,0.23039866713735893,0.2644816040267259,0.2691499357464155,0.1365413976056426
2022-12-17,0.02812585975168105,0.19357488074421242,0.22094512054746862,
2022-12-18,0.32368875985880113,0.23260904447858904,0.24149384840973515,
2022-12-19,0.14044603092465982,0.20496014041241029,0.2212842849127201,0.2526201011699784
2022-12-20,0.11652139602211327,0.17842851709532115,0.20033170713459875,0.28125322291641747
2022-12-21,0.2227558243296129,0.19172670926560867,0.2048165305736016,0.18312999405932992
2022-12-22,0.2959424986370972,0.22299144607705523,0.22304172418630072,0.36289411719463416
2022-12-23,0.07388623443526524,0.17825988258451822,0.1932106262360936,0.21874043659855288
2022-12-24,0.10945694641781722,0.1576190017345079,0.17645989027243836,
2022-12-25,0.17167859040357897,0.1618368783352292,0.1755036302986665,
2022-12-26,0.4198603844230703,0.23924393016158152,0.22437498112354726,0.30076723655926263
2022-12-27,0.3684752985017441,0.27801334066363026,0.2531950445991866,0.32776326801681865
2022-12-28,0.1866000194908336,0.25058934431179125,0.23987603957751605,0.22271520153249372
2022-12-29,0.18302958407998085,0.23032141624224814,0.22850674847800903,0.23016936081161063
2022-12-30,0.3911416631620256,0.27856749031818134,0.26103373141481234,0.2719386148480781
2022-12-31,0.19439870507904067,0.2533168547464391,0.247706726147658,
2023-08-25,0.1394871183588631,0.21916793383016628,0.22606280458989902,0.15571936583876061
2023-08-26,0.13583801117306218,0.19416895703303505,0.20801784590653166,
2023-08-27,0.1390419479276313,0.17763085430141393,0.1942226663107516,
2023-08-28,0.3753086584863294,0.23693419555688855,0.23043986474586717,0.22925675406526536
2023-08-29,0.40391044608760074,0.2870270707161022,0.2651339810142139,0.314024058763581
2023-08-30,0.4171374042443659,0.32606017077458127,0.29553466566024433,0.28379585857467393
2023-08-31,0.3100756208056255,0.32126480578389455,0.2984428566893206,0.2570357027303341
2023-09-01,0.3108405058826711,0.3181375158135275,0.3009223865279907,0.22784808232531029
2023-09-02,0.2789305015752608,0.3063754115420475,0.29652400953744473,
2023-09-03,0.4430288012837223,0.34737142846454994,0.32582496788670023,
2023-09-04,0.5061146231528321,0.39499438687103455,0.36188289893992664,0.3185020526643649
2023-09-05,0.3032971088956859,0.36748520347842994,0.3501657409310785,0.33567719906568527
2023-09-06,0.33683336339890957,0.3582896514545738,0.3474992654246447,0.26917818745027233
2023-09-07,0.21215353776988025,0.31444881734916574,0.3204301198936918,0.24903982320343548
2023-09-08,0.1716484765414566,0.27160871510685297,0.29067379122324477,0.2074750345821182
2023-09-09,0.15461033740538663,0.23650920179641305,0.26346110045967314,
2023-09-10,0.3922827495904318,0.28324126613461864,0.2892254302858249,
2023-09-11,0.41490876663244514,0.3227415162839666,0.314362097555149,0.3164067352552171
2023-09-12,0.3561587469060839,0.3327666854706018,0.322721427425336,0.41040293145104334
2023-09-13,0.3229319125760433,0.3298162536022342,0.32276352445547746,0.2968394141489449
2023-09-14,0.33097375837827636,0.3301635050350468,0.3244055712400372,0.2850827820555338
2023-09-15,0.44800808324758684,0.36551687849880876,0.3491260736415472,0.37043959296821993
2023-09-16,0.138398634711075,0.2973814053624886,0.30698058585545274,
2023-09-17,0.3371387798370433,0.30930861770485496,0.31301222465177087,
2023-09-18,0.3046585242737941,0.30791358967553667,0.3113414845761755,0.3295597350347718
2023-09-19,0.23772338182835834,0.28685652732138317,0.29661786402661205,0.22445015459703194
2023-09-20,0.26745319240089227,0.2810355268452359,0.2907849297014681,0.28147633796953
2023-09-21,0.18038343548206454,0.2508398994362845,0.2687046308575874,0.3837040841482288
2023-09-22,0.3603141621860155,0.2836821782612038,0.28702653712327303,0.2961152729940354
2023-09-23,0.22515541890225269,0.26612415045351845,0.27465231347906893,
2023-09-24,0.33693115682100616,0.28736625236376473,0.28710808214745637,
2023-09-25,0.30717012143748645,0.2933074130858812,0.2911204900054624,0.33484189484078736
2023-09-26,0.3287227884899323,0.30393202570709654,0.29864094970235644,0.3298547805901221
2023-09-27,0.3569885248205943,0.3198489754411459,0.31031046472600404,0.37553238762276514
2023-09-28,0.3595743441681879,0.33176658605925846,0.32016324061444085,0.3507011524661704
2023-09-29,0.2225146872472439,0.29899101641565407,0.30063352994100145,0.2404490104685961
2023-09-30,0.13063697020472592,0.2484848025523756,0.26663421799374637,
2023-10-01,0.39952490145438596,0.2937968322229787,0.2932123546858743,
2023-10-02,0.16035216448457645,0.253763431901458,0.26664031664561477,0.2566708469498436
2023-10-03,-0.07326278724230645,0.15565556615832865,0.19865969586803056,0.11127550848204952
2023-10-04,-0.06610342682384292,0.08912786826367718,0.14570707132965588,0.0648038685917325
2023-10-05,0.11224757881288815,0.09606378142844046,0.13901517282630232,0.0486733508014594
2023-10-06,0.05722052871361483,0.08441080561399276,0.12265624400376483,0.11518528970064966
2023-10-07,0.24539646203629673,0.13270650254068395,0.1472042876102712,
2023-10-08,0.13651116082897294,0.13384790002717065,0.14506566225401157,
2023-10-09,0.17008390463366896,0.14471870140912013,0.15006931072994306,0.16084033678472043
2023-10-10,0.2565964764439016,0.17828203391955455,0.17137474387273477,0.14440629244966952
2023-10-11,0.37099291315136973,0.2360952976890991,0.21129837772846177,0.1996577146866944
2023-10-12,0.4534105859798828,0.3012898841763342,0.259720819378746,0.2417104515646185
2023-10-13,0.19075257811575433,0.2681286923581602,0.2459271711261477,0.21976423220689884
2023-10-14,0.05097273607479286,0.20298190547315,0.20693628411587675,
2023-10-15,0.08068053604199968,0.1662914946438049,0.18168513450110135,
2023-10-16,0.2699300674849177,0.19738306649613874,0.19933412109786464,0.2172779697462416
2023-10-17,0.31076866320093693,0.2313987455075782,0.22162102951847912,0.30056350838015045
2023-10-18,0.27735356433384567,0.24518519115545842,0.23276753648155243,0.3233032302901341
2023-10-19,0.1514812577155751,0.2170740111234934,0.21651028072835699,0.2188900676435218
2023-10-20,0.1985675125053702,0.21152206153805642,0.21292172708375962,0.18186102904411344
2023-10-21,0.05928723414077377,0.16585161331887163,0.18219482849516247,
2023-10-22,0.2758371599448415,0.19884727730666257,0.2009232947850983,
2023-10-23,0.18672948480529805,0.1952119395562532,0.19808453278913826,0.25005741451932045
2023-10-24,0.31792442341636223,0.23202568471428592,0.22205251091458306,0.2465964837043247
2023-10-25,0.4323971428967394,0.29213712216902193,0.26412143731101434,0.3037592772025246
2023-10-26,0.19902937738762658,0.26420479873460334,0.25110302532633677,0.22597257839397317
2023-10-27,0.3473722699743051,0.2891550401065138,0.27035687425593047,0.3181732446449921
2023-10-28,0.09816727014723155,0.23185870911872913,0.2359189534341907,
2023-10-29,0.09686600572017373,0.1913608980991625,0.20810836389138732,
2023-10-30,0.40960971138327185,0.2568355420843953,0.24840863338976427,0.2257037410401668
2023-10-31,0.29416144835684277,0.2680333139661295,0.25755919638318,0.3113475075081712
2023-11-01,0.3876759714653007,0.30392611121588087,0.28358255139960414,0.30067271014383756
2023-11-02,0.3318566108009199,0.31230526109139256,0.2932373632798673,0.24451623313230086
2023-11-03,0.4715507034567643,0.36007889380100405,0.32890003131524675,0.256567508982498
2023-11-04,0.21694277866550213,0.31713805926035343,0.3065085807852978,
2023-11-05,0.3545832868282483,0.32837162753072185,0.31612352199388793,
2023-11-06,0.485243430070917,0.3754331682927804,0.3499475036092938,0.25573823172110277
2023-11-07,0.2908942046380492,0.350071479196361,0.3381368438150449,0.3724285709436741
2023-11-08,0.34459206230521944,0.3484276541290185,0.33942788751307984,0.3023043817237896
2023-11-09,0.3305409888158841,0.34306165453507814,0.3376505077736407,0.2484692195258989
2023-11-10,0.2239223253442024,0.3073198557778154,0.3149048712877531,0.3349671433435546
2023-11-11,0.13158632207363216,0.25459979566656044,0.2782411614449289,
2023-11-12,0.1960092125709649,0.23702262073788177,0.2617947716701361,
2023-11-13,0.3936502625392866,0.2840109132783032,0.2881658698439662,0.2600951336003655
2023-11-14,0.36013829897350086,0.30684912898686245,0.30256035566987316,0.2841950298782215
2023-11-15,0.4456170007165772,0.34847949050577687,0.331171684679214,0.3083041755946182
2023-11-16,0.3309719998835091,0.34322724331909654,0.33113174772007303,0.3600840143556036
2023-11-17,0.3285795128908672,0.3388329241906277,0.3306213007542319,0.3111142843597002
2023-11-18,0.0977212946007262,0.2664994353136573,0.28404129952353074,
2023-11-19,0.2738861208251579,0.2687154409671074,0.2820102637838562,
2023-11-20,0.4425829402181355,0.32087569074241584,0.31412479907071206,0.305540314768597
2023-11-21,0.343846652040772,0.3277669791319227,0.3200691696647241,0.28962917555252027
2023-11-22,0.22602309101265877,0.29724381269614353,0.30125995393431104,0.25723048318465996
2023-11-23,0.28860201734142255,0.29465127408972724,0.2987283666157334,0.2190854508845129
2023-11-24,0.2673691226268619,0.28646662865086764,0.2924565178179591,0.34083920417475366
2023-11-25,0.25926124188690647,0.2783050126216793,0.2858174626317486,
2023-11-26,0.2555434415403467,0.2714765412972795,0.27976265841346826,
2023-11-27,0.2552069493718018,0.26659566371963617,0.27485151660513496,0.37644141889727256
2023-11-28,0.3078696473223689,0.27897785880045595,0.28145514274858174,0.2788937911969944
2023-11-29,0.23101917184310175,0.26459025271324965,0.27136794856748575,0.27716638477024175
2023-11-30,0.20651923194453564,0.24716894648263543,0.25839820524289575,0.29804411202377484
2023-12-01,0.2521959411565145,0.24867704488479914,0.2571577524256195,0.25368272299946887
2023-12-02,0.14024707985805468,0.21614805537677578,0.23377561791210655,
2023-12-03,0.18495700675919352,0.2067907407915011,0.22401189568152396,
2023-12-04,0.3167546968926663,0.23977992762185063,0.24256045592375244,0.2688250255863569
2023-12-05,0.16559250526297004,0.21752370091418644,0.22716686579159598,0.17191223833892263
2023-12-06,0.39195693031793755,0.2698536697353118,0.2601248786968643,0.20066873264614116
2023-12-07,0.2378856431221367,0.2602632617513592,0.2556770315819188,0.21824848941705502
2023-12-08,0.3379053514785566,0.2835558886695184,0.27212269556124635,0.30622845111804
2023-12-09,0.11176499947621167,0.23201862191152636,0.24005115634423943,
2023-12-10,0.3745681710510713,0.2747834866533898,0.26695455928560585,
2023-12-11,0.24293753038830462,0.26522969977386424,0.2621511535061456,0.28443015055791837
2023-12-12,0.35830431408336705,0.29315208406671506,0.2813817856215899,0.2554481501431339
2023-12-13,0.21316681100612805,0.2691565021485389,0.26773879069849754,0.3160382556077183
2023-12-14,0.2965984608970883,0.2773890897731037,0.2735107247382157,0.23341160935900845
2023-12-15,0.37246845267786116,0.3059128986445309,0.2933022703261448,0.2967701794509651
2023-12-16,0.10542710448070518,0.24576716039538318,0.25572723715705686,
2023-12-17,0.2471349841584003,0.2461775075242883,0.25400878655732556,
2023-12-18,0.24693620601042648,0.24640511707012974,0.25259427044794575,0.244284533213175
2023-12-19,0.1925292233770939,0.23024234896221896,0.2405812610337754,0.2840519133817515
2023-12-20,0.25587904634990843,0.2379333581785258,0.24364081809700203,0.22527610409141555
2023-12-21,0.19029932024695545,0.22364314679905467,0.23297251852699274,0.2336271730863573
2023-12-22,0.26678469921535,0.23658561252394325,0.2397349546646642,0.283487529033362
2023-12-23,0.2617803792076819,0.2441440425290648,0.24414403957326775,
2023-12-24,0.20086631537001565,0.23116072438135005,0.23548849473261732,
2023-12-25,0.35706868775034883,0.26893311339204967,0.2598045333361636,0.2177562616441561
2023-12-26,0.25163299166244935,0.26374307687316956,0.25817022500142073,0.29985345071069447
2023-12-27,0.34438918754065256,0.28793691007341443,0.27541401750926714,0.27573588307389396
2023-12-28,0.39417123378047514,0.3198072071855326,0.29916546076350875,0.3543419709471688
2023-12-29,0.3354709263304214,0.3245063229289992,0.30642655387689127,0.26546678836186804
2023-12-30,0.1662443806672126,0.27702774025046323,0.27839011923495555,
2023-12-31,0.39407308143046166,0.31214134260446275,0.30152671167405676,
2024-01-01,0.5621591898750087,0.3871466967856265,0.35365320731424715,0.29590621227232206
2024-01-02,0.22977810613771088,0.3399361195912518,0.3288781870789399,0.17130177603774957
2024-01-03,0.1834926147077937,0.29300306812621435,0.29980107260471067,0.2387813834667984
2024-01-04,0.10383724201083525,0.2362533202916006,0.2606083064859356,0.14174987076991213
2024-01-05,0.10138926785251107,0.19579410455987373,0.2287644987592507,0.2224996817891273
2024-01-06,0.06939743756410781,0.15787510446114394,0.19689108652022214,
2024-01-07,0.0504628961723774,0.12565144197451397,0.1676054484506532,
2024-01-08,0.12964066053388648,0.12684820754232573,0.16001249086729988,0.12404650536676248
2024-01-09,0.348886781046167,0.1934597795934781,0.1977873489030733,0.1897319068081626
2024-01-10,0.20793007045745637,0.19780086685267156,0.19981589321394994,0.2813476824663079
2024-01-11,0.3952953822855749,0.25704922148254256,0.23891179102827495,0.2311191495942454
2024-01-12,0.18598208941119612,0.2357290818611386,0.2283258507048592,0.2898769816408249
2024-01-13,-0.04082329074820776,0.15276337007833468,0.17449602241424583,
2024-01-14,0.103606591679187,0.13801633655859036,0.16031813626723407,
2024-01-15,0.25234803840386566,0.17231584711217296,0.1787241166945604,0.1775685399815647
2024-01-16,0.18668227149983463,0.17662577442847147,0.18031574765561525,0.27917308536134694
2024-01-17,0.09392760317034436,0.15181632305103332,0.16303811875856108,0.18377949313164765
2024-01-18,0.21984909223551655,0.1722261538063783,0.17440031345395218,0.16294493884190017
2024-01-19,0.32861465870713197,0.2191427052766044,0.20524318250458812,0.3683664707490972
2024-01-20,0.15824101868632662,0.20087219929952105,0.19584274974093582,
2024-01-21,0.21992964282631874,0.20658943235756036,0.20066012835801242,
2024-01-22,0.16109550839805223,0.19294125516970792,0.19274720436602039,0.2208302895742737
2024-01-23,0.4352108300415236,0.2656221276312526,0.24123992950112105,0.2962118986293837
2024-01-24,0.35095140589132917,0.29122091110927556,0.2631822247791627,0.2944055094258554
2024-01-25,0.410047747318693,0.32686896197210075,0.2925553292870688,0.42888465701488027
2024-01-26,0.29670675747690584,0.3178203006235423,0.29338561492503623,0.29455986846480114
2024-01-27,0.23509421378160844,0.2930024745709621,0.2817273346963507,
2024-01-28,0.2849150247815432,0.2905762396341364,0.2823648727133892,
2024-01-29,0.2598054116871405,0.28134499125003765,0.2778529805081395,0.152646088123273
2024-01-30,0.21041176114493693,0.2600650222185074,0.264364736635499,0.13161520404238092
2024-01-31,0.10659924102656683,0.21402528786092523,0.23281163751371253,0.16623891963310194
2024-02-01,0.26113253948521026,0.22815746334821072,0.2384758179080121,0.2113766586789084
2024-02-02,0.2256949337287138,0.22741870446236162,0.23591964107215244,0.353930974026455
2024-02-03,0.006124148014814235,0.1610303375280974,0.1899605424606848,
2024-02-04,0.17786195618326514,0.1660798231246477,0.1875408252052009,
2024-02-05,0.25360868446214097,0.19233848152589567,0.20075439705658893,0.34680051706412707
2024-02-06,0.3981954330598281,0.2540955669860754,0.24024260425723676,0.3928850686626278
2024-02-07,0.3028765615820885,0.2687298653648793,0.25276939572220714,0.4506778999856365
2024-02-08,0.32419626397339746,0.28536978494743476,0.2670547693724452,0.4114397720868745
2024-02-09,0.05365136412574964,0.21585425870092922,0.22437408832310612,0.25327086657782394
2024-02-10,0.24051662492857642,0.2232529685692234,0.2276025956442002,
2024-02-11,0.39785898572469125,0.27563477371586376,0.26165387366029846,
2024-02-12,0.2898212989110132,0.2798907312744086,0.2672873587104414,0.30141520213412226
2024-02-13,0.2629511231190241,0.2748088488277932,0.26642011159215795,0.10692776238569353
2024-02-14,0.05254883689168316,0.20813084524696018,0.22364585665206302,-0.0659327616712559
2024-02-15,0.12127352915771494,0.1820736504201866,0.2031713911531934,0.1293206289410591
2024-02-16,0.31992517001626475,0.22342910629901006,0.2265221469258077,0.052607540123263116
2024-02-17,0.2195611615441268,0.22226872287254507,0.22512994984947154,
2024-02-18,0.518828901206399,0.31123677637270125,0.2838697401208571,
2024-02-19,0.42697042717589334,0.34595687161365885,0.31248987753186436,0.3589810717091072
2024-02-20,0.3650214347781601,0.3516762405630092,0.32299618898112353,0.3506212744344935
2024-02-21,0.3074606442681699,0.33841156167455744,0.31988908003853284,0.22882758947539397
2024-02-22,0.3877272714353815,0.3532062746028046,0.3334567183179026,0.26673531429255454
2024-02-23,0.3691183315260109,0.3579798916797665,0.3405890409595243,0.3264325587153701
2024-02-24,0.17293583786212155,0.302466675534473,0.3070584003400438,
2024-02-25,0.3612841315567493,0.3201119123411559,0.31790354658338493,
2024-02-26,0.3676756212097776,0.3343810250017424,0.3278579615086635,0.21891306616760642
2024-02-27,0.41123938519172193,0.35743853305873624,0.3445342462452752,0.23137106227337337
2024-02-28,0.3255825218143778,0.3478817296854287,0.3407439013590957,0.3372060367489094
2024-02-29,0.343128376065389,0.3464557235994168,0.3412207963003544,0.28487361846252895
2024-03-01,0.38626557633308073,0.358398679419516,0.3502297523068997,0.3386007062275996
2024-03-02,0.2904538731283482,0.33801523753216567,0.3382745764711894,
2024-03-03,0.36612222710965386,0.3464473344054121,0.3438441065988823,
2024-03-04,0.46458423346069805,0.38188840412199787,0.3679921319712455,0.3759017906543208
2024-03-05,0.4133097244226856,0.39131480021220416,0.37705565046153355,0.36182305899378225
2024-03-06,0.39547573028188765,0.3925630792331092,0.38073966642560436,0.2806906916584653
2024-03-07,0.30728336699544156,0.3669791655618089,0.3660484065395718,0.37399197197060036
2024-03-08,0.4548021094129488,0.3933260487171508,0.38379914711424723,0.2665616751314094
2024-03-09,0.12771362531728184,0.31364232169719014,0.33258204275485415,
2024-03-10,0.278652518121585,0.3031453806245086,0.3217961378282004,
2024-03-11,0.3836562674622334,0.327298646675826,0.334168163755007,0.33458662879787093
2024-03-12,0.41161534907242464,0.3525936573948055,0.34965760081849057,0.3849941817895265
2024-03-13,0.30470824486344755,0.3382280336353981,0.340667729627482,0.21866809810132098
2024-03-14,0.341305553770359,0.33915128967588637,0.34079529445605744,0.26076206211316383
2024-03-15,0.3437490096630417,0.34053060567203297,0.34138603749745433,0.1440522088818578
2024-03-16,0.011858115496888626,0.24192885861948965,0.2754804530973412,
2024-03-17,0.1395398377557285,0.21121215236036128,0.24829233002901868,
2024-03-18,0.48650029635251457,0.29379859555800725,0.29593392329371787,0.21686056864433095
2024-03-19,0.2836278671293975,0.2907473770294243,0.29347271206085385,0.3539565450834393
2024-03-20,0.45264208285364504,0.33931578877669055,0.3253065862194121,0.2776810459587736
2024-03-21,0.43753994824364784,0.3687830366167777,0.34775325862425926,0.32013319827569864
2024-03-22,0.21615307546487497,0.32299404827120687,0.3214332219923824,0.24932239601894096
2024-03-23,-0.02730909402940968,0.21790310558102188,0.251684758788024,
2024-03-24,0.2946842563686086,0.2409374508172979,0.26028465830414094,
2024-03-25,0.42315361146756914,0.2956022990123792,0.2928584489368266,0.2155923597135507
2024-03-26,0.3362818092990543,0.30780615209838175,0.30154312100927216,0.22158797545064438
2024-03-27,0.26230067361762627,0.2941545085541551,0.293694631530943,0.2886696585864535
2024-03-28,0.44160979574989706,0.33839109471287765,0.3232776643747338,0.22460166712601978
2024-03-29,0.44092869528440715,0.3691523748843365,0.3468078705566685,0.2737192940284614
2024-03-30,0.35518832482211954,0.3649631598656714,0.34848396140975874,
2024-03-31,0.28809776144326465,0.3419035403389494,0.33640672141645994,
2024-04-01,0.4972273017766369,0.3885006687702556,0.36857083748849534,0.26845472479709925
2024-04-02,0.33025630928608246,0.37102736092500366,0.3609079318480128,0.27955706148715137
2024-04-03,0.17443384303860757,0.31204930555908483,0.32361311408613175,0.2116837296201222
2024-04-04,0.18511109303463308,0.27396784180174927,0.295912709875832,0.15763019663018524
2024-04-05,-0.012724460295099042,0.18796015117269477,0.2341852758416458,0.057904733366421136
2024-04-06,0.05781753888252632,0.14891736748564421,0.1989117284498219,
2024-04-07,0.3182690172523879,0.1997228624156673,0.22278318621033513,
2024-04-08,0.3263927621735881,0.2377238323430435,0.24350510140298576,0.19134655127142156
2024-04-09,0.40625893196906626,0.2882843622308503,0.27605586751620187,0.3061423110568382
2024-04-10,0.20855166795299374,0.2643645539474933,0.26255502760356025,0.2895498031637434
2024-04-11,0.23591851918476195,0.2558307435186739,0.2572277259198006,0.23017653939986737
2024-04-12,0.2584364984802988,0.25661247000716136,0.25746948043190027,0.3054142742625476
2024-04-13,0.10314984191288791,0.21057368157887932,0.2266055527280978,
2024-04-14,-0.24950147349138047,0.07255113505780138,0.13138414748420216,
2024-04-15,0.2523901462450092,0.12650283841396373,0.15558534723636358,0.16934451792909738
2024-04-16,0.08425785067442854,0.11382934209210316,0.14131984792397656,0.1745964537013133
2024-04-17,0.27191317616886057,0.1612544923151304,0.16743851357295336,0.14797205199361363
2024-04-18,0.3497668660461084,0.21780820443442378,0.20390418406758437,0.19067381638885406
2024-04-19,0.09962241442579972,0.18235246743183656,0.18304783013922746,0.25776393919546564
2024-04-20,0.08361502229044698,0.1527312338894197,0.16316126856947136,
2024-04-21,-0.04587595611368513,0.09314907688848825,0.12135382363284006,
2024-04-22,0.27581915323768635,0.1479500997932477,0.15224688955380933,0.18510919620404145
2024-04-23,0.2747721500498684,0.1859967148702339,0.17675194165302116,0.20366867891876528
2024-04-24,0.3650466020232238,0.23971168101613088,0.2144108737270617,0.26379114064814096
2024-04-25,0.41312717793589576,0.29173633009206035,0.2541541345688285,0.25429410513043044
2024-04-26,0.4231475566716579,0.3311596980659396,0.2879528189893944,0.22861835039106582
2024-04-27,0.1714818754458222,0.28325635127990434,0.26465863028068,
2024-04-28,0.27709250230564186,0.2814071965876256,0.2671454046856724,
2024-04-29,0.4010819508013814,0.31730962285175235,0.2939327139088142,0.25638519905829454
2024-04-30,0.32256274856462586,0.3188855605656144,0.2996587208399766,0.19759506679286054
2024-05-01,0.08640407244913662,0.24914111413067105,0.2570077911618086,0.1558791689449288
2024-05-02,0.16052765430780824,0.2225570761838122,0.23771176379100856,0.1317889581871891
2024-05-03,0.3131741654950303,0.24974220297717764,0.2528042441318129,0.10842269255408964
2024-05-04,0.007644131414629705,0.17711278150841325,0.20377222158837627,
2024-05-05,0.2531738571665237,0.19993110420584637,0.21365254870400577,
2024-05-06,0.4249175313552465,0.2674270323506664,0.2559055452342539,0.1843396200756751
2024-05-07,0.3869644888718549,0.30328826930702296,0.28211733396177413,0.23808467195814717
2024-05-08,0.29015562007757456,0.29934847453818847,0.2837249911849342,0.11280018280556658
2024-05-09,0.40443735132840547,0.33087513757525355,0.30786746321362846,0.08622185439765453
2024-05-10,0.3716695205693959,0.3431134524734962,0.32062787468478193,0.1693130965578343
2024-05-11,0.10108324918870958,0.2705043914880602,0.2767189495855675,
2024-05-12,0.19081827311435204,0.24659855597594776,0.2595388142913244,
2024-05-13,0.3025735516925959,0.2633910546909422,0.26814576177157873,0.2189300224546805
2024-05-14,0.38587966259821493,0.300137637063124,0.29169254193690597,0.23255082470820332
2024-05-15,0.32540616357237856,0.30771819501590036,0.2984352662640005,0.18248109864251794
2024-05-16,0.4287198660379512,0.3440186963225156,0.32449218621879067,0.2234915459571883
2024-05-17,0.4185665702778596,0.3663830585091188,0.3433070630306045,0.24963487126320952
2024-05-18,0.28989418166777725,0.34343639545671634,0.332624486758039,
2024-05-19,0.21693729517708052,0.3054866653728256,0.3094870484418474,
2024-05-20,0.40555913343314753,0.33550840579092217,0.3287014654401074,0.2623683474666049
2024-05-21,0.27700100083021595,0.3179561843027103,0.3183613725181291,0.24421230420260362
2024-05-22,0.37372639698178295,0.3346872481064321,0.3294343774108599,0.14960382611597658
2024-05-23,0.2319801308106391,0.30387511291769415,0.3099435280908157,0.19812734301413307
2024-05-24,0.19269101402635705,0.27051988325029297,0.286493025277924,0.1966758782764546
2024-05-25,0.25352356729792874,0.2654209884645837,0.2798991336819249,
2024-05-26,0.09560838840079548,0.2144772084454472,0.24304098462569906,
2024-05-27,0.4332065515651366,0.280096011381354,0.2810740980135866,0.2117727617788837
2024-05-28,0.3240760029824824,0.2932900088616925,0.28967447900736576,0.23333793901969904
2024-05-29,0.2900718592404102,0.29232456397530776,0.28975395505397467,0.22325529341666114
2024-05-30,0.25867690722918685,0.28223026695147146,0.28353854548901714,0.2090568102769346
2024-05-31,0.2660794816806184,0.27738503137021553,0.2800467327273374,0.15090409961611234
2024-06-01,0.16398892894155404,0.24336620064161707,0.25683517197018074,
2024-06-02,0.25490092755471533,0.24682661871554656,0.25644832308708765,
2024-06-03,0.3141054223049781,0.267010259792376,0.26797974293066573,0.20664598681558655
2024-06-04,0.24308550154975572,0.2598328323195899,0.26300089465448373,0.14678442659800056
2024-06-05,0.2750643017593205,0.2644022731515091,0.2654135760754511,0.12780301579066952
2024-06-06,0.33881356119553546,0.28672565956471696,0.280093573099468,0.19688811012440258
2024-06-07,0.3166469998104146,0.2957020616384263,0.2874042584416573,0.3022747380096884
2024-06-08,0.06248316066592124,0.22573639134667475,0.2424200388865101,
2024-06-09,0.1002722747660988,0.18809715637250196,0.21399048606242785,
2024-06-10,0.11090699793178425,0.16494010884028665,0.19337378843629913,0.14175675000577048
2024-06-11,0.1858772494388816,0.17122125101986513,0.19187448063681564,0.07720961512650473
2024-06-12,0.31591099881073165,0.21462817535712508,0.21668178427159884,0.16377723176489797
2024-06-13,0.23942383364405273,0.22206687284320337,0.22123019414608963,0.20093483259286338
2024-06-14,0.1895961579926517,0.21232565838803785,0.21490338691540206,0.18430750078443092
2024-06-15,0.13702198328949164,0.18973455585847399,0.19932710619021998,
2024-06-16,0.1680497903977671,0.1832291262202619,0.1930716430317294,
2024-06-17,0.2533129613854334,0.20425427676981334,0.20511990670247024,0.12739613790263168
2024-06-18,0.33066195125492026,0.2421765791153454,0.23022831561296025,0.1598699785442683
2024-06-19,0.4014958505876111,0.2899723605570251,0.26448182260789044,0.23435708104857597
2024-06-20,0.25844592729968957,0.2805144305798244,0.2632746435462503,0.2852510002316888
2024-06-21,0.22935051723514627,0.2651652565764209,0.2564898182840295,0.2603225024391008
2024-06-22,0.03330414596023739,0.19560692339156588,0.21185268381927108,
2024-06-23,-0.008405777073443635,0.134403113252063,0.16780099164072815,
2024-06-24,0.10110310002540548,0.12441310928406574,0.1544614133176636,0.12962852431018632
2024-06-25,0.25778874967097726,0.16442580140013918,0.17512688058832634,0.19905126377319296
2024-06-26,0.35534738196501686,0.22170227556960248,0.21117098086366445,0.2307393553402664
2024-06-27,0.3042019645196532,0.24645218225461768,0.22977717759486221,0.3102381421966242
2024-06-28,0.3013553422765854,0.26292313026120795,0.24409281053120685,0.2400960409608872
2024-06-29,0.11580711960656724,0.2187883270648157,0.21843567234627895,
2024-06-30,0.004197606616295298,0.15441111093025958,0.17558805920028223,
2024-07-01,0.4014952208557152,0.22853634390789626,0.22076949153136882,0.21998321503388624
2024-07-02,0.2674067048796259,0.24019745219941516,0.23009693420102026,0.3174800716997946
2024-07-03,0.27875826440999313,0.25176569586258857,0.23982920024281484,0.19992643617304792
2024-07-04,0.28271131205775474,0.2610493807211384,0.24840562260580282,0.3027975266488138
2024-07-05,0.23957901455366792,0.25460827087089727,0.24664030099537584,0.29274208639360816
2024-07-06,0.159387752794885,0.22604211544809358,0.2291897913552777,
2024-07-07,0.09239160032637084,0.18594696091157675,0.20183015314949634,
2024-07-08,0.015371611734869284,0.1347743561585645,0.16453844486657093,0.20099288657334916
2024-07-09,0.31393978240066456,0.18852398403119452,0.19441871237338967,0.1905689543899788
2024-07-10,0.2334332249148167,0.20199675629628117,0.2022216148816751,0.06459898713144427
2024-07-11,0.3421367278308625,0.24403874775665557,0.2302046374715126,0.19144122508114536
2024-07-12,0.285214432031904,0.25639145303923006,0.2412065963835909,0.19912700346779239
2024-07-13,0.1245568429433568,0.21684107001046807,0.21787664569554407,
2024-07-14,-0.23732512888486915,0.08059121034186689,0.12683629077946143,
2024-07-15,0.25561723776247475,0.13309901856804923,0.1525924801760641,0.29381257135626726
2024-07-16,0.25919836331686896,0.17092882199269516,0.1739136568042251,0.32697139016226573
2024-07-17,0.2501702781912109,0.19470125885224987,0.18916498108162227,0.29019233850496157
2024-07-18,0.22020716450133404,0.20235303054697512,0.19537341776556466,0.16540276689706143
2024-07-19,0.21210107114884266,0.20527744272753537,0.19871894844222027,0.2771893906086756
2024-07-20,-0.054374973706160644,0.12738171779742657,0.14810016401254408,
2024-07-21,-0.1627871304468698,0.040331063324137655,0.0859227051206613,
2024-07-22,0.24522680299510435,0.10179978522542767,0.11778352469554991,0.09812492674383964
2024-07-23,0.2030367110890371,0.13217086298451047,0.13483416197424736,0.21270469474765633
2024-07-24,0.06425133287662366,0.11179500395214442,0.12071759615472262,0.19124469427059354
2024-07-25,0.20726260855040438,0.14043528533162242,0.13802659863385897,0.11831882518135296
2024-07-26,0.18136465729801518,0.15271409692154023,0.14669421036669023,0.18163911306744446
2024-07-29,0.3238116891635837,0.20404337459415328,0.18211770612606892,
2024-07-30,0.3221675377254875,0.23948062353355354,0.21012767244595265,0.11916482562543058
2024-07-31,0.2612776720419423,0.24601973808607014,0.22035767236515058,0.17997687677826468
2024-08-01,0.30690727966908193,0.2642860005609737,0.23766759382593686,0.15747749116556944
2024-08-02,0.052809321692231855,0.20084299690035112,0.2006959393991959,0.1116411672871599
2024-08-03,-0.033652578938406535,0.13049432414872383,0.15382623573167542,
2024-08-04,-0.030353931845941887,0.08223984735032411,0.11699020221615196,
2024-08-05,-0.18985069988813497,0.0006126831787863843,0.055622021795294574,0.04141132067272205
2024-08-06,0.237572089201569,0.07170050498562117,0.09201203527654947,-0.14437934369815503
2024-08-07,0.3755217573947745,0.16284688070836717,0.14871397970019448,0.14625099983910592
2024-08-08,0.11190245984001987,0.14756355444786295,0.14135167572815957,0.1773842394640162
2024-08-09,0.36987256967100507,0.21425625901480558,0.18705585451672868,0.16890366636164392
2024-08-10,0.10666670692264388,0.18197939338715707,0.17097802499791173,
2024-08-11,0.03961462788681543,0.13926996373705458,0.14470534557569248,
2024-08-12,0.1949512707854539,0.15597435585157438,0.15475453061764477,0.09716889038440642
2024-08-13,0.23818468640468293,0.18063745501750694,0.1714405617750524,0.20830944580671448
2024-08-14,0.14605841142123033,0.17026374193862395,0.166364131704288,0.18745486926012975
2024-08-15,0.26812954889926527,0.19962348402681634,0.18671721514328343,0.11704431179616796
2024-08-16,0.39381167404702966,0.2578799410328803,0.2281361069240327,0.19648610436590389
2024-08-17,0.04232210582881521,0.19321259047166078,0.19097330670498922,
2024-08-18,0.27607300972155313,0.21807071624662847,0.20799324730830202,
2024-08-19,0.26193371764305284,0.23122961666555575,0.21878134137525218,0.11615764928998751
2024-08-20,0.22828897659713934,0.23034742464503083,0.22068286841962964,0.21685011585788258
2024-08-21,0.19031242614756208,0.21833692509579017,0.21460877996521613,0.16464041250449232
2024-08-22,0.17701037761601623,0.20593896085185798,0.20708909949537618,0.2294746103880843
2024-08-23,0.2377398620353432,0.21547923120690354,0.2132192520033696,0.15602269004755243
2024-08-24,0.15576769104705024,0.19756576915894752,0.20172893981210574,
2024-08-25,-0.10305169755997864,0.10738052914326966,0.14077281233768887,
2024-08-26,0.27246072743105015,0.1569045886296038,0.16711039535636113,0.16520629619371216
2024-08-27,0.21611560158983925,0.17466789251767442,0.17691143660305675,0.1062137003740342
2024-08-28,0.209887984861976,0.18523392022096488,0.1835067462548406,0.16730854072242599
2024-08-29,0.24942950686373236,0.20449259621379512,0.19669129837661897,0.11005505771266803
2024-08-30,0.3507174543262302,0.2483600536475256,0.22749652956654123,0.11301347276783369
2024-08-31,0.13357581561731716,0.21392478223846306,0.20871238677669646,
2024-09-01,0.15736972027253815,0.19695826364868557,0.1984438534758648,
2024-09-02,0.18003753154750443,0.19188204401833123,0.19476258909019273,0.1720003548604068
2024-09-03,0.2661627850008717,0.21416626631309335,0.20904262827232853,0.2459253073415973
2024-09-04,0.05589887641869016,0.16668604934477238,0.17841387790160088,0.16767023696380406
2024-09-05,0.22028598367661528,0.18276602964432526,0.18678829905660377,0.23780584783246034
2024-09-06,0.21022143803753174,0.19100265216228718,0.19147492685278938,0.2099185487260395
2024-09-07,-0.03836346204061731,0.12219281790141581,0.14550724907410806,
2024-09-08,0.179236828343363,0.13930602103399994,0.15225316492795907,
2024-09-09,0.12142857153365319,0.1339427861838959,0.1460882462490979,0.11507361106193312
2024-09-10,0.3133197299554504,0.18775586931536223,0.17953454299036842,0.2106477637134202
2024-09-11,0.1471629000816661,0.17557797854525337,0.17306021440862795,0.16361163981933488
2024-09-12,0.3365957731582034,0.22388331692913838,0.20576732615854304,0.18419161689364247
2024-09-13,0.28168894403185774,0.24122500505995417,0.220951649733206,0.23211680058175357
2024-09-14,0.2433284403960829,0.24185603566079278,0.2254270078657814,
2024-09-15,-0.050367997524323804,0.15418882570525777,0.17026800678776038,
2024-09-16,0.03310474174954285,0.11786360051854329,0.14283535378011689,0.18159721541771634
2024-09-17,0.13211289536691487,0.12213838897305476,0.1406908620974765,0.02292371672931416
2024-09-18,0.1909241941513367,0.14277413052653934,0.15073752850824856,0.15462447343179364
2024-09-19,0.362300401477674,0.20863201181187974,0.19305010310213366,0.18750378282754931
2024-09-20,0.3637609653671049,0.25517069787844726,0.22719227555512791,0.26997624662203284
2024-09-21,0.08263562039885305,0.203410174634569,0.19828094452387296,
2024-09-22,-0.05871478381217089,0.12477268710054704,0.14688179885666422,
2024-09-23,0.3861774082924187,0.2031941034581085,0.19474092074381513,0.19852577867339374
2024-09-24,0.44577508431020185,0.2759683977137365,0.24494775345709247,0.17467069005688785
2024-09-25,0.4660966226763251,0.3330068652025131,0.28917752730093904,0.33552486264767745
2024-09-26,0.4474259153367919,0.3673325802427967,0.3208272049081096,0.2623962162917485
2024-09-27,0.5580110138925236,0.42453611033771477,0.36826396670499245,0.3214371364586306
2024-09-28,0.0020191586767294356,0.29778102483941915,0.2950150050993398,
2024-09-29,0.2847213876273858,0.29386313367580913,0.292956281604949,
2024-09-30,0.5540903130937701,0.3719312875011974,0.34518308790271324,0.2407515735834735
2024-10-01,0.04479287199613819,0.27378976284967965,0.28510504472139825,0.09003264205844215
2024-10-02,0.21408212661576537,0.2558774719795054,0.27090046110027166,-0.03912184886754521
2024-10-03,0.09780923712977095,0.20845700152458504,0.23628221630617152,0.1516651551515063
2024-10-04,0.2230756920404159,0.2128426086793343,0.2336409114530204,-0.05688098957153054
2024-10-05,0.15917972176407863,0.19674374260475758,0.21874867351523206,
2024-10-06,0.28390245800183206,0.2228913572238799,0.23177943041255206,
2024-10-07,0.22622450410326322,0.2238913012876949,0.2306684451506943,0.07207964693728205
2024-10-08,0.4217740242015928,0.28325611816186425,0.268889560960874,0.2592057754476809
2024-10-09,0.22059555975395945,0.2644579506394928,0.25923076071949114,0.15520598379622366
2024-10-10,0.4048213083341575,0.3065669579478922,0.28834887024242445,0.2681109969819226
2024-10-11,0.2183778334831454,0.28011022060846813,0.27435466289056865,0.25703431865157084
2024-10-12,0.3081485093300798,0.28852170722495163,0.2811134321784709,
2024-10-13,0.08623875836961538,0.22783682256835075,0.2421384974166998,
2024-10-14,0.4932068326873143,0.3074478256040398,0.2923521644708227,0.27425474677658346
2024-10-15,0.13464391501608608,0.2556066524276537,0.26081051457987536,0.2859510018733768
2024-10-16,0.30033315974998986,0.2690246046243545,0.2687150436138983,0.18959018234431782
2024-10-17,0.413709181701512,0.3124299777475017,0.29771387123142107,0.2698238457361845
2024-10-18,0.5048393453205008,0.37015278801940144,0.339138966049237,0.23494048671933734
2024-10-19,0.20607470130344582,0.32092936200461475,0.3125261131000788,
2024-10-20,0.23745397473646312,0.29588674582416924,0.2975116854273557,
2024-10-21,0.501852972481021,0.35767661382122473,0.33837994283808875,0.2709223722769482
2024-10-22,0.3556328516386583,0.3570634851664548,0.3418305245982027,0.30765246511660677
2024-10-23,0.3649464447271863,0.35942837303467423,0.34645370862399943,0.286027877842037
2024-10-24,0.2448238473485357,0.3250470153288327,0.3261277363689067,0.2199399922582166
2024-10-25,0.41032759288676307,0.3506311885962118,0.342967707672478,0.2195158985202107
2024-10-26,-0.04656598637885754,0.23147203610369096,0.26506096886221087,
2024-10-27,0.10139025125880631,0.19244750065022553,0.23232682534152999,
2024-10-28,0.4828108228102792,0.2795564972982416,0.28242362483527983,0.17377691468746898
2024-10-29,0.43348893405893796,0.3257362283264505,0.3126366866800115,0.2520171929395453
2024-10-30,0.40889274415806165,0.3506831830759338,0.33188789817562153,0.23967575507810002
2024-10-31,0.34788148247118106,0.349842672894508,0.33508661503473347,0.16043640083336713
2024-11-01,0.39642827830033656,0.36381835451625655,0.34735494768785413,0.11476880108833543
2024-11-02,0.14020261355041508,0.2967336322265041,0.30592448086036633,
2024-11-03,0.13246589170488637,0.24745331007001878,0.27123276302927035,
2024-11-04,0.45343130801813164,0.30924670945445265,0.3076724720270426,0.2145718500148832
2024-11-05,0.4958797175026237,0.365236611868904,0.34531392112215886,0.24932360397023293
2024-11-06,0.39643736367517063,0.374596837410784,0.35553860963276124,0.3552115723120653
2024-11-07,0.4168922165646515,0.38728545115694424,0.3678093310191393,0.25566475603512195
2024-11-08,0.3297900643660696,0.3700368351196818,0.3602054776885254,0.260930161836747
2024-11-09,0.18517956450882248,0.31457965393642395,0.32520029505258485,
2024-11-10,0.1797935094822336,0.27414381060016685,0.2961189379385146,
2024-11-11,0.42002258111417595,0.3179074417543696,0.3208996665736469,0.2315664861504872
2024-11-12,0.311389833056383,0.3159521591449736,0.3189976998701941,0.3215954491860281
2024-11-13,0.28446588361813113,0.30650627648692086,0.3120913366197815,0.22497877658066087
2024-11-14,0.2267828196551619,0.28258923943739317,0.2950296332268576,0.26687310905781275
2024-11-15,0.3215416069538954,0.2942749496923438,0.30033202797226516,0.24614193869805773
2024-11-16,0.1336647518307158,0.24609189033385537,0.2669985727439553,
2024-11-17,0.23519220067864627,0.2428219834372926,0.2606372983308935,
2024-11-18,0.3630255365323636,0.2788830493658139,0.2811149459711875,0.18663945892658182
2024-11-19,0.506531042133232,0.34717744719603927,0.32619816520359646,0.25165640246402754
2024-11-20,0.47478020888392386,0.38545827570240465,0.35591457393966197,0.20649598187484433
2024-11-21,0.3795954010148069,0.3836994132961253,0.360650739354691,0.26947624084272476
2024-11-22,0.2778761835930365,0.3519524443851986,0.3440958282023601,0.19748111372185884
2024-11-23,0.18027194983636338,0.30044829602054807,0.31133105252916077,
2024-11-24,0.05855354331616385,0.22787987020923278,0.2607755506865614,
2024-11-25,0.35184888398511405,0.26507057434199716,0.27899021734627194,0.1818646932781202
2024-11-26,0.26807273301944534,0.2659712219452316,0.27680672048090665,0.1698571690352912
2024-11-27,0.2830674987139772,0.27110010497585524,0.2780588761275208,0.17110521085850489
2024-11-28,0.3272775229804152,0.2879533303772232,0.28790260549809965,0.2748421142063074
2024-11-29,0.4127050845035866,0.3253788566151322,0.31286310129919703,0.25484145593398944
2024-11-30,0.2009221709214468,0.28804185090702655,0.290474915223647,
2024-12-01,0.3686345148927126,0.31221965010273234,0.3061068351574601,
2024-12-02,0.46033997184930564,0.3566557466267043,0.33695346249582925,0.2887137240626827
2024-12-03,0.3853397072611018,0.36526093481702354,0.34663071144888374,0.27092410014367274
2024-12-04,0.20598627414945925,0.31747853661675424,0.31850182398899884,0.15508126760830387
2024-12-05,0.35501332758294957,0.32873897390661283,0.32580412470778897,0.18047983102776385
2024-12-06,0.29436577566711575,0.3184270144347637,0.31951645489965436,0.2857095066511764
2024-12-07,0.1058802819599348,0.254662994692315,0.27678922031171044,
2024-12-08,0.06702167572151464,0.1983705990010749,0.2348357113936713,
2024-12-09,0.24004916386592784,0.21087416846053075,0.23587840188812262,0.15552266813899238
2024-12-10,0.3469212308594708,0.25168828718021274,0.25808696768239225,0.31933956937473007
2024-12-11,0.3037483127382578,0.26730629484762625,0.2672192366935654,0.23422688278435272
2024-12-12,0.3474767234949416,0.29135742344182086,0.2832707340538406,0.22383458937815665
2024-12-13,0.2635723145500383,0.2830218907742861,0.2793310501530802,0.22907101911382702
2024-12-14,0.18772808440366323,0.2544337488630992,0.2610104570031968,
2024-12-15,0.3300514132494018,0.27711904817898997,0.2748186482524378,
2024-12-16,0.37078591028797697,0.30521910681168607,0.29401210065954564,0.243356820092352
2024-12-17,0.20426569681021048,0.2749330838112434,0.2760628198896786,0.26035141522812183
2024-12-18,0.3533412683249858,0.2984555391653661,0.2915185095767401,0.18159498667198984
2024-12-19,0.12724784598271202,0.24709323121056986,0.2586643768579345,0.2402653824201595
2024-12-20,0.36435074356785424,0.28227048491775514,0.27980165019991843,0.20789118412004454
2024-12-21,0.09975787244684627,0.22751670117648248,0.24379289464930398,
2024-12-22,0.2696894005500416,0.2401685109885502,0.24897219582945151,
2024-12-23,0.38333902139336834,0.2831196641099956,0.2758455609422349,0.13524889565070977
2024-12-24,0.40591770318025755,0.3199590758310742,0.30185998938983943,0.3188981739681836
2024-12-25,0.37171016767439,0.33548440338406893,0.31583002504674956,0.3082695647364309
2024-12-26,0.43648950475895365,0.36578593379653435,0.3399619209891904,0.2566638788050314
2024-12-27,0.43026806226058334,0.38513057233574904,0.358023149243469,0.24853930449579548
2024-12-28,0.13497974793011597,0.31008532501405905,0.3134144689807984,
2024-12-29,0.05833013441811487,0.23455876783527577,0.2623976020682617,
2024-12-30,0.3318608657983126,0.2637493972241868,0.2762902548142719,0.1907660573711068
2024-12-31,0.29935150586954823,0.2744300298177952,0.2809025050253272,0.29663555003364805
2025-01-01,0.3261774500288818,0.28995425588112117,0.28995749402603815,0.3385186635266327
2025-01-02,0.22635956235111707,0.27087584782211993,0.27723790769105394,0.3324754874457228
2025-01-03,0.2617166505744543,0.26812808864782023,0.274133656267734,0.31621413548821453
2025-01-04,0.17192822442530029,0.23926812938106423,0.25369256989924727,
2025-01-05,0.14455989392873073,0.21085565874536416,0.23186603470514397,
2025-01-06,0.2683130804226439,0.2280928852485481,0.23915544384864396,0.25222412147559226
2025-01-07,0.3402907328810466,0.2617522395382976,0.2593825016551245,0.23478377282334803
2025-01-08,0.3544969963086177,0.28957566656939365,0.27840540058582314,0.22758676284633644
2025-01-09,0.35228257295389415,0.30838773848474377,0.2931808350594374,0.20019038167079944
2025-01-10,0.2297915023621111,0.284808867647954,0.28050296851997214,0.24129376336242314
2025-01-11,0.11343627643231073,0.233397090283261,0.24708963010243987,
2025-01-12,0.1657075168233428,0.2130902182452855,0.23081320744662046,
2025-01-13,0.35754540640432225,0.2564267746929965,0.2561596472381608,0.17374194121773587
2025-01-14,0.4381911586931123,0.31095608989303125,0.2925659495291511,0.16659950075725702
2025-01-15,0.3290074025932582,0.3163714837030993,0.29985424014197254,0.26043632073733625
2025-01-16,0.3966465113754695,0.34045399200481036,0.31921269438867195,0.21492735424990853
2025-01-17,0.35939250357509794,0.3461355454758966,0.32724865622595717,0.11812813402298926
2025-01-18,0.17312320448734142,0.29423184317933,0.29642356587823404,
2025-01-19,0.10311546562081005,0.236896929911774,0.2577619458267493,
2025-01-20,0.4475691657326075,0.3000986006580241,0.2957233898079209,-0.009592494017506472
2025-01-21,0.3281074348913644,0.30850125092802616,0.3022001988246096,0.2510744014604439
2025-01-22,0.2546415445252132,0.29234333900718223,0.2926884679647303,0.23739978528192526
2025-01-23,0.44413614836339654,0.3378811818140465,0.32297800404446353,0.2475359754827786
2025-01-24,0.3746407478518949,0.34890905162540103,0.3333105528059498,0.11500875333360597
2025-01-25,0.15485719982840912,0.29069349608630346,0.29761988221044167,
2025-01-26,0.3779452281072736,0.31686901569259446,0.31368495138980806,
2025-01-27,0.24004198091178394,0.29382090525835125,0.2989563572942033,0.13095124936092042
2025-01-28,0.08374699537924836,0.2307987322946204,0.2559144849112123,0.003230500448909072
2025-01-29,0.23380418591201305,0.23170036837983818,0.2514924251113725,0.20038750214017417
2025-01-30,0.04311553299871843,0.17512491776550226,0.20981704668884169,0.2153203219661246
2025-01-31,0.15662359851639868,0.1695745219907712,0.1991783570543531,0.11274835119449905
2025-02-01,0.12134600628066708,0.15510596727773995,0.1836118868996159,
2025-02-02,0.09164002751264246,0.1360661853482107,0.16521751502222123,
2025-02-03,-0.049654266412398514,0.08035004982002791,0.12224315873529729,0.2502190799020275
2025-02-04,0.3041925044663566,0.1475027862139265,0.15863302788150915,-0.1143752666542195
2025-02-05,0.3842562432291315,0.218528823318488,0.20375767095103364,0.1461980861922105
2025-02-06,0.45390402565075866,0.28914138401816913,0.25378694189097867,0.2072673065974465
2025-02-07,0.4365547655866696,0.33336539848871927,0.2903405066301169,0.17533917196454166
2025-02-08,0.1004486221593418,0.263490365589906,0.2523621297359619,
2025-02-09,0.19761287989585022,0.24372711988168927,0.24141227976793958,
2025-02-10,0.5365306876880129,0.33156819022358636,0.3004359613519543,0.24445321842001835
2025-02-11,0.325893359562686,0.32986574102531624,0.3055274409941007,0.3044087161586778
2025-02-12,0.35593297190748024,0.3376859102899654,0.3156085471767766,0.20880546302746242
2025-02-13,0.34165248194244313,0.3388758817857087,0.3208173341299099,0.16626889536169587
2025-02-14,0.406691611134046,0.3592206005902099,0.3379921895307372,0.21794699026810424
2025-02-15,0.18173115973417855,0.3059737683334005,0.30673998357142546,
2025-02-16,0.1841111780968981,0.2694149912624498,0.28221422247652,
2025-02-17,0.4376379324776652,0.31988187362701437,0.3132989644767491,0.2706588147355713
2025-02-18,0.4255865967012824,0.3515932905492948,0.3357564909216558,0.25228258018692334
2025-02-19,0.4951738519822193,0.3946674589791721,0.36763996313376857,0.26242132307966703
2025-02-20,0.3346115858124501,0.3766506970291555,0.3610342876695049,0.2679443582868228
2025-02-21,0.5323970250340053,0.4233745954306104,0.395306835142405,0.2749697033610764
2025-02-22,0.14896406974223791,0.3410514377240986,0.3460382820623716,
2025-02-23,0.3486310558737348,0.34332532316898945,0.3465568368246443,
2025-02-24,0.42678049369134047,0.3683618743256947,0.36260156819798356,0.2822729778560725
2025-02-25,0.3743620811938823,0.37016193638615097,0.36495367079716334,0.24144300468610363
2025-02-26,0.518730309791863,0.41473244840786455,0.3957089985961033,0.10925238786103465
2025-02-27,0.3130070654291461,0.384214833514249,0.3791686119627119,0.291998613590266
2025-02-28,0.151761332223277,0.3144787831269574,0.3336871560148249,0.19696309905600748
2025-03-01,0.06125670941323367,0.23851216101284023,0.27920106669450667,
2025-03-02,0.2370007244783786,0.23805873005250172,0.2707609982512811,
2025-03-03,0.41442845859867933,0.290969648616355,0.29949449032076075,0.21750314174346744
2025-03-04,0.2429418692469825,0.27656131480554325,0.2881839661060051,0.34897590823333935
2025-03-05,0.5161037152284577,0.3484240349324176,0.3337679159304956,0.12000395053239651
2025-03-06,0.545754830615347,0.4076232736372964,0.3761652988674659,0.2970248670358059
2025-03-07,0.26423631018600113,0.3646071846019078,0.353779501131173,0.28354588387462815
2025-03-08,0.10340724261994991,0.2862472020073204,0.3037050494289284,
2025-03-09,0.2542729683752571,0.2766549319177014,0.2938186332181941,
2025-03-10,0.36368237171813794,0.30276316385783236,0.3077913809181829,0.22048182172336797
2025-03-11,0.27479251610576166,0.2943719695322111,0.30119160795569866,0.16015200988366837
2025-03-12,0.4103988953590565,0.32918004728026473,0.3230330654363702,0.20931148193735938
2025-03-13,0.35806701207782016,0.33784613671953134,0.3300398547646602,0.16992512723607114
2025-03-14,0.47860066291326897,0.3800724945776526,0.3597520163943819,0.19320597239758497
2025-03-15,0.11197759451551066,0.29964402455900996,0.3101971320186077,
2025-03-16,-0.09391332355822583,0.1815768201238392,0.229375040903241,
2025-03-17,0.4792681086725004,0.27088420668843755,0.2793536544570929,0.12948254027565395
2025-03-18,0.4805425498354288,0.3337817096325349,0.3195914335327601,0.19750349522450739
2025-03-19,0.39178313525517783,0.35118213731932774,0.33402977387724364,0.15983210152559119
2025-03-20,0.3531398601735094,0.3517694541755822,0.3378517911364968,0.11699001364810678
2025-03-21,0.23871209262290247,0.31785224570977827,0.318023851433778,0.16986372723935755
2025-03-22,0.09022191193338722,0.24956314557686093,0.2724634635336998,
2025-03-23,0.12331371153459737,0.21168831536418184,0.24263351313387935,
2025-03-24,0.4116740298491937,0.2716840297096854,0.2764416164769422,0.1302904036804923
2025-03-25,0.25765748193162014,0.26747606537626584,0.2726847895678778,0.21858155309157662
2025-03-26,0.4068515778046616,0.3092887191047845,0.29951814721523456,0.2626809967083629
2025-03-27,0.25296066571871867,0.29239030308896474,0.2902066509159314,0.26886005619120873
2025-03-28,0.3274571594141763,0.30291035998652815,0.2976567526155804,0.19887720669617887
2025-03-29,-0.0831188938160122,0.18710158384576603,0.22150162332926188,
2025-03-30,0.31429124427720523,0.22525848197519777,0.24005954751885056,
2025-03-31,0.2909504142293224,0.24496606165143514,0.2502377208609449,0.16399028985281638
2025-04-01,0.32284634244674876,0.26833014589002924,0.2647594451781057,0.18897054467024407
2025-04-02,0.3500302066772499,0.2928401641261954,0.28181359747793455,0.21530848342589648
2025-04-03,0.09837166741572509,0.23449961511305428,0.24512521146549265,0.17005715882574804
2025-04-04,-0.2987757788022172,0.07451699693847283,0.1363450134119507,-0.1601755382474485
2025-04-05,-0.17002472837259053,0.0011544793451538221,0.07507106505504246,
2025-04-06,-0.04246582403898001,-0.011931611670086328,0.05156368723623797,
2025-04-07,-0.15903091114297777,-0.056061401511953754,0.009444767560394828,-0.27925209877328516
2025-04-08,0.4980345527112101,0.1101673847549954,0.10716272459055788,0.03865890665013782
2025-04-09,0.2110682564878991,0.1404376462748665,0.12794383097002612,0.3395794066254533
2025-04-10,0.4852385628087466,0.24387792123503052,0.19940277733777023,0.17464359877246372
2025-04-11,0.33582157600918183,0.27146101766727593,0.22668653707205255,0.22728822862454465
2025-04-12,0.08863411147387182,0.2166129458092547,0.19907605195241643,
2025-04-13,0.20039121801418633,0.2117464274707342,0.19933908516477042,
2025-04-14,0.5286838854303789,0.30682766485862756,0.2652080452178921,0.15847717528532948
2025-04-15,0.29674021862750954,0.30380143098929213,0.2715144798998156,0.28471180033694177
2025-04-16,0.24120503962191692,0.28502251357907954,0.26545259184423586,0.22574577148341785
2025-04-17,0.40568998922456634,0.32122275627272556,0.293500071320302,0.16748216928631857
2025-04-18,0.36725910580115456,0.3350336611312542,0.3082518782164725,0.09844289122994486
2025-04-19,0.14543059553433768,0.2781527414521793,0.27568762168004557,
2025-04-20,0.11873367184444386,0.23032702056985865,0.24429683171292524,
2025-04-21,0.4476421937518018,0.29552157252444156,0.28496590412070055,0.14661493305825582
2025-04-22,0.31049974604050795,0.30001502457926144,0.29007267250466207,0.09721395116548326
2025-04-23,0.4112240780932563,0.3333777406334599,0.3143029536223809,0.14060226066161247
2025-04-24,0.45270667280941135,0.3691764202862453,0.341983697459787,0.09861984899622997
2025-04-25,0.49417907764280056,0.40667721749321184,0.37242277349638975,0.0431164499030563
2025-04-26,0.11617694191128305,0.3195271348186332,0.3211736071793684,
2025-04-27,0.35062601361880824,0.3288567984586857,0.3270640884672564,
2025-04-28,0.5450684107123924,0.3937202821347977,0.3706649529162836,0.135724388683676
2025-04-29,0.4267674003913305,0.40363441761175756,0.38188544241129296,0.06566828420823988
2025-04-30,0.35553338238484383,0.3892041070436834,0.3766150304060032,0.04874052287823008
2025-05-01,0.13950297384918164,0.3142937670853329,0.32919261909463887,0.0779269998363434
2025-05-02,0.332079161697051,0.31962938546884834,0.32976992761512136,0.08346657249620205
2025-05-03,0.0547933603196588,0.24017857792409145,0.27477461415602883,
2025-05-04,0.1133424522116851,0.20212774021036953,0.24248818176716008,
2025-05-05,0.12101064722202116,0.177792612313865,0.2181926748581323,0.07269331691205147
2025-05-06,0.4615088980405303,0.2629074980318646,0.2668559194946119,0.05327877425016654
2025-05-07,0.38928386133648757,0.30082040702325147,0.29134150786298707,0.11457468766908524
2025-05-08,0.33857132604016976,0.31214568272832693,0.3007874714984236,0.21855398598355014
2025-05-09,0.31156769207608637,0.31197228553265477,0.30294351561395616,0.16012872857706886
2025-05-10,-0.07444368669901062,0.19604749386315515,0.22746607515136283,
2025-05-11,0.10056508464993957,0.16740277109919044,0.20208587705107817,
2025-05-12,0.42536253062513857,0.24479069895697486,0.24674120776589026,0.17256521419077725
2025-05-13,0.4167583868344188,0.29638100532020806,0.28074464357959594,0.22760580096956948
2025-05-14,0.41027475546285946,0.3305491303630035,0.3066506659562487,0.19983215470985605
2025-05-15,0.31687509392270413,0.32644691943091364,0.30869555154953976,0.2201799152945018
2025-05-16,0.2747763058075285,0.3109457353438981,0.3019117024011375,0.20990790116028551
2025-05-17,0.027352543277877638,0.22586777772409192,0.24699987057648554,
2025-05-18,0.1107196448227534,0.19132333785369035,0.21974382542573911,
2025-05-19,0.4576524488376202,0.2712220711488693,0.2673255501081153,0.16632687596923437
2025-05-20,0.4340192870146189,0.32006123590859414,0.30066429748941603,0.11255080194523596
2025-05-21,0.3981394186548687,0.34348469073247645,0.3201593217225066,0.1702605837570696
2025-05-22,0.2702576107853034,0.3215165667483245,0.310178979535066,0.26464080057054196
2025-05-23,0.1987633053792315,0.2846905883375966,0.2878958447038991,0.207514451441002
2025-05-24,0.07285771525072816,0.22114072641153604,0.24488821881326495,
2025-05-25,0.2440033016705906,0.2279994989892524,0.24471123538473008,
2025-05-26,0.3353393805083689,0.26020146344498735,0.26283686440945786,0.14770895403990786
2025-05-27,0.31767377537594405,0.27744315702427436,0.2738042466027551,0.256529107234313
2025-05-28,0.3803268617481659,0.30830826844144177,0.2951087696318373,0.19969164422917154
2025-05-29,0.371173801797242,0.3271679284481818,0.3103217760649183,0.21005581776045115
2025-05-30,0.23760689878967448,0.30029961955062956,0.29577880060986955,0.23832614222063428
2025-05-31,0.023901779033493192,0.21738026739548866,0.24140339629459429,
2025-06-01,0.2533285026419833,0.22816473796943704,0.2437884175640721,
2025-06-02,0.014061967420815766,0.16393390680485065,0.19784312753542085,0.17794913084811936
2025-06-03,0.4308645931131979,0.24401311269735482,0.2444474206509763,0.052683702477492794
2025-06-04,0.48896765756382515,0.3174994761572959,0.29335146803354606,0.16692575892256625
2025-06-05,0.31591986042308057,0.3170255914370313,0.29786514651145296,0.24365208166925578
2025-06-06,0.3290453848501747,0.3206315294609743,0.30410119417919734,0.22610322276343348
2025-06-07,0.0273990480134255,0.23266178502670964,0.248760764946043,
2025-06-08,0.0852460892835878,0.18843707630377307,0.21605782981355195,
2025-06-09,0.43015566145772993,0.2609526518499601,0.2588773961423876,0.11437550479173661
2025-06-10,0.3745654406348621,0.2950364884854306,0.2820150050408825,0.20814550123899206
2025-06-11,0.39535141771359744,0.3251309672538807,0.3046822875754255,0.20942660064007565
2025-06-12,0.38398008968793984,0.3427857039840984,0.3205418479979284,0.27604345235659744
2025-06-13,0.006657684077078302,0.24194729801199236,0.2577650152137584,0.019534627087495603
2025-06-14,-0.28963915002216817,0.0824713636017442,0.14828418216657308,
2025-06-15,-0.3093080311552515,-0.03506245482535452,0.05676573950220816,
2025-06-16,0.18823120687826933,0.03192564368573264,0.0830588329774204,-0.08831879327071172
2025-06-17,0.15296228273467619,0.0682366354004157,0.09703952292887155,0.11330019979454253
2025-06-18,0.3616847579243346,0.15627107215759137,0.14996856992796415,0.05758285046234226
2025-06-19,0.18101044205907815,0.1636928831280374,0.15617694435418694,0.17536519398871944
2025-06-20,0.17502678388630546,0.1670930533555178,0.15994691226061067,0.11738451710408758
2025-06-21,-0.024897935299302648,0.10949575675907165,0.12297794274862801,
2025-06-22,-0.3009650371769533,-0.013642481421735825,0.03818934676351175,
2025-06-23,0.1368982092937354,0.031519725792905545,0.057931119269556484,0.00691435527944591
2025-06-24,0.06893557941456267,0.04274448187940268,0.060132011298557726,0.05459597236269219
2025-06-25,0.34569564692483284,0.13362983139303172,0.11724473842381275,0.13844919000358719
2025-06-26,0.39168807043122794,0.21104730310449057,0.1721334048252958,0.22603486870062975
2025-06-27,0.35091183246804936,0.2530066619135582,0.2078890903538465,0.29442607971109325
2025-06-28,0.04744103021828309,0.19133697240497566,0.17579947832673382,
2025-06-29,0.025380134704842496,0.1415499210949357,0.14571560960235558,
2025-06-30,0.3910147282804521,0.2163893632505906,0.1947754333379749,0.18905430057974817
2025-07-01,0.30164954121926757,0.2419674166411937,0.21615025491423343,0.24420580863497987
2025-07-02,0.32298734306102306,0.2662733945671425,0.23751767254359135,0.18748409291783794
2025-07-03,0.40390415431377086,0.307562622491131,0.2707949688976273,0.23419628973942305
2025-07-04,0.32965724143284786,0.31419100817364604,0.28256742340467145,0.1896839849152054
2025-07-05,0.040156019560527056,0.23198051158971034,0.23408514263584257,
2025-07-06,0.052085929772984194,0.1780121370446925,0.1976853000632709,
2025-07-07,0.24963634611387564,0.19949939976544742,0.20807550927339186,0.06654762920008259
2025-07-08,0.3631643559169119,0.24859888661088675,0.23909327860209587,0.10479090579103792
2025-07-09,0.3855246697437063,0.2896766215507326,0.268379556830418,0.22645543898062878
2025-07-10,0.3929383338773218,0.32065513524870937,0.29329131223979876,0.17272100538363683
2025-07-11,0.37309617302095405,0.3363874465803828,0.3092522843960298,0.26906060823314254
2025-07-12,0.09089876734110158,0.26274084280859844,0.26558158098504414,
2025-07-13,0.14620613562089674,0.22778043065228792,0.24170649191221466,
2025-07-14,0.4482907172901058,0.29393351664363326,0.2830233369877929,0.13399776864567356
2025-07-15,0.3790041493220615,0.31945470644716173,0.30221949945464666,0.0204115709474964
2025-07-16,0.29098184380207404,0.31091284765363536,0.29997196832413214,0.20749638939222562
2025-07-17,0.3801253346347176,0.33167659374796,0.31600264158624924,0.2034788816435485
2025-07-18,0.4705161055538552,0.3733284472897285,0.34690533437977045,0.22214251603941507
2025-07-19,0.0017646179161036114,0.26185929847764106,0.27787719108703707,
2025-07-20,0.008863803237676618,0.18596064990565173,0.22407451351716498,
2025-07-21,0.4975003052392655,0.27942254650573584,0.27875967186158507,0.1428605226677388
2025-07-22,0.41814214774486863,0.32103842687747564,0.3066361670382418,0.23677543092382516
2025-07-23,0.43122387923324856,0.3540940625842075,0.33155370947724316,0.23683282420017707
2025-07-24,0.33794417849539937,0.34924909735756504,0.3328318032808744,0.23550917295918355
2025-07-25,0.26295112343902793,0.3233597051820039,0.31885566731250514,0.14526286083738885
2025-07-26,0.02707078015583218,0.23447302767415237,0.2604986898811706,
2025-07-27,0.17925553058020657,0.21790777854596863,0.2442500580209778,
2025-07-28,0.38669854364586326,0.268545008075937,0.2727397551459549,0.1659425395488512
2025-07-29,0.21302515241067585,0.25188905137635864,0.2607968345988991,0.12293521487876073
2025-07-30,0.32149280485963183,0.2727701774213406,0.27293602865104566,0.13735764556672905
2025-07-31,0.1945824750791832,0.24931386671869335,0.2572653179366732,0.14376521515116436
2025-08-01,0.2795455275565538,0.2583833649700515,0.2617213598606493,0.22282333468444435
2025-08-02,-0.016939734221670433,0.17578643521253492,0.2059891410441854,
2025-08-03,0.18087755063884253,0.1773137698404272,0.20096682296311683,
2025-08-04,0.3454093958672014,0.22774245764845946,0.22985533754393375,0.08259038136349346
2025-08-05,0.4129924662636988,0.2833174602330312,0.2664827632878868,0.10809314644704983
2025-08-06,0.35907637774628604,0.3060451354870076,0.28500148617956667,0.1826334854350394
2025-08-07,0.37511555050664086,0.32676625999289755,0.3030242990449815,0.208620405649064
2025-08-08,0.3471450815425703,0.33287990645779936,0.31184845554449925,0.17483339500190181
2025-08-09,0.1214763176810476,0.2694588298247738,0.27377402797180894,
2025-08-10,0.21171220040341396,0.25213484099836586,0.26136166245813,
2025-08-11,0.43602087263563516,0.30730065048954663,0.296293504493631,0.08508682032227773
2025-08-12,0.35250577089768015,0.3208621866119867,0.30753595777444087,0.13304381499551043
2025-08-13,0.4064005969417958,0.3465237097109294,0.3273088856079119,0.17799882354352378
2025-08-14,0.38377466521332215,0.3576989963616472,0.338602041528994,0.18801072779118383
2025-08-15,0.42969787402223025,0.3792986596598221,0.3568212080276413,0.12522783299502213
2025-08-16,0.010990717625322414,0.2688062770494722,0.2876551099471775,
2025-08-17,0.0838932925583543,0.2133323817021368,0.2469027464694129,
2025-08-18,0.5080942614325161,0.3017609456212506,0.29914104946203357,0.1748743126574423
2025-08-19,0.34118301491466685,0.3135875664092755,0.3075494425525602,0.16956063032671503
2025-08-20,0.3509654853459414,0.3248009420902752,0.3162326511112365,0.1822891487234753
2025-08-21,0.3657238446667515,0.3370778128632181,0.3261308898223395,0.16539829545851908
2025-08-22,0.44579645100642334,0.36969340430617964,0.3500640020591563,0.12692588226436965
2025-08-23,0.1775754230155934,0.3120580099190038,0.31556628625044375,
2025-08-24,0.19277414354076097,0.2762728500055309,0.2910078577085072,
2025-08-25,0.5864261055112596,0.3693188266572495,0.3500915072690577,0.1340771030989431
2025-08-26,0.2875198030592622,0.3447791195778533,0.33757716642709856,0.20292108219076233
2025-08-27,0.3789714339610628,0.35503681389281616,0.3458560199338914,0.0691142040195155
2025-08-28,0.36565654888718774,0.3582227343911276,0.3498161257245507,0.02632619147110036
2025-08-29,0.45468739433246746,0.3871621323735296,0.3707903794461341,0.08873063702358791
2025-08-30,0.16409429523500277,0.3202417812319715,0.32945116260390783,
2025-08-31,0.3523866027316933,0.32988522768188805,0.3340382506294649,
2025-09-01,0.49878619340444474,0.380555517398655,0.3669878391844609,0.17605896696823345
2025-09-02,0.3770966930799697,0.3795178701030494,0.36900960996356263,0.36142177797228214
2025-09-03,0.3733053642032951,0.37765411833312307,0.36986876081150916,0.2124360770085828
2025-09-04,0.18583882448389455,0.3201095301783545,0.33306277354598623,0.21948396144363716
2025-09-05,0.45910864713914085,0.36180926526659035,0.35827194826461717,0.17805558458239004
2025-09-06,0.07789843141030217,0.2766360151097039,0.30219724489375416,
2025-09-07,0.06009537052665919,0.2116738217347905,0.25377687002033517,
2025-09-08,0.45437225685746574,0.28448335227159305,0.2938959473877613,0.13285455931174128
2025-09-09,0.40843454803266716,0.32166871099991523,0.3168036675167425,0.24002373429652246
2025-09-10,0.45624964135257823,0.3620429901057141,0.34469286228390966,0.18696170724089572
2025-09-11,0.4051875396700282,0.3749863549750083,0.3567917977611334,0.1923273040827516
2025-09-12,0.5168497159876562,0.41754536327880265,0.38880338140643794,0.20690068528872252
2025-09-13,0.21490764789570907,0.35675404866387456,0.3540242347042922,
2025-09-14,0.16549020286824478,0.2993748949251856,0.3163174283370827,
2025-09-15,0.4848532409564807,0.3550183987345741,0.3500245908609623,0.1588551227603406
2025-09-16,0.4612774453248222,0.3868961127116485,0.3722751617537343,0.2681032801224025
2025-09-17,0.4745765440139651,0.4132002421023434,0.3927354382057805,0.24693831158339555
2025-09-18,0.31258603314457456,0.38301597941501275,0.3767055571935393,0.2243908280470716
2025-09-19,0.28527066133042456,0.35369238398963626,0.35841857802091637,0.1858536782200465
2025-09-20,0.1742478270555774,0.2998590169094186,0.32158442782784863,
2025-09-21,0.1352859829270909,0.25048710671472024,0.2843247388476971,
2025-09-22,0.40021858751773837,0.2954065509556257,0.3075035085817054,0.15000128679267297
2025-09-23,0.3515342528718832,0.3122448615305029,0.316309657439741,0.3194191728646135
2025-09-24,0.42170351807107315,0.34508245849267394,0.33738842956600745,0.18699169160496423
2025-09-25,0.43948168417254646,0.37340222619663566,0.3578070804873153,0.19272843561682504
2025-09-26,0.3495313537534185,0.3662409644636705,0.356151935140536,0.1653107847691879
2025-09-27,0.12962022542898707,0.29525474275326546,0.31084559319822624,
2025-09-28,0.2981699579627411,0.29612930731610815,0.3083104661511292,
2025-09-29,0.4954924563794095,0.35593825203509855,0.3457468641967853,0.241870524819525
2025-09-30,0.4076815933773392,0.3714612544377707,0.35813381003289607,0.29291739884095314
2025-10-01,0.2770103173732588,0.3431259733184171,0.34190911150096864,0.1821015265332951
2025-10-02,0.24124933308428195,0.31256298124817655,0.3217771558176313,0.2092608554325629
2025-10-03,0.15630539932301818,0.265685706670629,0.28868280451870865,0.1620029868076582
2025-10-04,-0.006052209578406117,0.18416433179591846,0.2297358016992857,
2025-10-05,0.13528662680084652,0.16950102029739686,0.21084596671959788,
2025-10-06,0.26074340320686934,0.1968737351702386,0.2208254540170522,0.10826945243509462
2025-10-07,0.2460945141740118,0.21163996887137054,0.2258792660484441,0.21305908914783905
2025-10-08,0.2420599788246,0.22076597185733937,0.2291154086036753,0.03770926191161076
2025-10-09,0.49353524294610207,0.30259675318396817,0.2819993754721607,0.20400733084467645
2025-10-10,0.16639502797307087,0.261736235620699,0.25887850597234274,0.2624338717409866
2025-10-11,0.1188386541514116,0.21886696117991275,0.23087053560815654,
2025-10-12,0.092024320274439,0.18081416890827062,0.20310129254141304,
2025-10-13,0.4083741852065973,0.2490821737977686,0.24415587107444991,0.16558417271844922
2025-10-14,0.4120147801838067,0.29796195571358003,0.2777276528963213,0.3300560415577247
2025-10-15,0.41196968809457585,0.33216427542787874,0.3045760599359722,0.17582419781008626
2025-10-16,0.47329269193224527,0.3745028003791887,0.33831938633522685,0.32443738062144967
2025-10-17,0.20653207635205806,0.3241115831710495,0.3119619243385931,0.21698985607993224
2025-10-18,0.15160131692041265,0.2723585032958584,0.279889802854957,
2025-10-19,0.10684394644400508,0.2227041362403024,0.24528063157276664,
2025-10-20,0.49687441909732133,0.3049552210974081,0.2955993890776776,0.17401339950714484
2025-10-21,0.5078852367678693,0.3658342257985464,0.33805655861571593,0.20063478345985927
2025-10-22,0.36830743665341287,0.36657618905500633,0.34410673422325533,0.12636794596207593
2025-10-23,0.3129519652076332,0.3504889219007944,0.3378757804201309,0.18268383490725065
2025-10-24,0.542112669583572,0.40797604620562766,0.37872315825281916,0.19210459576930977
2025-10-25,0.12339237261995226,0.322600944129925,0.3276570011262458,
2025-10-26,0.24413595353074086,0.29906144695016973,0.3109527916071448,
2025-10-27,0.5169376797688195,0.3644243167957647,0.35214976923947977,0.14994707961843243
2025-10-28,0.4674545911633793,0.3953333991060491,0.37521073362425966,0.15285585385108147
2025-10-29,0.580866250537547,0.45099325453549843,0.4163418370069171,0.15710485146232073
2025-10-30,0.38254398398301864,0.43045847336975446,0.40958226640213746,0.08047592711787582
2025-10-31,0.46695771892080457,0.4414082470350694,0.4210573569058709,-0.031224976147330084
2025-11-01,0.18618020244375702,0.3648398336576757,0.37408192601344814,
2025-11-02,0.19482501240561695,0.31383538728205806,0.3382305432918819,
2025-11-03,0.41488625744357704,0.34415064833051373,0.35356168612222094,0.25160268542506503
2025-11-04,0.20601662622055403,0.3027104416975258,0.32405267414188754,0.2510787982616727
2025-11-05,0.23973556846930189,0.2838179797290586,0.30718925300737043,0.17418219812591293
2025-11-06,0.43298748973927287,0.3285688327321229,0.3323489003537509,0.22224501775781919
2025-11-07,0.2842814200584077,0.3152826089300083,0.3227354042946823,0.2464500249539215
2025-11-08,0.09538571111353716,0.24931353958506697,0.2772654656584533,
2025-11-09,0.13710692142499536,0.21565155413704548,0.24923375681176171,
2025-11-10,0.4543739703991367,0.2872682790156728,0.2902617995292367,0.18893571173284532
2025-11-11,0.3802423407080648,0.31516049752339037,0.30825790776500234,0.23393492216030054
2025-11-12,0.36075697593910255,0.32883944104810403,0.3187577213998224,0.17039661848231993
2025-11-13,0.43776331591805084,0.36151660350908804,0.34255884030346806,0.27680892338976265
2025-11-14,0.23227347427340936,0.3227436647383844,0.32050176709745637,0.24800341961911426
2025-11-15,0.0768490480831856,0.24897527974182473,0.27177122329460224,
2025-11-16,0.010469548358035475,0.17742356032668793,0.2195108883072889,
2025-11-17,0.33104408409625496,0.22350971745755804,0.24181752746508212,0.12584664818259228
2025-11-18,0.18562689079688147,0.21214486945935507,0.230579400131442,0.21536295681805193
2025-11-19,0.40073831952849515,0.26872290448009706,0.26461118401085265,0.2223032900038614
2025-11-20,0.35887518075013475,0.29576858736110834,0.2834639833587091,0.24065671369505143
2025-11-21,0.11165525682166323,0.24053458819927478,0.2491022380512999,0.24272103524406488
2025-11-22,0.18612373209898433,0.22421133136918764,0.2365065368608368,
2025-11-23,0.16296695363545546,0.20583801804906798,0.22179862021576058,
2025-11-24,0.37878978685455067,0.2577235486907128,0.2531968535435186,0.11005204022953825
2025-11-25,0.4263988242510697,0.3083261313588198,0.28783724768502883,0.2355747662302638
2025-11-26,0.37561309582625446,0.3285122206990502,0.30539241731327393,0.1976453827200255
2025-11-27,0.3036343181642877,0.32104884993862143,0.30504079748347673,0.19076321029656443
2025-11-28,0.391387897127817,0.3421505640953801,0.3223102174123448,0.2646768407901274
2025-11-29,0.10806413948957831,0.27192463671363953,0.27946100182779154,
2025-11-30,0.1344346769906181,0.23067764879673308,0.2504557368603568,
2025-12-01,0.4037361649727863,0.28259520364954904,0.2811118224828427,0.20914151436222597
2025-12-02,0.31748091554220553,0.29306091721734595,0.2883856410947153,0.22238794180245194
2025-12-03,0.289570029042867,0.29201365076500224,0.2886225186843457,0.23029288207264012
2025-12-04,0.3476826229275111,0.3087143424137549,0.3004345395329788,0.19734427099061944
2025-12-05,0.4186707676186428,0.3417012699752212,0.3240817851501116,0.23676708943540695
2025-12-06,0.0982183430227451,0.2686563918894784,0.2789090967246383,
2025-12-07,0.27720200259676264,0.2712200751016636,0.2785676778990632,
2025-12-08,0.4721631583204304,0.3315030000672936,0.3172867739833367,0.23394854311754398
2025-12-09,0.28411077138012913,0.31728533146114424,0.31065157346269523,0.1645752249794505
2025-12-10,0.4175304931354138,0.34735887996342507,0.33202735739723893,0.20446575986803675
2025-12-11,0.2505703636037396,0.3183223250555194,0.3157359586385391,0.1771047985922767
2025-12-12,0.37423572440184955,0.3350963448594184,0.3274359117912012,0.205416053205251
2025-12-13,0.0539195174969108,0.25074329665066614,0.2727326329323431,
2025-12-14,0.12309362494702503,0.21244839513957378,0.24280483133527953,
2025-12-15,0.3603987619469278,0.25683350518178,0.2663236174576092,0.16855154905889466
2025-12-16,0.25609623497887835,0.2566123241209095,0.26427814096186303,0.23851748579166424
2025-12-17,0.428988635464403,0.3083252175239576,0.297220239862371,0.1809143607914088
2025-12-18,0.35534556328854294,0.3224313212533332,0.3088453045476054,0.2423190739100172
2025-12-19,0.45119964537317275,0.36106181848928504,0.3373161727127189,0.2655392738133669
2025-12-20,0.13026133363243794,0.2918216730322309,0.2959052048966627,
2025-12-21,0.0771825847316634,0.2274299465420606,0.2521606808636629,
2025-12-22,0.5199473238527605,0.31518515973527056,0.3057180094614824,0.20644457934418545
2025-12-23,0.45473450104786156,0.3570499621290478,0.33552130777875827,0.2519993702588476
2025-12-24,0.42839035263400754,0.3784520792805357,0.3540951167498081,0.29689271691750146
2025-12-25,0.39000418180626667,0.381917710038255,0.3612769297610998,0.1944369690776362
2025-12-26,0.5836520813942209,0.44243802144504474,0.405751960087724,0.2513726823122086
2025-12-27,0.2039758404194869,0.37089936713737737,0.36539673615407664,
2025-12-28,0.22627354726504703,0.3275116211756782,0.3375720983762707,
2025-12-29,0.33272827028344243,0.32907661590800746,0.3366033327577051,0.282509315995281
2025-12-30,0.31434602563921255,0.32465743882736897,0.3321518713340066,0.1436290207873684
2025-12-31,0.2720315747381396,0.30886967960060013,0.3201278120148332,0.29691258105118007
2026-04-12,-0.0659607728724337,0.19642054385868996,0.24291009503737981,
2026-04-13,0.20076628539049213,0.1977242663182306,0.2344813331080023,-0.08067443401346588
2026-04-14,0.29182942163152703,0.2259558129122195,0.24595095081270724,0.11497531892947344
2026-04-15,0.3358748365836661,0.2589315200136535,0.263935727966899,0.18831248187674926
2026-04-16,0.3194060879125364,0.2770738903833183,0.2750297999560265,0.1287182283806017
2026-04-17,0.2986253019344777,0.2835393138486661,0.2797489003517168,0.11847542169925288
2026-04-18,0.13476215314763554,0.23890616563835693,0.25075155091090057,
2026-04-19,0.044174631185066725,0.18048670530236985,0.2094361669657338,
2026-04-20,0.31222721786286556,0.22000885907051854,0.22999437714516016,0.0013613789937549944
2026-04-21,0.26864224568489736,0.23459887505483218,0.2377239508531076,0.08447040293691374
2026-04-22,0.1675645708657649,0.21448858379811198,0.22369207485563908,0.11418491497578556
2026-04-23,0.22273064416136445,0.21696120190708773,0.22349978871678416,0.13252530001222418
2026-04-24,0.1685530126401302,0.20243874512700047,0.21251043350145338,-0.007218535878038651
2026-04-25,0.14404487920135423,0.18492058534930658,0.19881732264143356,
2026-04-26,-0.12647613555072046,0.09150156907929846,0.13375863100300278,
2026-04-27,0.4572115191805218,0.20121455410966543,0.19844920863850657,0.014958267666081262
2026-04-28,0.2993207865820265,0.23064642385137374,0.21862352422721057,-0.016458102515170363
2026-04-29,0.40708732974580814,0.28357869561970406,0.2563162853309301,-0.07632007990143212
2026-04-30,0.2964478636269078,0.28743944602186516,0.26434260099012563,-0.10175904094715947
2026-05-01,0.3158117469789377,0.29595113630898695,0.2746364301878881,0.15429577877229161
2026-05-02,0.009622695855796344,0.21005260417302976,0.22163368332146974,
2026-05-03,0.029510190819992732,0.15588988016711866,0.18320898482117434,
2026-05-04,0.09420172997377275,0.13738343510911488,0.16540753385169404,0.07267304834980495
2026-05-05,-0.1560489759351517,0.0493537117958349,0.10111623189432489,-0.06376418155984578
2026-05-06,0.38516198412174046,0.15009619349360656,0.15792538233980802,0.018987971921283077
2026-05-07,0.25593608670184376,0.1818481614560777,0.17752752321221515,0.1420788546879644
2026-05-08,0.068288831023352,0.14778036232625996,0.15567978477444253,0.05552328088322568
2026-05-09,0.15474769210019845,0.1498705612584415,0.15549336623959373,
2026-05-10,-0.07523066087712331,0.08234019461777205,0.10934856081625033,
2026-05-11,0.4092634977865792,0.18041718556841418,0.1693315482103161,0.06012185107803881
2026-05-12,0.21327678770390163,0.19027506620906043,0.1781205961090332,0.18002807842724625
2026-05-13,0.2646810115035884,0.2125968497974188,0.19543267918794424,0.07930966640930805
2026-05-14,0.2554565247482822,0.2254547522826778,0.20743744830001185,0.22144543923492413
2026-05-15,0.08689361502828696,0.18388641110636053,0.1833286816456669,0.1706849539183531
2026-05-16,0.16553969732485713,0.1783823969719095,0.17977088478150496,
2026-05-17,0.13650722621453676,0.16581984574469766,0.17111815306811134,
2026-05-18,0.13699785222210947,0.1571732476879212,0.16429409289891098,0.09070205279640306
2026-05-19,0.16173547505838654,0.1585419158990608,0.16378236933080612,0.14043194052771987
2026-05-20,0.23233077593516216,0.1806785739098912,0.17749205065167734,0.08174824818523962
2026-05-21,0.29407314456800493,0.2146969451073253,0.20080826943494284,0.14699702388456753
2026-05-22,0.3279362915582576,0.24866874904260497,0.2262338738596058,0.18417533828082489
2026-05-23,0.06741884108397025,0.19429377665501454,0.1944708673044787,
2026-05-24,-0.16220676229474146,0.08734361497008775,0.12313534138463467,
2026-05-25,0.3308884201172632,0.1604070565142404,0.16468595713116038,0.07108758365873304
2026-05-26,0.2836547156369725,0.19738135425106001,0.1884797088323228,0.14026859466680555
2026-05-27,0.28721605862822547,0.22433176556420964,0.20822697879150334,0.1976671616496254
2026-05-28,0.23217742579564352,0.22668546363363978,0.2130170681923314,0.11950789854869502
2026-05-29,0.29545955843993543,0.24731769207552845,0.22950556624185223,0.16385163604107683
2026-05-30,0.17793565966354016,0.22650308235193195,0.21919158492618984,
2026-05-31,0.012578540740327698,0.16232571986845068,0.17786897608901742,
2026-06-01,0.3791141718547041,0.2273622554643267,0.21811801524215474,0.13924610635552545
2026-06-02,0.2779307701370477,0.24253280986614298,0.23008056622113335,0.2209592742833781
2026-06-03,0.2397203203941001,0.2416890630245301,0.2320085170557267,0.2078353469100546
2026-06-04,0.1814778111496727,0.22362568746207287,0.22190237587451592,0.08649874848187437
2026-06-05,0.14107167128207265,0.1988594826080728,0.20573623495602728,0.14441919262495181
2026-06-06,-0.05460882142933421,0.1228189913968507,0.153667223678955,
2026-06-07,0.002012487949387535,0.08657704036261174,0.12333627653304151,
2026-06-08,-0.06698434900904382,0.04050862355111507,0.08527215142462445,0.01883108589413255
2026-06-09,0.2707839098080798,0.1095912094282045,0.12237450310131553,0.14731153433501087
2026-06-10,-0.0023584089737852688,0.07600632390760756,0.09742792068629538,0.16339839325130753
2026-06-11,0.054679669884462205,0.06960832770066394,0.08887827052592875,0.0980568616684315
2026-06-12,0.32318181184713135,0.14568037294460418,0.13573897879016927,0.0876918505892714
2026-06-13,0.0633264067971386,0.1209741831003645,0.12125646439156315,
2026-06-14,0.017444500717156357,0.08991527838540206,0.1004940716566818,
2026-06-15,0.3105356419831048,0.15610138746471286,0.1425023857219664,0.09070846962697184
2026-06-16,0.2601789901001686,0.18732466825534957,0.16603770659760686,0.2299097547435873
2026-06-17,0.3344886825732892,0.23147387255073143,0.19972790179274336,0.16694858562489165
2026-06-18,0.2023176726407916,0.22272701257774946,0.200245855962353,0.2580199347808957
2026-06-19,-0.002951272231841557,0.15502352713487216,0.1596064303235141,0.13797487705228442
2026-06-20,0.037665502447205755,0.11981611972857223,0.13521824474825242,
2026-06-21,-0.045187856321840476,0.07031492691344841,0.09913702453423386,
2026-06-22,0.2715933222470531,0.13069844551352983,0.13362828407679772,-0.0038700242894253527
2026-06-23,0.10102121080745032,0.12179527510170597,0.12710686942292823,0.24616843173136446
2026-06-24,0.28339871416456863,0.17027630682056477,0.15836523837125632,0.14442611521062743
2026-06-25,0.2394744174926583,0.1910357400221928,0.17458707419553673,0.10846563836756982
2026-06-26,0.08420101681178543,0.1589853230590706,0.15650986271878647,0.2574458114630493
2026-06-27,0.12679803065178585,0.14932913533688516,0.15056749630538635,
2026-06-28,-0.2064633436972582,0.04259139162664216,0.07916132830485745,
2026-06-29,0.2748217104983788,0.11226048728816315,0.11829340474356173,0.09508040342402009
2026-06-30,0.3289186650727775,0.17725794062354744,0.1604184568094049,0.1907865008663224
